This is pdfTeX, Version 3.141592653-2.6-1.40.25 (TeX Live 2023/Debian) (preloaded format=pdflatex)
 restricted \write18 enabled.
entering extended mode

(/var/www/clients/client1/web3/web/research-review-en/research/deposit/build/ma
nuscript-peer-review-ieee.tex
LaTeX2e <2023-11-01> patch level 1
L3 programming layer <2024-01-22>

(/var/www/clients/client1/web3/web/research-review-en/research/latex/vendor/IEE
Etran/IEEEtran.cls
Document Class: IEEEtran 2015/08/26 V1.8b by Michael Shell
-- See the "IEEEtran_HOWTO" manual for usage information.
-- http://www.michaelshell.org/tex/ieeetran/
(/usr/share/texlive/texmf-dist/tex/latex/psnfss/ot1ptm.fd)
** ATTENTION: Single column mode is not typically used with IEEE publications.
-- Using 8.5in x 11in (letter) paper.
-- Using PDF output.
-- This is an 11 point document.
) (/usr/share/texlive/texmf-dist/tex/latex/amsmath/amsmath.sty
For additional information on amsmath, use the `?' option.
(/usr/share/texlive/texmf-dist/tex/latex/amsmath/amstext.sty
(/usr/share/texlive/texmf-dist/tex/latex/amsmath/amsgen.sty))
(/usr/share/texlive/texmf-dist/tex/latex/amsmath/amsbsy.sty)
(/usr/share/texlive/texmf-dist/tex/latex/amsmath/amsopn.sty))
(/usr/share/texlive/texmf-dist/tex/latex/amsfonts/amssymb.sty
(/usr/share/texlive/texmf-dist/tex/latex/amsfonts/amsfonts.sty))
(/usr/share/texlive/texmf-dist/tex/generic/iftex/iftex.sty)
(/usr/share/texlive/texmf-dist/tex/latex/base/fontenc.sty
(/usr/share/texlive/texmf-dist/tex/latex/psnfss/t1ptm.fd))
(/usr/share/texlive/texmf-dist/tex/latex/base/inputenc.sty)
(/usr/share/texlive/texmf-dist/tex/latex/base/textcomp.sty)
(/usr/share/texmf/tex/latex/lm/lmodern.sty)
(/usr/share/texlive/texmf-dist/tex/latex/upquote/upquote.sty)
(/usr/share/texlive/texmf-dist/tex/latex/microtype/microtype.sty
(/usr/share/texlive/texmf-dist/tex/latex/graphics/keyval.sty)
(/usr/share/texlive/texmf-dist/tex/latex/etoolbox/etoolbox.sty)
(/usr/share/texlive/texmf-dist/tex/latex/microtype/microtype-pdftex.def)
(/usr/share/texlive/texmf-dist/tex/latex/microtype/microtype.cfg))
(/usr/share/texlive/texmf-dist/tex/latex/parskip/parskip.sty
(/usr/share/texlive/texmf-dist/tex/latex/kvoptions/kvoptions.sty
(/usr/share/texlive/texmf-dist/tex/generic/ltxcmds/ltxcmds.sty)
(/usr/share/texlive/texmf-dist/tex/latex/kvsetkeys/kvsetkeys.sty)))
(/usr/share/texlive/texmf-dist/tex/latex/xcolor/xcolor.sty
(/usr/share/texlive/texmf-dist/tex/latex/graphics-cfg/color.cfg)
(/usr/share/texlive/texmf-dist/tex/latex/graphics-def/pdftex.def)
(/usr/share/texlive/texmf-dist/tex/latex/graphics/mathcolor.ltx))
(/usr/share/texlive/texmf-dist/tex/latex/listings/listings.sty
(/usr/share/texlive/texmf-dist/tex/latex/listings/lstmisc.sty)
(/usr/share/texlive/texmf-dist/tex/latex/listings/listings.cfg))
(/usr/share/texlive/texmf-dist/tex/latex/tools/longtable.sty)
(/usr/share/texlive/texmf-dist/tex/latex/booktabs/booktabs.sty)
(/usr/share/texlive/texmf-dist/tex/latex/tools/array.sty)
(/usr/share/texlive/texmf-dist/tex/latex/tools/calc.sty)
(/usr/share/texlive/texmf-dist/tex/latex/footnotehyper/footnotehyper.sty)
(/usr/share/texlive/texmf-dist/tex/latex/graphics/graphicx.sty
(/usr/share/texlive/texmf-dist/tex/latex/graphics/graphics.sty
(/usr/share/texlive/texmf-dist/tex/latex/graphics/trig.sty)
(/usr/share/texlive/texmf-dist/tex/latex/graphics-cfg/graphics.cfg)))
(/usr/share/texlive/texmf-dist/tex/latex/base/fontenc.sty
(/usr/share/texmf/tex/latex/lm/t1lmr.fd))
(/usr/share/texlive/texmf-dist/tex/latex/listingsutf8/listingsutf8.sty
(/usr/share/texlive/texmf-dist/tex/generic/pdftexcmds/pdftexcmds.sty
(/usr/share/texlive/texmf-dist/tex/generic/infwarerr/infwarerr.sty))
(/usr/share/texlive/texmf-dist/tex/generic/stringenc/stringenc.sty
(/usr/share/texlive/texmf-dist/tex/generic/pdfescape/pdfescape.sty)))
(/usr/share/texlive/texmf-dist/tex/latex/xurl/xurl.sty
(/usr/share/texlive/texmf-dist/tex/latex/url/url.sty))
(/usr/share/texlive/texmf-dist/tex/latex/adjustbox/adjustbox.sty
(/usr/share/texlive/texmf-dist/tex/latex/xkeyval/xkeyval.sty
(/usr/share/texlive/texmf-dist/tex/generic/xkeyval/xkeyval.tex
(/usr/share/texlive/texmf-dist/tex/generic/xkeyval/xkvutils.tex)))
(/usr/share/texlive/texmf-dist/tex/latex/adjustbox/adjcalc.sty)
(/usr/share/texlive/texmf-dist/tex/latex/adjustbox/trimclip.sty
(/usr/share/texlive/texmf-dist/tex/latex/collectbox/collectbox.sty)
(/usr/share/texlive/texmf-dist/tex/latex/adjustbox/tc-pdftex.def))
(/usr/share/texlive/texmf-dist/tex/latex/ifoddpage/ifoddpage.sty)
(/usr/share/texlive/texmf-dist/tex/latex/varwidth/varwidth.sty))
(/usr/share/texlive/texmf-dist/tex/latex/pdflscape/pdflscape.sty
(/usr/share/texlive/texmf-dist/tex/latex/pdflscape/pdflscape-nometadata.sty
(/usr/share/texlive/texmf-dist/tex/latex/graphics/lscape.sty)))
(/usr/share/texlive/texmf-dist/tex/latex/tools/tabularx.sty)
(/usr/share/texlive/texmf-dist/tex/latex/ragged2e/ragged2e.sty)
(/usr/share/texlive/texmf-dist/tex/latex/seqsplit/seqsplit.sty)
(/usr/share/texlive/texmf-dist/tex/latex/bookmark/bookmark.sty
(/usr/share/texlive/texmf-dist/tex/latex/hyperref/hyperref.sty
(/usr/share/texlive/texmf-dist/tex/generic/kvdefinekeys/kvdefinekeys.sty)
(/usr/share/texlive/texmf-dist/tex/latex/hycolor/hycolor.sty)
(/usr/share/texlive/texmf-dist/tex/latex/auxhook/auxhook.sty)
(/usr/share/texlive/texmf-dist/tex/latex/hyperref/nameref.sty
(/usr/share/texlive/texmf-dist/tex/latex/refcount/refcount.sty)
(/usr/share/texlive/texmf-dist/tex/generic/gettitlestring/gettitlestring.sty))
(/usr/share/texlive/texmf-dist/tex/latex/hyperref/pd1enc.def)
(/usr/share/texlive/texmf-dist/tex/generic/intcalc/intcalc.sty)
(/usr/share/texlive/texmf-dist/tex/latex/hyperref/puenc.def)
(/usr/share/texlive/texmf-dist/tex/generic/bitset/bitset.sty
(/usr/share/texlive/texmf-dist/tex/generic/bigintcalc/bigintcalc.sty))
(/usr/share/texlive/texmf-dist/tex/latex/base/atbegshi-ltx.sty))
(/usr/share/texlive/texmf-dist/tex/latex/hyperref/hpdftex.def
(/usr/share/texlive/texmf-dist/tex/latex/base/atveryend-ltx.sty)
(/usr/share/texlive/texmf-dist/tex/latex/rerunfilecheck/rerunfilecheck.sty
(/usr/share/texlive/texmf-dist/tex/generic/uniquecounter/uniquecounter.sty)))
(/usr/share/texlive/texmf-dist/tex/latex/bookmark/bkm-pdftex.def))
(/usr/share/texlive/texmf-dist/tex/latex/l3backend/l3backend-pdftex.def)
(/var/www/clients/client1/web3/web/research-review-en/research/deposit/build/ma
nuscript-peer-review-ieee.aux)
-- Lines per column: 52 (exact).
(/usr/share/texlive/texmf-dist/tex/latex/microtype/mt-cmr.cfg)
(/usr/share/texlive/texmf-dist/tex/context/base/mkii/supp-pdf.mkii
[Loading MPS to PDF converter (version 2006.09.02).]
) (/usr/share/texlive/texmf-dist/tex/latex/epstopdf-pkg/epstopdf-base.sty
(/usr/share/texlive/texmf-dist/tex/latex/latexconfig/epstopdf-sys.cfg))
(/usr/share/texmf/tex/latex/lm/ts1lmr.fd)
(/usr/share/texmf/tex/latex/lm/t1lmtt.fd)
(/usr/share/texmf/tex/latex/lm/ot1lmr.fd)
(/usr/share/texmf/tex/latex/lm/omllmm.fd)
(/usr/share/texmf/tex/latex/lm/omslmsy.fd)
(/usr/share/texmf/tex/latex/lm/omxlmex.fd)
(/usr/share/texlive/texmf-dist/tex/latex/amsfonts/umsa.fd)
(/usr/share/texlive/texmf-dist/tex/latex/microtype/mt-msa.cfg)
(/usr/share/texlive/texmf-dist/tex/latex/amsfonts/umsb.fd)
(/usr/share/texlive/texmf-dist/tex/latex/microtype/mt-msb.cfg) [0{/var/lib/texm
f/fonts/map/pdftex/updmap/pdftex.map}{/usr/share/texmf/fonts/enc/dvips/lm/lm-ec
.enc}{/usr/share/texmf/fonts/enc/dvips/lm/lm-ts1.enc}{/usr/share/texmf/fonts/en
c/dvips/lm/lm-rm.enc}{/usr/share/texmf/fonts/enc/dvips/lm/lm-mathit.enc}]
[1] [2 <./research/peer-review/figures-png/fig01-paradigm-shift.png> <./researc
h/peer-review/figures-png/fig06-benchmark-freshness.png>]
Underfull \hbox (badness 10000) in paragraph at lines 471--477


Underfull \hbox (badness 10000) in paragraph at lines 477--480

[3{/usr/share/texmf/fonts/enc/dvips/lm/lm-mathsy.enc} <./research/peer-review/f
igures-png/fig02-system-architecture.png>]
Underfull \hbox (badness 2213) in paragraph at lines 516--520
[]\T1/lmr/m/n/11 (+20) Let $[][] \OT1/lmr/m/n/11 (+20) = []([]\OML/lmm/m/it/11 
; \OT1/lmr/m/n/11 (+20) 0\OML/lmm/m/it/11 ; \OT1/lmr/m/n/11 (+20) 100)$\T1/lmr/
m/n/11 (+20) . With di-rec-tion flag ``higher raw is worse'', $[][] \OT1/lmr/m/
n/11 (+20) =
[4{/usr/share/texmf/fonts/enc/dvips/lm/lm-mathex.enc}]
(/usr/share/texmf/tex/latex/lm/ts1lmtt.fd) [5]
Underfull \hbox (badness 10000) in paragraph at lines 710--718
\T1/lmr/m/n/11 (+20) to the Layer[]4 keys $[]$, $[]$,
[6 <./research/peer-review/figures-png/fig03-nfsi-layers.png>]
Underfull \hbox (badness 10000) in alignment at lines 778--788
[] [] []

Underfull \hbox (badness 10000) in alignment at lines 788--790
[] [] []

Underfull \hbox (badness 10000) in alignment at lines 790--797
[] [] []
[7 <./research/peer-review/figures-png/fig05-stress-fault-tree.png>]
Underfull \hbox (badness 10000) in paragraph at lines 962--966
[][][][][][][][][][][][][][][][][][][][][][][][][][][][][][][][][][][][][][][][
][][][][][][]\T1/lmr/m/n/11 (+20) )
[8]
Underfull \hbox (badness 10000) in alignment at lines 976--986
[] [] []

Underfull \hbox (badness 10000) in alignment at lines 986--988
[] [] []

Underfull \hbox (badness 10000) in alignment at lines 988--1007
[] [] []

Overfull \hbox (6.3263pt too wide) in alignment at lines 1051--1054
[] [] [] [] [] []

Underfull \hbox (badness 10000) in paragraph at lines 1055--1055
[]|\T1/lmr/m/n/9 (+20) ACLED-style event fields

Underfull \hbox (badness 10000) in paragraph at lines 1055--1055
\T1/lmr/m/n/9 (+20) (\T1/lmtt/m/n/9 fatalities \T1/lmr/m/n/9 (+20) + event-type


Underfull \hbox (badness 2042) in paragraph at lines 1055--1056
[]|\T1/lmr/m/n/9 (+20) ACLED / fil-tered, ag-gre-

Underfull \hbox (badness 10000) in paragraph at lines 1056--1056
[]|\T1/lmr/m/n/9 (+20) ACLED-style event fields

Underfull \hbox (badness 10000) in paragraph at lines 1056--1056
\T1/lmr/m/n/9 (+20) (\T1/lmtt/m/n/9 fatalities \T1/lmr/m/n/9 (+20) + event-type


Underfull \hbox (badness 2042) in paragraph at lines 1056--1057
[]|\T1/lmr/m/n/9 (+20) ACLED / fil-tered, ag-gre-

Underfull \hbox (badness 2689) in paragraph at lines 1061--1062
[]|\T1/lmr/m/n/9 (+20) Cloudflare Terms of Use;

Underfull \hbox (badness 2689) in paragraph at lines 1063--1064
[]|\T1/lmr/m/n/9 (+20) Cloudflare Terms of Use;

Underfull \hbox (badness 2818) in paragraph at lines 1067--1067
[]|\T1/lmtt/m/n/9 value \T1/lmr/m/n/9 (+20) field for WB in-di-ca-tor

Underfull \hbox (badness 2818) in paragraph at lines 1068--1068
[]|\T1/lmtt/m/n/9 value \T1/lmr/m/n/9 (+20) field for WB in-di-ca-tor

Underfull \hbox (badness 2818) in paragraph at lines 1069--1069
[]|\T1/lmtt/m/n/9 value \T1/lmr/m/n/9 (+20) field for WB in-di-ca-tor

Underfull \hbox (badness 2818) in paragraph at lines 1070--1070
[]|\T1/lmtt/m/n/9 value \T1/lmr/m/n/9 (+20) field for WB in-di-ca-tor

Underfull \hbox (badness 2818) in paragraph at lines 1073--1073
[]|\T1/lmtt/m/n/9 value \T1/lmr/m/n/9 (+20) field for WB in-di-ca-tor

Underfull \hbox (badness 2818) in paragraph at lines 1074--1074
[]|\T1/lmtt/m/n/9 value \T1/lmr/m/n/9 (+20) field for WB in-di-ca-tor

Underfull \hbox (badness 2818) in paragraph at lines 1075--1075
[]|\T1/lmtt/m/n/9 value \T1/lmr/m/n/9 (+20) field for WB in-di-ca-tor

Underfull \hbox (badness 2818) in paragraph at lines 1076--1076
[]|\T1/lmtt/m/n/9 value \T1/lmr/m/n/9 (+20) field for WB in-di-ca-tor

Underfull \hbox (badness 2818) in paragraph at lines 1077--1077
[]|\T1/lmtt/m/n/9 value \T1/lmr/m/n/9 (+20) field for WB in-di-ca-tor

Underfull \hbox (badness 2818) in paragraph at lines 1078--1078
[]|\T1/lmtt/m/n/9 value \T1/lmr/m/n/9 (+20) field for WB in-di-ca-tor

Underfull \hbox (badness 2818) in paragraph at lines 1079--1079
[]|\T1/lmtt/m/n/9 value \T1/lmr/m/n/9 (+20) field for WB in-di-ca-tor

Underfull \hbox (badness 2818) in paragraph at lines 1080--1080
[]|\T1/lmtt/m/n/9 value \T1/lmr/m/n/9 (+20) field for WB in-di-ca-tor

Underfull \hbox (badness 2818) in paragraph at lines 1081--1081
[]|\T1/lmtt/m/n/9 value \T1/lmr/m/n/9 (+20) field for WB in-di-ca-tor

Underfull \hbox (badness 2818) in paragraph at lines 1082--1082
[]|\T1/lmtt/m/n/9 value \T1/lmr/m/n/9 (+20) field for WB in-di-ca-tor

Underfull \hbox (badness 2818) in paragraph at lines 1083--1083
[]|\T1/lmtt/m/n/9 value \T1/lmr/m/n/9 (+20) field for WB in-di-ca-tor

Underfull \hbox (badness 2818) in paragraph at lines 1084--1084
[]|\T1/lmtt/m/n/9 value \T1/lmr/m/n/9 (+20) field for WB in-di-ca-tor

Underfull \hbox (badness 10000) in paragraph at lines 1087--1088
[]|\T1/lmr/m/n/9 (+20) GDACS Terms of Use;

Underfull \hbox (badness 10000) in paragraph at lines 1088--1089
[]|\T1/lmr/m/n/9 (+20) Refer to Source Link;

Underfull \hbox (badness 10000) in paragraph at lines 1089--1090
[]|\T1/lmr/m/n/9 (+20) Refer to Source Link;

Underfull \hbox (badness 10000) in paragraph at lines 1090--1091
[]|\T1/lmr/m/n/9 (+20) Refer to Source Link;

Underfull \hbox (badness 10000) in paragraph at lines 1091--1092
[]|\T1/lmr/m/n/9 (+20) Refer to Source Link;

Underfull \hbox (badness 10000) in paragraph at lines 1092--1093
[]|\T1/lmr/m/n/9 (+20) Refer to Source Link;

Underfull \hbox (badness 10000) in paragraph at lines 1093--1094
[]|\T1/lmr/m/n/9 (+20) Refer to Source Link;

Underfull \hbox (badness 5475) in paragraph at lines 1094--1095
\T1/lmr/m/n/9 (+20) - Pub-lic Do-main (DOJ);

Underfull \hbox (badness 10000) in paragraph at lines 1097--1098
[]|\T1/lmr/m/n/9 (+20) Internal pro-cess-ing for

Underfull \hbox (badness 10000) in paragraph at lines 1097--1098
\T1/lmr/m/n/9 (+20) Na-tion-Files In-tel-li-gence;

Overfull \hbox (2.82463pt too wide) in paragraph at lines 1099--1099
[]|\T1/lmr/m/n/9 (-20) NfRawNewsSignalsEventRisk| 

Underfull \hbox (badness 10000) in paragraph at lines 1102--1103
[]|\T1/lmr/m/n/9 (+20) Refer to Source Link;

Underfull \hbox (badness 10000) in paragraph at lines 1103--1104
[]|\T1/lmr/m/n/9 (+20) Refer to Source Link;

Underfull \hbox (badness 10000) in paragraph at lines 1104--1105
[]|\T1/lmr/m/n/9 (+20) U.S. Gov-ern-ment Work;

Overfull \hbox (39.95456pt too wide) in paragraph at lines 1106--1106
[]|\T1/lmr/m/n/9 (-20) warning,partial_warning,situation_warning| 

Underfull \hbox (badness 10000) in paragraph at lines 1106--1107
[]|\T1/lmr/m/n/9 (+20) Refer to Source Link;

Underfull \hbox (badness 10000) in paragraph at lines 1107--1108
[]|\T1/lmr/m/n/9 (+20) Refer to Source Link;

Underfull \hbox (badness 10000) in paragraph at lines 1109--1110
[]|\T1/lmr/m/n/9 (+20) USGS Pub-lic Do-main;

Underfull \hbox (badness 10000) in paragraph at lines 1110--1111
[]|\T1/lmr/m/n/9 (+20) Refer to repos-i-tory;

Overfull \hbox (6.3263pt too wide) in alignment at lines 1054--1111
[] [] [] [] [] []
[9] [10] [11]
Underfull \hbox (badness 10000) in paragraph at lines 1139--1142


Underfull \hbox (badness 10000) in paragraph at lines 1142--1145

[12]
Overfull \hbox (8.75752pt too wide) in paragraph at lines 1363--1363
[]|[] 
[13]
Underfull \hbox (badness 10000) in alignment at lines 1418--1422
[] [] []

Underfull \hbox (badness 10000) in alignment at lines 1422--1424
[] [] []

Underfull \hbox (badness 10000) in alignment at lines 1424--1427
[] [] []

Underfull \hbox (badness 10000) in alignment at lines 1460--1470
[] [] []

Underfull \hbox (badness 10000) in alignment at lines 1470--1472
[] [] []

Underfull \hbox (badness 10000) in alignment at lines 1472--1479
[] [] []

Underfull \hbox (badness 10000) in alignment at lines 1499--1509
[] [] []

Underfull \hbox (badness 10000) in alignment at lines 1509--1511
[] [] []

Underfull \hbox (badness 10000) in alignment at lines 1511--1518
[] [] []
[14]
Underfull \hbox (badness 10000) in alignment at lines 1538--1552
[] [] [] [] []

Underfull \hbox (badness 10000) in alignment at lines 1552--1554
[] [] [] [] []

Underfull \hbox (badness 10000) in alignment at lines 1554--1570
[] [] [] [] []
[15] [16 <./research/peer-review/figures-png/fig08-sensitivity-mean-abs.png>]
[17] [18] [19] [20] [21] [22]
Overfull \hbox (7.6778pt too wide) in alignment at lines 2364--2367
[] [] [] []

Overfull \hbox (7.6778pt too wide) in alignment at lines 2367--2381
[] [] [] []

Overfull \hbox (7.6778pt too wide) in alignment at lines 2393--2396
[] [] [] []

Overfull \hbox (7.6778pt too wide) in alignment at lines 2396--2417
[] [] [] []
[23]
Overfull \hbox (7.6778pt too wide) in alignment at lines 2429--2432
[] [] [] []

Overfull \hbox (7.6778pt too wide) in alignment at lines 2432--2437
[] [] [] []
[24] [25]
Underfull \hbox (badness 10000) in alignment at lines 2561--2571
[] [] []

Underfull \hbox (badness 10000) in alignment at lines 2571--2573
[] [] []

Underfull \hbox (badness 10000) in alignment at lines 2573--2591
[] [] []
[26]
Underfull \hbox (badness 10000) in alignment at lines 2626--2636
[] [] []

Underfull \hbox (badness 10000) in alignment at lines 2636--2638
[] [] []

Overfull \hbox (46.92517pt too wide) in paragraph at lines 2669--2670
[][] 

Overfull \hbox (28.0252pt too wide) in paragraph at lines 2703--2704
[][] 

Overfull \hbox (42.20018pt too wide) in paragraph at lines 2706--2707
[][] 

Overfull \hbox (9.12524pt too wide) in paragraph at lines 2709--2710
[][] 

Overfull \hbox (9.12524pt too wide) in paragraph at lines 2712--2713
[][] 

Overfull \hbox (42.20018pt too wide) in paragraph at lines 2752--2753
[][] 

Overfull \hbox (18.57523pt too wide) in paragraph at lines 2755--2756
[][] 

Overfull \hbox (18.57523pt too wide) in paragraph at lines 2758--2759
[][] 

Overfull \hbox (32.7502pt too wide) in paragraph at lines 2761--2762
[][] 

Underfull \hbox (badness 10000) in alignment at lines 2638--2778
[] [] []
[27] [28] [29]
(/var/www/clients/client1/web3/web/research-review-en/research/deposit/build/ma
nuscript-peer-review-ieee.aux) )
(see the transcript file for additional information)</usr/share/texmf/fonts/typ
e1/public/lm/lmbx12.pfb></usr/share/texmf/fonts/type1/public/lm/lmbx9.pfb></usr
/share/texmf/fonts/type1/public/lm/lmbxi10.pfb></usr/share/texmf/fonts/type1/pu
blic/lm/lmcsc10.pfb></usr/share/texmf/fonts/type1/public/lm/lmex10.pfb></usr/sh
are/texmf/fonts/type1/public/lm/lmmi12.pfb></usr/share/texmf/fonts/type1/public
/lm/lmmi6.pfb></usr/share/texmf/fonts/type1/public/lm/lmmi8.pfb></usr/share/tex
mf/fonts/type1/public/lm/lmmi9.pfb></usr/share/texmf/fonts/type1/public/lm/lmr1
2.pfb></usr/share/texmf/fonts/type1/public/lm/lmr17.pfb></usr/share/texmf/fonts
/type1/public/lm/lmr6.pfb></usr/share/texmf/fonts/type1/public/lm/lmr8.pfb></us
r/share/texmf/fonts/type1/public/lm/lmr9.pfb></usr/share/texmf/fonts/type1/publ
ic/lm/lmri12.pfb></usr/share/texmf/fonts/type1/public/lm/lmsy10.pfb></usr/share
/texmf/fonts/type1/public/lm/lmsy6.pfb></usr/share/texmf/fonts/type1/public/lm/
lmsy8.pfb></usr/share/texmf/fonts/type1/public/lm/lmsy9.pfb></usr/share/texmf/f
onts/type1/public/lm/lmtk10.pfb></usr/share/texmf/fonts/type1/public/lm/lmtt12.
pfb></usr/share/texmf/fonts/type1/public/lm/lmtt9.pfb></usr/share/texmf/fonts/t
ype1/public/lm/lmtti10.pfb>
Output written on /var/www/clients/client1/web3/web/research-review-en/research
/deposit/build/manuscript-peer-review-ieee.pdf (30 pages, 759610 bytes).
Transcript written on /var/www/clients/client1/web3/web/research-review-en/rese
arch/deposit/build/manuscript-peer-review-ieee.log.
This is pdfTeX, Version 3.141592653-2.6-1.40.25 (TeX Live 2023/Debian) (preloaded format=pdflatex)
 restricted \write18 enabled.
entering extended mode

(/var/www/clients/client1/web3/web/research-review-en/research/deposit/build/ma
nuscript-peer-review-ieee.tex
LaTeX2e <2023-11-01> patch level 1
L3 programming layer <2024-01-22>

(/var/www/clients/client1/web3/web/research-review-en/research/latex/vendor/IEE
Etran/IEEEtran.cls
Document Class: IEEEtran 2015/08/26 V1.8b by Michael Shell
-- See the "IEEEtran_HOWTO" manual for usage information.
-- http://www.michaelshell.org/tex/ieeetran/
(/usr/share/texlive/texmf-dist/tex/latex/psnfss/ot1ptm.fd)
** ATTENTION: Single column mode is not typically used with IEEE publications.
-- Using 8.5in x 11in (letter) paper.
-- Using PDF output.
-- This is a 10 point document.
) (/usr/share/texlive/texmf-dist/tex/latex/amsmath/amsmath.sty
For additional information on amsmath, use the `?' option.
(/usr/share/texlive/texmf-dist/tex/latex/amsmath/amstext.sty
(/usr/share/texlive/texmf-dist/tex/latex/amsmath/amsgen.sty))
(/usr/share/texlive/texmf-dist/tex/latex/amsmath/amsbsy.sty)
(/usr/share/texlive/texmf-dist/tex/latex/amsmath/amsopn.sty))
(/usr/share/texlive/texmf-dist/tex/latex/amsfonts/amssymb.sty
(/usr/share/texlive/texmf-dist/tex/latex/amsfonts/amsfonts.sty))
(/usr/share/texlive/texmf-dist/tex/generic/iftex/iftex.sty)
(/usr/share/texlive/texmf-dist/tex/latex/base/fontenc.sty
(/usr/share/texlive/texmf-dist/tex/latex/psnfss/t1ptm.fd))
(/usr/share/texlive/texmf-dist/tex/latex/base/inputenc.sty)
(/usr/share/texlive/texmf-dist/tex/latex/base/textcomp.sty)
(/usr/share/texmf/tex/latex/lm/lmodern.sty)
(/usr/share/texlive/texmf-dist/tex/latex/upquote/upquote.sty)
(/usr/share/texlive/texmf-dist/tex/latex/microtype/microtype.sty
(/usr/share/texlive/texmf-dist/tex/latex/graphics/keyval.sty)
(/usr/share/texlive/texmf-dist/tex/latex/etoolbox/etoolbox.sty)
(/usr/share/texlive/texmf-dist/tex/latex/microtype/microtype-pdftex.def)
(/usr/share/texlive/texmf-dist/tex/latex/microtype/microtype.cfg))
(/usr/share/texlive/texmf-dist/tex/latex/parskip/parskip.sty
(/usr/share/texlive/texmf-dist/tex/latex/kvoptions/kvoptions.sty
(/usr/share/texlive/texmf-dist/tex/generic/ltxcmds/ltxcmds.sty)
(/usr/share/texlive/texmf-dist/tex/latex/kvsetkeys/kvsetkeys.sty)))
(/usr/share/texlive/texmf-dist/tex/latex/xcolor/xcolor.sty
(/usr/share/texlive/texmf-dist/tex/latex/graphics-cfg/color.cfg)
(/usr/share/texlive/texmf-dist/tex/latex/graphics-def/pdftex.def)
(/usr/share/texlive/texmf-dist/tex/latex/graphics/mathcolor.ltx))
(/usr/share/texlive/texmf-dist/tex/latex/listings/listings.sty
(/usr/share/texlive/texmf-dist/tex/latex/listings/lstmisc.sty)
(/usr/share/texlive/texmf-dist/tex/latex/listings/listings.cfg))
(/usr/share/texlive/texmf-dist/tex/latex/tools/longtable.sty)
(/usr/share/texlive/texmf-dist/tex/latex/booktabs/booktabs.sty)
(/usr/share/texlive/texmf-dist/tex/latex/tools/array.sty)
(/usr/share/texlive/texmf-dist/tex/latex/tools/calc.sty)
(/usr/share/texlive/texmf-dist/tex/latex/footnotehyper/footnotehyper.sty)
(/usr/share/texlive/texmf-dist/tex/latex/graphics/graphicx.sty
(/usr/share/texlive/texmf-dist/tex/latex/graphics/graphics.sty
(/usr/share/texlive/texmf-dist/tex/latex/graphics/trig.sty)
(/usr/share/texlive/texmf-dist/tex/latex/graphics-cfg/graphics.cfg)))
(/usr/share/texlive/texmf-dist/tex/latex/base/fontenc.sty
(/usr/share/texmf/tex/latex/lm/t1lmr.fd))
(/usr/share/texlive/texmf-dist/tex/latex/listingsutf8/listingsutf8.sty
(/usr/share/texlive/texmf-dist/tex/generic/pdftexcmds/pdftexcmds.sty
(/usr/share/texlive/texmf-dist/tex/generic/infwarerr/infwarerr.sty))
(/usr/share/texlive/texmf-dist/tex/generic/stringenc/stringenc.sty
(/usr/share/texlive/texmf-dist/tex/generic/pdfescape/pdfescape.sty)))
(/usr/share/texlive/texmf-dist/tex/latex/xurl/xurl.sty
(/usr/share/texlive/texmf-dist/tex/latex/url/url.sty))
(/usr/share/texlive/texmf-dist/tex/latex/adjustbox/adjustbox.sty
(/usr/share/texlive/texmf-dist/tex/latex/xkeyval/xkeyval.sty
(/usr/share/texlive/texmf-dist/tex/generic/xkeyval/xkeyval.tex
(/usr/share/texlive/texmf-dist/tex/generic/xkeyval/xkvutils.tex)))
(/usr/share/texlive/texmf-dist/tex/latex/adjustbox/adjcalc.sty)
(/usr/share/texlive/texmf-dist/tex/latex/adjustbox/trimclip.sty
(/usr/share/texlive/texmf-dist/tex/latex/collectbox/collectbox.sty)
(/usr/share/texlive/texmf-dist/tex/latex/adjustbox/tc-pdftex.def))
(/usr/share/texlive/texmf-dist/tex/latex/ifoddpage/ifoddpage.sty)
(/usr/share/texlive/texmf-dist/tex/latex/varwidth/varwidth.sty))
(/usr/share/texlive/texmf-dist/tex/latex/pdflscape/pdflscape.sty
(/usr/share/texlive/texmf-dist/tex/latex/pdflscape/pdflscape-nometadata.sty
(/usr/share/texlive/texmf-dist/tex/latex/graphics/lscape.sty)))
(/usr/share/texlive/texmf-dist/tex/latex/tools/tabularx.sty)
(/usr/share/texlive/texmf-dist/tex/latex/ragged2e/ragged2e.sty)
(/usr/share/texlive/texmf-dist/tex/latex/bookmark/bookmark.sty
(/usr/share/texlive/texmf-dist/tex/latex/hyperref/hyperref.sty
(/usr/share/texlive/texmf-dist/tex/generic/kvdefinekeys/kvdefinekeys.sty)
(/usr/share/texlive/texmf-dist/tex/latex/hycolor/hycolor.sty)
(/usr/share/texlive/texmf-dist/tex/latex/auxhook/auxhook.sty)
(/usr/share/texlive/texmf-dist/tex/latex/hyperref/nameref.sty
(/usr/share/texlive/texmf-dist/tex/latex/refcount/refcount.sty)
(/usr/share/texlive/texmf-dist/tex/generic/gettitlestring/gettitlestring.sty))
(/usr/share/texlive/texmf-dist/tex/latex/hyperref/pd1enc.def)
(/usr/share/texlive/texmf-dist/tex/generic/intcalc/intcalc.sty)
(/usr/share/texlive/texmf-dist/tex/latex/hyperref/puenc.def)
(/usr/share/texlive/texmf-dist/tex/generic/bitset/bitset.sty
(/usr/share/texlive/texmf-dist/tex/generic/bigintcalc/bigintcalc.sty))
(/usr/share/texlive/texmf-dist/tex/latex/base/atbegshi-ltx.sty))
(/usr/share/texlive/texmf-dist/tex/latex/hyperref/hpdftex.def
(/usr/share/texlive/texmf-dist/tex/latex/base/atveryend-ltx.sty)
(/usr/share/texlive/texmf-dist/tex/latex/rerunfilecheck/rerunfilecheck.sty
(/usr/share/texlive/texmf-dist/tex/generic/uniquecounter/uniquecounter.sty)))
(/usr/share/texlive/texmf-dist/tex/latex/bookmark/bkm-pdftex.def))
(/usr/share/texlive/texmf-dist/tex/latex/l3backend/l3backend-pdftex.def)
(/var/www/clients/client1/web3/web/research-review-en/research/deposit/build/ma
nuscript-peer-review-ieee.aux)
-- Lines per column: 58 (exact).
(/usr/share/texlive/texmf-dist/tex/latex/microtype/mt-cmr.cfg)
(/usr/share/texlive/texmf-dist/tex/context/base/mkii/supp-pdf.mkii
[Loading MPS to PDF converter (version 2006.09.02).]
) (/usr/share/texlive/texmf-dist/tex/latex/epstopdf-pkg/epstopdf-base.sty
(/usr/share/texlive/texmf-dist/tex/latex/latexconfig/epstopdf-sys.cfg))
(/usr/share/texmf/tex/latex/lm/ts1lmr.fd)
(/usr/share/texmf/tex/latex/lm/t1lmtt.fd)
(/usr/share/texmf/tex/latex/lm/ot1lmr.fd)
(/usr/share/texmf/tex/latex/lm/omllmm.fd)
(/usr/share/texmf/tex/latex/lm/omslmsy.fd)
(/usr/share/texmf/tex/latex/lm/omxlmex.fd)
(/usr/share/texlive/texmf-dist/tex/latex/amsfonts/umsa.fd)
(/usr/share/texlive/texmf-dist/tex/latex/microtype/mt-msa.cfg)
(/usr/share/texlive/texmf-dist/tex/latex/amsfonts/umsb.fd)
(/usr/share/texlive/texmf-dist/tex/latex/microtype/mt-msb.cfg) [0{/var/lib/texm
f/fonts/map/pdftex/updmap/pdftex.map}{/usr/share/texmf/fonts/enc/dvips/lm/lm-ec
.enc}{/usr/share/texmf/fonts/enc/dvips/lm/lm-ts1.enc}{/usr/share/texmf/fonts/en
c/dvips/lm/lm-rm.enc}{/usr/share/texmf/fonts/enc/dvips/lm/lm-mathit.enc}]
Overfull \hbox (26.68002pt too wide) in paragraph at lines 356--360
[]\T1/lmr/bx/n/10 (-20) Safety hooks: \T1/lmr/m/n/10 (-20) Layer[]4 \T1/lmr/bx/
n/10 (-20) crash mode \T1/lmr/m/n/10 (-20) by-passes in-er-tia when mea-sured s
e-cu-rity min-ima fall be-low []
[1] [2 <./research/peer-review/figures-png/fig01-paradigm-shift.png> <./researc
h/peer-review/figures-png/fig06-benchmark-freshness.png>]
Underfull \hbox (badness 10000) in paragraph at lines 466--472


Underfull \hbox (badness 10000) in paragraph at lines 472--475


Overfull \hbox (49.24364pt too wide) in paragraph at lines 511--515
[]\T1/lmr/m/n/10 (-20) Let $[][] \OT1/lmr/m/n/10 (-20) = []([]\OML/lmm/m/it/10 
; \OT1/lmr/m/n/10 (-20) 0\OML/lmm/m/it/10 ; \OT1/lmr/m/n/10 (-20) 100)$\T1/lmr/
m/n/10 (-20) . With di-rec-tion flag ``higher raw is worse'', $[][] \OT1/lmr/m/
n/10 (-20) = []  []$\T1/lmr/m/n/10 (-20) ;
[3{/usr/share/texmf/fonts/enc/dvips/lm/lm-mathsy.enc}{/usr/share/texmf/fonts/en
c/dvips/lm/lm-mathex.enc} <./research/peer-review/figures-png/fig02-system-arch
itecture.png>] (/usr/share/texmf/tex/latex/lm/ts1lmtt.fd) [4] [5 <./research/pe
er-review/figures-png/fig03-nfsi-layers.png>]
Underfull \hbox (badness 10000) in alignment at lines 773--783
[] [] []

Underfull \hbox (badness 10000) in alignment at lines 783--785
[] [] []

Underfull \hbox (badness 10000) in alignment at lines 785--792
[] [] []
[6 <./research/peer-review/figures-png/fig05-stress-fault-tree.png>]
Underfull \hbox (badness 10000) in alignment at lines 971--981
[] [] []

Underfull \hbox (badness 10000) in alignment at lines 981--983
[] [] []

Underfull \hbox (badness 10000) in alignment at lines 983--1002
[] [] []
[7]
Underfull \hbox (badness 10000) in alignment at lines 1048--1064
[] [] [] [] [] []

Underfull \hbox (badness 10000) in alignment at lines 1064--1066
[] [] [] [] [] []

Overfull \hbox (5.1485pt too wide) in paragraph at lines 1069--1069
[]|[] 

Overfull \hbox (0.93478pt too wide) in paragraph at lines 1072--1072
[]|\T1/lmr/m/n/8 (-20) AcledMonthAllOverview|  

Overfull \hbox (39.1485pt too wide) in paragraph at lines 1074--1074
[]|[] 

Overfull \hbox (9.3932pt too wide) in paragraph at lines 1077--1077
[]|\T1/lmr/m/n/8 (-20) CountriesConflictUcdpGed|  

Overfull \hbox (51.8985pt too wide) in paragraph at lines 1078--1078
[]|[] 

Overfull \hbox (8.17169pt too wide) in paragraph at lines 1081--1081
[]|\T1/lmr/m/n/8 (-20) CountriesCurrencyFromFa|  

Overfull \hbox (13.6485pt too wide) in paragraph at lines 1082--1082
[]|[] 

Overfull \hbox (7.02942pt too wide) in paragraph at lines 1084--1084
[]|\T1/lmr/m/n/8 (-20) CountriesGdeltGlobRadar|  

Overfull \hbox (47.6485pt too wide) in paragraph at lines 1085--1085
[]|[] 

Overfull \hbox (0.91771pt too wide) in paragraph at lines 1087--1087
[]|\T1/lmr/m/n/8 (-20) CountriesNetAbuseIpDb|  

Overfull \hbox (39.1485pt too wide) in paragraph at lines 1088--1088
[]|[] 

Overfull \hbox (11.00414pt too wide) in paragraph at lines 1090--1090
[]|\T1/lmr/m/n/8 (-20) CountriesNetGrpTrfcAnom|  

Overfull \hbox (47.6485pt too wide) in paragraph at lines 1091--1091
[]|[] 

Overfull \hbox (26.3985pt too wide) in paragraph at lines 1094--1094
[]|[] 

Overfull \hbox (34.8985pt too wide) in paragraph at lines 1097--1097
[]|[] 

Overfull \hbox (0.89499pt too wide) in paragraph at lines 1099--1099
[]|\T1/lmr/m/n/8 (-20) Prison_population_rate|  

Overfull \hbox (39.1485pt too wide) in paragraph at lines 1100--1100
[]|[] 

Overfull \hbox (5.75569pt too wide) in paragraph at lines 1102--1102
[]|\T1/lmr/m/n/8 (-20) CountriesVatRatesApiVer|  

Overfull \hbox (47.6485pt too wide) in paragraph at lines 1103--1103
[]|[] 

Overfull \hbox (7.48799pt too wide) in paragraph at lines 1105--1105
[]|\T1/lmr/m/n/8 (-20) CountriesVatRatesVatLup|  

Overfull \hbox (47.6485pt too wide) in paragraph at lines 1106--1106
[]|[] 

Overfull \hbox (13.6465pt too wide) in paragraph at lines 1110--1110
[]|[] 

Overfull \hbox (22.1485pt too wide) in paragraph at lines 1114--1114
[]|[] 

Overfull \hbox (17.8985pt too wide) in paragraph at lines 1118--1118
[]|[] 

Overfull \hbox (22.1485pt too wide) in paragraph at lines 1122--1122
[]|[] 

Overfull \hbox (34.8985pt too wide) in paragraph at lines 1126--1126
[]|[] 

Overfull \hbox (34.8985pt too wide) in paragraph at lines 1130--1130
[]|[] 

Overfull \hbox (13.6485pt too wide) in paragraph at lines 1134--1134
[]|[] 

Overfull \hbox (26.3985pt too wide) in paragraph at lines 1138--1138
[]|[] 

Overfull \hbox (26.3985pt too wide) in paragraph at lines 1142--1142
[]|[] 

Overfull \hbox (26.3985pt too wide) in paragraph at lines 1146--1146
[]|[] 

Overfull \hbox (26.3985pt too wide) in paragraph at lines 1150--1150
[]|[] 

Overfull \hbox (26.3985pt too wide) in paragraph at lines 1154--1154
[]|[] 

Overfull \hbox (22.1485pt too wide) in paragraph at lines 1158--1158
[]|[] 

Overfull \hbox (34.8985pt too wide) in paragraph at lines 1162--1162
[]|[] 

Overfull \hbox (17.8985pt too wide) in paragraph at lines 1166--1166
[]|[] 

Overfull \hbox (26.3985pt too wide) in paragraph at lines 1170--1170
[]|[] 

Overfull \hbox (26.3985pt too wide) in paragraph at lines 1174--1174
[]|[] 

Overfull \hbox (17.8985pt too wide) in paragraph at lines 1178--1178
[]|[] 

Overfull \hbox (2.3645pt too wide) in paragraph at lines 1180--1180
[]|\T1/lmr/m/n/8 (-20) CountriesWbWgiPvCcRl|  

Overfull \hbox (34.8985pt too wide) in paragraph at lines 1182--1182
[]|[] 

Overfull \hbox (34.8985pt too wide) in paragraph at lines 1185--1185
[]|[] 

Overfull \hbox (30.6485pt too wide) in paragraph at lines 1188--1188
[]|[] 

Overfull \hbox (9.275pt too wide) in paragraph at lines 1190--1190
[]|\T1/lmr/m/n/8 (-20) EconFredHerCountScOvSc|  

Overfull \hbox (43.3985pt too wide) in paragraph at lines 1191--1191
[]|[] 

Overfull \hbox (12.67265pt too wide) in paragraph at lines 1193--1193
[]|\T1/lmr/m/n/8 (-20) EconFredHerCountScRanks|  

Overfull \hbox (47.6485pt too wide) in paragraph at lines 1194--1194
[]|[] 

Overfull \hbox (13.59375pt too wide) in paragraph at lines 1196--1196
[]|\T1/lmr/m/n/8 (-20) EconFredHerCountScRights|  

Overfull \hbox (51.8985pt too wide) in paragraph at lines 1197--1197
[]|[] 

Overfull \hbox (3.93877pt too wide) in paragraph at lines 1199--1199
[]|\T1/lmr/m/n/8 (-20) EconFredHerCountScTax|  

Overfull \hbox (39.1485pt too wide) in paragraph at lines 1200--1200
[]|[] 

Overfull \hbox (26.3985pt too wide) in paragraph at lines 1203--1203
[]|[] 

Overfull \hbox (13.6485pt too wide) in paragraph at lines 1206--1206
[]|[] 

Overfull \hbox (5.1485pt too wide) in paragraph at lines 1217--1217
[]|[] 

Overfull \hbox (2.24255pt too wide) in paragraph at lines 1219--1219
[]|\T1/lmr/m/n/8 (-20) mlmv_actor_day_stress|  

Overfull \hbox (60.3985pt too wide) in paragraph at lines 1220--1220
[]|[] 

Overfull \hbox (13.6485pt too wide) in paragraph at lines 1224--1224
[]|[] 

Overfull \hbox (18.53322pt too wide) in paragraph at lines 1226--1226
[]|\T1/lmr/m/n/8 (-20) NfRawNewsSignalsEventRisk|  

Overfull \hbox (56.1485pt too wide) in paragraph at lines 1227--1227
[]|[] 

Overfull \hbox (26.3985pt too wide) in paragraph at lines 1230--1230
[]|[] 

Overfull \hbox (26.3985pt too wide) in paragraph at lines 1233--1233
[]|[] 

Overfull \hbox (26.3985pt too wide) in paragraph at lines 1236--1236
[]|[] 

Overfull \hbox (39.1485pt too wide) in paragraph at lines 1241--1241
[]|[] 

Overfull \hbox (9.3985pt too wide) in paragraph at lines 1246--1246
[]|[] 

Overfull \hbox (5.1485pt too wide) in paragraph at lines 1249--1249
[]|[] 

Overfull \hbox (71.58401pt too wide) in paragraph at lines 1251--1251
[]|\T1/lmr/m/n/8 (-20) warning,partial_warning,situation_warning|  

Overfull \hbox (9.3985pt too wide) in paragraph at lines 1255--1255
[]|[] 

Overfull \hbox (30.6485pt too wide) in paragraph at lines 1261--1261
[]|[] 

Overfull \hbox (34.8985pt too wide) in paragraph at lines 1266--1266
[]|[] 

Underfull \hbox (badness 10000) in alignment at lines 1066--1268
[] [] [] [] [] []
[8] [9]
Underfull \hbox (badness 10000) in paragraph at lines 1295--1298

[10]
Underfull \hbox (badness 10000) in paragraph at lines 1298--1301

[11]
Underfull \hbox (badness 10000) in alignment at lines 1574--1578
[] [] []

Underfull \hbox (badness 10000) in alignment at lines 1578--1580
[] [] []

Underfull \hbox (badness 10000) in alignment at lines 1580--1583
[] [] []
[12]
Underfull \hbox (badness 10000) in alignment at lines 1616--1626
[] [] []

Underfull \hbox (badness 10000) in alignment at lines 1626--1628
[] [] []

Underfull \hbox (badness 10000) in alignment at lines 1628--1635
[] [] []

Underfull \hbox (badness 10000) in alignment at lines 1655--1665
[] [] []

Underfull \hbox (badness 10000) in alignment at lines 1665--1667
[] [] []

Underfull \hbox (badness 10000) in alignment at lines 1667--1674
[] [] []

Underfull \hbox (badness 10000) in alignment at lines 1694--1708
[] [] [] [] []

Underfull \hbox (badness 10000) in alignment at lines 1708--1710
[] [] [] [] []

Underfull \hbox (badness 10000) in alignment at lines 1710--1726
[] [] [] [] []
[13] [14 <./research/peer-review/figures-png/fig08-sensitivity-mean-abs.png>]
[15] [16] [17] [18] [19]
Overfull \hbox (11.5pt too wide) in paragraph at lines 2549--2549
[]|[] 

Overfull \hbox (28.5pt too wide) in paragraph at lines 2570--2570
[]|[] 

Overfull \hbox (3.0pt too wide) in paragraph at lines 2575--2575
[]|[] 
[20]
Overfull \hbox (15.75pt too wide) in paragraph at lines 2611--2611
[]|[] 

Overfull \hbox (11.5pt too wide) in paragraph at lines 2652--2652
[]|[] 

Overfull \hbox (3.0pt too wide) in paragraph at lines 2658--2658
[]|[] 

Overfull \hbox (15.75pt too wide) in paragraph at lines 2698--2698
[]|[] 

Overfull \hbox (11.5pt too wide) in paragraph at lines 2706--2706
[]|[] 
[21] [22]
Underfull \hbox (badness 10000) in alignment at lines 2832--2842
[] [] []

Underfull \hbox (badness 10000) in alignment at lines 2842--2844
[] [] []

Underfull \hbox (badness 10000) in alignment at lines 2844--2862
[] [] []
[23]
Underfull \hbox (badness 10000) in alignment at lines 2897--2907
[] [] []

Underfull \hbox (badness 10000) in alignment at lines 2907--2909
[] [] []

Overfull \hbox (31.72546pt too wide) in paragraph at lines 2940--2941
[][] 

Overfull \hbox (14.72546pt too wide) in paragraph at lines 2974--2975
[][] 

Overfull \hbox (27.47546pt too wide) in paragraph at lines 2977--2978
[][] 

Overfull \hbox (27.47546pt too wide) in paragraph at lines 3023--3024
[][] 

Overfull \hbox (6.22546pt too wide) in paragraph at lines 3026--3027
[][] 

Overfull \hbox (6.22546pt too wide) in paragraph at lines 3029--3030
[][] 

Overfull \hbox (18.97546pt too wide) in paragraph at lines 3032--3033
[][] 

Underfull \hbox (badness 10000) in alignment at lines 2909--3049
[] [] []
[24] [25] [26]
(/var/www/clients/client1/web3/web/research-review-en/research/deposit/build/ma
nuscript-peer-review-ieee.aux) )
(see the transcript file for additional information)</usr/share/texmf/fonts/typ
e1/public/lm/lmbx10.pfb></usr/share/texmf/fonts/type1/public/lm/lmbx8.pfb></usr
/share/texmf/fonts/type1/public/lm/lmbxi10.pfb></usr/share/texmf/fonts/type1/pu
blic/lm/lmcsc10.pfb></usr/share/texmf/fonts/type1/public/lm/lmex10.pfb></usr/sh
are/texmf/fonts/type1/public/lm/lmmi10.pfb></usr/share/texmf/fonts/type1/public
/lm/lmmi5.pfb></usr/share/texmf/fonts/type1/public/lm/lmmi6.pfb></usr/share/tex
mf/fonts/type1/public/lm/lmmi7.pfb></usr/share/texmf/fonts/type1/public/lm/lmmi
8.pfb></usr/share/texmf/fonts/type1/public/lm/lmr10.pfb></usr/share/texmf/fonts
/type1/public/lm/lmr17.pfb></usr/share/texmf/fonts/type1/public/lm/lmr5.pfb></u
sr/share/texmf/fonts/type1/public/lm/lmr6.pfb></usr/share/texmf/fonts/type1/pub
lic/lm/lmr7.pfb></usr/share/texmf/fonts/type1/public/lm/lmr8.pfb></usr/share/te
xmf/fonts/type1/public/lm/lmri10.pfb></usr/share/texmf/fonts/type1/public/lm/lm
sy10.pfb></usr/share/texmf/fonts/type1/public/lm/lmsy6.pfb></usr/share/texmf/fo
nts/type1/public/lm/lmsy7.pfb></usr/share/texmf/fonts/type1/public/lm/lmsy8.pfb
></usr/share/texmf/fonts/type1/public/lm/lmtk10.pfb></usr/share/texmf/fonts/typ
e1/public/lm/lmtt10.pfb></usr/share/texmf/fonts/type1/public/lm/lmtt8.pfb></usr
/share/texmf/fonts/type1/public/lm/lmtti10.pfb>
Output written on /var/www/clients/client1/web3/web/research-review-en/research
/deposit/build/manuscript-peer-review-ieee.pdf (27 pages, 784386 bytes).
Transcript written on /var/www/clients/client1/web3/web/research-review-en/rese
arch/deposit/build/manuscript-peer-review-ieee.log.
This is pdfTeX, Version 3.141592653-2.6-1.40.25 (TeX Live 2023/Debian) (preloaded format=pdflatex)
 restricted \write18 enabled.
entering extended mode

(/var/www/clients/client1/web3/web/research-review-en/research/deposit/build/ma
nuscript-peer-review-ieee.tex
LaTeX2e <2023-11-01> patch level 1
L3 programming layer <2024-01-22>

(/var/www/clients/client1/web3/web/research-review-en/research/latex/vendor/IEE
Etran/IEEEtran.cls
Document Class: IEEEtran 2015/08/26 V1.8b by Michael Shell
-- See the "IEEEtran_HOWTO" manual for usage information.
-- http://www.michaelshell.org/tex/ieeetran/
(/usr/share/texlive/texmf-dist/tex/latex/psnfss/ot1ptm.fd)
** ATTENTION: Single column mode is not typically used with IEEE publications.
-- Using 8.5in x 11in (letter) paper.
-- Using PDF output.
-- This is an 11 point document.
) (/usr/share/texlive/texmf-dist/tex/latex/amsmath/amsmath.sty
For additional information on amsmath, use the `?' option.
(/usr/share/texlive/texmf-dist/tex/latex/amsmath/amstext.sty
(/usr/share/texlive/texmf-dist/tex/latex/amsmath/amsgen.sty))
(/usr/share/texlive/texmf-dist/tex/latex/amsmath/amsbsy.sty)
(/usr/share/texlive/texmf-dist/tex/latex/amsmath/amsopn.sty))
(/usr/share/texlive/texmf-dist/tex/latex/amsfonts/amssymb.sty
(/usr/share/texlive/texmf-dist/tex/latex/amsfonts/amsfonts.sty))
(/usr/share/texlive/texmf-dist/tex/generic/iftex/iftex.sty)
(/usr/share/texlive/texmf-dist/tex/latex/base/fontenc.sty
(/usr/share/texlive/texmf-dist/tex/latex/psnfss/t1ptm.fd))
(/usr/share/texlive/texmf-dist/tex/latex/base/inputenc.sty)
(/usr/share/texlive/texmf-dist/tex/latex/base/textcomp.sty)
(/usr/share/texmf/tex/latex/lm/lmodern.sty)
(/usr/share/texlive/texmf-dist/tex/latex/upquote/upquote.sty)
(/usr/share/texlive/texmf-dist/tex/latex/microtype/microtype.sty
(/usr/share/texlive/texmf-dist/tex/latex/graphics/keyval.sty)
(/usr/share/texlive/texmf-dist/tex/latex/etoolbox/etoolbox.sty)
(/usr/share/texlive/texmf-dist/tex/latex/microtype/microtype-pdftex.def)
(/usr/share/texlive/texmf-dist/tex/latex/microtype/microtype.cfg))
(/usr/share/texlive/texmf-dist/tex/latex/parskip/parskip.sty
(/usr/share/texlive/texmf-dist/tex/latex/kvoptions/kvoptions.sty
(/usr/share/texlive/texmf-dist/tex/generic/ltxcmds/ltxcmds.sty)
(/usr/share/texlive/texmf-dist/tex/latex/kvsetkeys/kvsetkeys.sty)))
(/usr/share/texlive/texmf-dist/tex/latex/xcolor/xcolor.sty
(/usr/share/texlive/texmf-dist/tex/latex/graphics-cfg/color.cfg)
(/usr/share/texlive/texmf-dist/tex/latex/graphics-def/pdftex.def)
(/usr/share/texlive/texmf-dist/tex/latex/graphics/mathcolor.ltx))
(/usr/share/texlive/texmf-dist/tex/latex/listings/listings.sty
(/usr/share/texlive/texmf-dist/tex/latex/listings/lstmisc.sty)
(/usr/share/texlive/texmf-dist/tex/latex/listings/listings.cfg))
(/usr/share/texlive/texmf-dist/tex/latex/tools/longtable.sty)
(/usr/share/texlive/texmf-dist/tex/latex/booktabs/booktabs.sty)
(/usr/share/texlive/texmf-dist/tex/latex/tools/array.sty)
(/usr/share/texlive/texmf-dist/tex/latex/tools/calc.sty)
(/usr/share/texlive/texmf-dist/tex/latex/footnotehyper/footnotehyper.sty)
(/usr/share/texlive/texmf-dist/tex/latex/graphics/graphicx.sty
(/usr/share/texlive/texmf-dist/tex/latex/graphics/graphics.sty
(/usr/share/texlive/texmf-dist/tex/latex/graphics/trig.sty)
(/usr/share/texlive/texmf-dist/tex/latex/graphics-cfg/graphics.cfg)))
(/usr/share/texlive/texmf-dist/tex/latex/base/fontenc.sty
(/usr/share/texmf/tex/latex/lm/t1lmr.fd))
(/usr/share/texlive/texmf-dist/tex/latex/listingsutf8/listingsutf8.sty
(/usr/share/texlive/texmf-dist/tex/generic/pdftexcmds/pdftexcmds.sty
(/usr/share/texlive/texmf-dist/tex/generic/infwarerr/infwarerr.sty))
(/usr/share/texlive/texmf-dist/tex/generic/stringenc/stringenc.sty
(/usr/share/texlive/texmf-dist/tex/generic/pdfescape/pdfescape.sty)))
(/usr/share/texlive/texmf-dist/tex/latex/xurl/xurl.sty
(/usr/share/texlive/texmf-dist/tex/latex/url/url.sty))
(/usr/share/texlive/texmf-dist/tex/latex/adjustbox/adjustbox.sty
(/usr/share/texlive/texmf-dist/tex/latex/xkeyval/xkeyval.sty
(/usr/share/texlive/texmf-dist/tex/generic/xkeyval/xkeyval.tex
(/usr/share/texlive/texmf-dist/tex/generic/xkeyval/xkvutils.tex)))
(/usr/share/texlive/texmf-dist/tex/latex/adjustbox/adjcalc.sty)
(/usr/share/texlive/texmf-dist/tex/latex/adjustbox/trimclip.sty
(/usr/share/texlive/texmf-dist/tex/latex/collectbox/collectbox.sty)
(/usr/share/texlive/texmf-dist/tex/latex/adjustbox/tc-pdftex.def))
(/usr/share/texlive/texmf-dist/tex/latex/ifoddpage/ifoddpage.sty)
(/usr/share/texlive/texmf-dist/tex/latex/varwidth/varwidth.sty))
(/usr/share/texlive/texmf-dist/tex/latex/pdflscape/pdflscape.sty
(/usr/share/texlive/texmf-dist/tex/latex/pdflscape/pdflscape-nometadata.sty
(/usr/share/texlive/texmf-dist/tex/latex/graphics/lscape.sty)))
(/usr/share/texlive/texmf-dist/tex/latex/tools/tabularx.sty)
(/usr/share/texlive/texmf-dist/tex/latex/ragged2e/ragged2e.sty)
(/usr/share/texlive/texmf-dist/tex/latex/bookmark/bookmark.sty
(/usr/share/texlive/texmf-dist/tex/latex/hyperref/hyperref.sty
(/usr/share/texlive/texmf-dist/tex/generic/kvdefinekeys/kvdefinekeys.sty)
(/usr/share/texlive/texmf-dist/tex/latex/hycolor/hycolor.sty)
(/usr/share/texlive/texmf-dist/tex/latex/auxhook/auxhook.sty)
(/usr/share/texlive/texmf-dist/tex/latex/hyperref/nameref.sty
(/usr/share/texlive/texmf-dist/tex/latex/refcount/refcount.sty)
(/usr/share/texlive/texmf-dist/tex/generic/gettitlestring/gettitlestring.sty))
(/usr/share/texlive/texmf-dist/tex/latex/hyperref/pd1enc.def)
(/usr/share/texlive/texmf-dist/tex/generic/intcalc/intcalc.sty)
(/usr/share/texlive/texmf-dist/tex/latex/hyperref/puenc.def)
(/usr/share/texlive/texmf-dist/tex/generic/bitset/bitset.sty
(/usr/share/texlive/texmf-dist/tex/generic/bigintcalc/bigintcalc.sty))
(/usr/share/texlive/texmf-dist/tex/latex/base/atbegshi-ltx.sty))
(/usr/share/texlive/texmf-dist/tex/latex/hyperref/hpdftex.def
(/usr/share/texlive/texmf-dist/tex/latex/base/atveryend-ltx.sty)
(/usr/share/texlive/texmf-dist/tex/latex/rerunfilecheck/rerunfilecheck.sty
(/usr/share/texlive/texmf-dist/tex/generic/uniquecounter/uniquecounter.sty)))
(/usr/share/texlive/texmf-dist/tex/latex/bookmark/bkm-pdftex.def))
(/usr/share/texlive/texmf-dist/tex/latex/l3backend/l3backend-pdftex.def)
(/var/www/clients/client1/web3/web/research-review-en/research/deposit/build/ma
nuscript-peer-review-ieee.aux)
-- Lines per column: 52 (exact).
(/usr/share/texlive/texmf-dist/tex/latex/microtype/mt-cmr.cfg)
(/usr/share/texlive/texmf-dist/tex/context/base/mkii/supp-pdf.mkii
[Loading MPS to PDF converter (version 2006.09.02).]
) (/usr/share/texlive/texmf-dist/tex/latex/epstopdf-pkg/epstopdf-base.sty
(/usr/share/texlive/texmf-dist/tex/latex/latexconfig/epstopdf-sys.cfg))
(/usr/share/texmf/tex/latex/lm/ts1lmr.fd)
(/usr/share/texmf/tex/latex/lm/t1lmtt.fd)
(/usr/share/texmf/tex/latex/lm/ot1lmr.fd)
(/usr/share/texmf/tex/latex/lm/omllmm.fd)
(/usr/share/texmf/tex/latex/lm/omslmsy.fd)
(/usr/share/texmf/tex/latex/lm/omxlmex.fd)
(/usr/share/texlive/texmf-dist/tex/latex/amsfonts/umsa.fd)
(/usr/share/texlive/texmf-dist/tex/latex/microtype/mt-msa.cfg)
(/usr/share/texlive/texmf-dist/tex/latex/amsfonts/umsb.fd)
(/usr/share/texlive/texmf-dist/tex/latex/microtype/mt-msb.cfg) [0{/var/lib/texm
f/fonts/map/pdftex/updmap/pdftex.map}{/usr/share/texmf/fonts/enc/dvips/lm/lm-ec
.enc}{/usr/share/texmf/fonts/enc/dvips/lm/lm-ts1.enc}{/usr/share/texmf/fonts/en
c/dvips/lm/lm-rm.enc}{/usr/share/texmf/fonts/enc/dvips/lm/lm-mathit.enc}]
[1] [2 <./research/peer-review/figures-png/fig01-paradigm-shift.png> <./researc
h/peer-review/figures-png/fig06-benchmark-freshness.png>]
Underfull \hbox (badness 10000) in paragraph at lines 466--472


Underfull \hbox (badness 10000) in paragraph at lines 472--475

[3{/usr/share/texmf/fonts/enc/dvips/lm/lm-mathsy.enc} <./research/peer-review/f
igures-png/fig02-system-architecture.png>]
Underfull \hbox (badness 2213) in paragraph at lines 511--515
[]\T1/lmr/m/n/11 (+20) Let $[][] \OT1/lmr/m/n/11 (+20) = []([]\OML/lmm/m/it/11 
; \OT1/lmr/m/n/11 (+20) 0\OML/lmm/m/it/11 ; \OT1/lmr/m/n/11 (+20) 100)$\T1/lmr/
m/n/11 (+20) . With di-rec-tion flag ``higher raw is worse'', $[][] \OT1/lmr/m/
n/11 (+20) =
[4{/usr/share/texmf/fonts/enc/dvips/lm/lm-mathex.enc}]
(/usr/share/texmf/tex/latex/lm/ts1lmtt.fd) [5]
Underfull \hbox (badness 10000) in paragraph at lines 705--713
\T1/lmr/m/n/11 (+20) to the Layer[]4 keys $[]$, $[]$,
[6 <./research/peer-review/figures-png/fig03-nfsi-layers.png>]
Underfull \hbox (badness 10000) in alignment at lines 773--783
[] [] []

Underfull \hbox (badness 10000) in alignment at lines 783--785
[] [] []

Underfull \hbox (badness 10000) in alignment at lines 785--792
[] [] []
[7 <./research/peer-review/figures-png/fig05-stress-fault-tree.png>]
Underfull \hbox (badness 10000) in paragraph at lines 957--961
[][][][][][][][][][][][][][][][][][][][][][][][][][][][][][][][][][][][][][][][
][][][][][][]\T1/lmr/m/n/11 (+20) )
[8]
Underfull \hbox (badness 10000) in alignment at lines 971--981
[] [] []

Underfull \hbox (badness 10000) in alignment at lines 981--983
[] [] []

Underfull \hbox (badness 10000) in alignment at lines 983--1002
[] [] []
[9]
Underfull \hbox (badness 10000) in alignment at lines 1051--1067
[] [] [] [] [] []

Underfull \hbox (badness 10000) in alignment at lines 1067--1069
[] [] [] [] [] []

Overfull \hbox (20.67561pt too wide) in paragraph at lines 1077--1077
[]|[] 

Overfull \hbox (34.85059pt too wide) in paragraph at lines 1081--1081
[]|[] 

Overfull \hbox (30.1256pt too wide) in paragraph at lines 1088--1088
[]|[] 

Overfull \hbox (20.67561pt too wide) in paragraph at lines 1091--1091
[]|[] 

Overfull \hbox (30.1256pt too wide) in paragraph at lines 1094--1094
[]|[] 

Overfull \hbox (6.50064pt too wide) in paragraph at lines 1097--1097
[]|[] 

Overfull \hbox (15.95062pt too wide) in paragraph at lines 1100--1100
[]|[] 

Overfull \hbox (20.67561pt too wide) in paragraph at lines 1103--1103
[]|[] 

Overfull \hbox (30.1256pt too wide) in paragraph at lines 1106--1106
[]|[] 

Overfull \hbox (30.1256pt too wide) in paragraph at lines 1109--1109
[]|[] 

Overfull \hbox (1.77565pt too wide) in paragraph at lines 1117--1117
[]|[] 

Overfull \hbox (1.77565pt too wide) in paragraph at lines 1125--1125
[]|[] 

Overfull \hbox (15.95062pt too wide) in paragraph at lines 1129--1129
[]|[] 

Overfull \hbox (15.95062pt too wide) in paragraph at lines 1133--1133
[]|[] 

Overfull \hbox (6.50064pt too wide) in paragraph at lines 1141--1141
[]|[] 

Overfull \hbox (6.50064pt too wide) in paragraph at lines 1145--1145
[]|[] 

Overfull \hbox (6.50064pt too wide) in paragraph at lines 1149--1149
[]|[] 

Overfull \hbox (6.50064pt too wide) in paragraph at lines 1153--1153
[]|[] 

Overfull \hbox (6.50064pt too wide) in paragraph at lines 1157--1157
[]|[] 

Overfull \hbox (1.77565pt too wide) in paragraph at lines 1161--1161
[]|[] 

Overfull \hbox (15.95062pt too wide) in paragraph at lines 1165--1165
[]|[] 

Overfull \hbox (6.50064pt too wide) in paragraph at lines 1173--1173
[]|[] 

Overfull \hbox (6.50064pt too wide) in paragraph at lines 1177--1177
[]|[] 

Overfull \hbox (15.95062pt too wide) in paragraph at lines 1185--1185
[]|[] 

Overfull \hbox (15.95062pt too wide) in paragraph at lines 1188--1188
[]|[] 

Overfull \hbox (11.22563pt too wide) in paragraph at lines 1191--1191
[]|[] 

Overfull \hbox (25.4006pt too wide) in paragraph at lines 1194--1194
[]|[] 

Overfull \hbox (30.1256pt too wide) in paragraph at lines 1197--1197
[]|[] 

Overfull \hbox (34.85059pt too wide) in paragraph at lines 1200--1200
[]|[] 

Overfull \hbox (20.67561pt too wide) in paragraph at lines 1203--1203
[]|[] 

Overfull \hbox (6.50064pt too wide) in paragraph at lines 1206--1206
[]|[] 

Overfull \hbox (44.30057pt too wide) in paragraph at lines 1223--1223
[]|[] 

Overfull \hbox (39.57558pt too wide) in paragraph at lines 1230--1230
[]|[] 

Overfull \hbox (6.50064pt too wide) in paragraph at lines 1233--1233
[]|[] 

Overfull \hbox (6.50064pt too wide) in paragraph at lines 1236--1236
[]|[] 

Overfull \hbox (6.50064pt too wide) in paragraph at lines 1239--1239
[]|[] 

Overfull \hbox (20.67561pt too wide) in paragraph at lines 1244--1244
[]|[] 

Overfull \hbox (53.03761pt too wide) in paragraph at lines 1254--1254
[]|\T1/lmr/m/n/9 (-20) warning,partial_warning,situation_warning|  

Overfull \hbox (11.22563pt too wide) in paragraph at lines 1264--1264
[]|[] 

Overfull \hbox (15.95062pt too wide) in paragraph at lines 1269--1269
[]|[] 

Underfull \hbox (badness 10000) in alignment at lines 1069--1271
[] [] [] [] [] []
[10] [11] [12]
Underfull \hbox (badness 10000) in paragraph at lines 1301--1304


Underfull \hbox (badness 10000) in paragraph at lines 1304--1307

[13]
Overfull \hbox (8.75752pt too wide) in paragraph at lines 1525--1525
[]|[] 
[14]
Underfull \hbox (badness 10000) in alignment at lines 1580--1584
[] [] []

Underfull \hbox (badness 10000) in alignment at lines 1584--1586
[] [] []

Underfull \hbox (badness 10000) in alignment at lines 1586--1589
[] [] []

Underfull \hbox (badness 10000) in alignment at lines 1622--1632
[] [] []

Underfull \hbox (badness 10000) in alignment at lines 1632--1634
[] [] []

Underfull \hbox (badness 10000) in alignment at lines 1634--1641
[] [] []
[15]
Underfull \hbox (badness 10000) in alignment at lines 1661--1671
[] [] []

Underfull \hbox (badness 10000) in alignment at lines 1671--1673
[] [] []

Underfull \hbox (badness 10000) in alignment at lines 1673--1680
[] [] []

Underfull \hbox (badness 10000) in alignment at lines 1700--1714
[] [] [] [] []

Underfull \hbox (badness 10000) in alignment at lines 1714--1716
[] [] [] [] []

Underfull \hbox (badness 10000) in alignment at lines 1716--1732
[] [] [] [] []
[16] [17 <./research/peer-review/figures-png/fig08-sensitivity-mean-abs.png>]
[18] [19] [20] [21] [22] [23]
Overfull \hbox (12.52473pt too wide) in paragraph at lines 2549--2549
[]|[] 

Overfull \hbox (26.6997pt too wide) in paragraph at lines 2555--2555
[]|[] 

Overfull \hbox (12.52473pt too wide) in paragraph at lines 2558--2558
[]|[] 

Overfull \hbox (45.59967pt too wide) in paragraph at lines 2576--2576
[]|[] 

Overfull \hbox (17.24973pt too wide) in paragraph at lines 2581--2581
[]|[] 

Overfull \hbox (7.79974pt too wide) in paragraph at lines 2611--2611
[]|[] 

Overfull \hbox (31.4247pt too wide) in paragraph at lines 2617--2617
[]|[] 

Overfull \hbox (7.79974pt too wide) in paragraph at lines 2630--2630
[]|[] 

Overfull \hbox (12.52473pt too wide) in paragraph at lines 2642--2642
[]|[] 

Overfull \hbox (3.07475pt too wide) in paragraph at lines 2649--2649
[]|[] 

Overfull \hbox (26.6997pt too wide) in paragraph at lines 2658--2658
[]|[] 

Overfull \hbox (17.24973pt too wide) in paragraph at lines 2664--2664
[]|[] 

Overfull \hbox (3.07475pt too wide) in paragraph at lines 2667--2667
[]|[] 
[24]
Overfull \hbox (31.4247pt too wide) in paragraph at lines 2704--2704
[]|[] 

Overfull \hbox (26.6997pt too wide) in paragraph at lines 2712--2712
[]|[] 
[25] [26]
Underfull \hbox (badness 10000) in alignment at lines 2838--2848
[] [] []

Underfull \hbox (badness 10000) in alignment at lines 2848--2850
[] [] []

Underfull \hbox (badness 10000) in alignment at lines 2850--2868
[] [] []
[27]
Underfull \hbox (badness 10000) in alignment at lines 2903--2913
[] [] []

Underfull \hbox (badness 10000) in alignment at lines 2913--2915
[] [] []

Overfull \hbox (46.92517pt too wide) in paragraph at lines 2946--2947
[][] 

Overfull \hbox (28.0252pt too wide) in paragraph at lines 2980--2981
[][] 

Overfull \hbox (42.20018pt too wide) in paragraph at lines 2983--2984
[][] 

Overfull \hbox (9.12524pt too wide) in paragraph at lines 2986--2987
[][] 

Overfull \hbox (9.12524pt too wide) in paragraph at lines 2989--2990
[][] 

Overfull \hbox (42.20018pt too wide) in paragraph at lines 3029--3030
[][] 

Overfull \hbox (18.57523pt too wide) in paragraph at lines 3032--3033
[][] 

Overfull \hbox (18.57523pt too wide) in paragraph at lines 3035--3036
[][] 

Overfull \hbox (32.7502pt too wide) in paragraph at lines 3038--3039
[][] 

Underfull \hbox (badness 10000) in alignment at lines 2915--3055
[] [] []
[28] [29] [30]
(/var/www/clients/client1/web3/web/research-review-en/research/deposit/build/ma
nuscript-peer-review-ieee.aux) )
(see the transcript file for additional information)</usr/share/texmf/fonts/typ
e1/public/lm/lmbx12.pfb></usr/share/texmf/fonts/type1/public/lm/lmbx8.pfb></usr
/share/texmf/fonts/type1/public/lm/lmbx9.pfb></usr/share/texmf/fonts/type1/publ
ic/lm/lmbxi10.pfb></usr/share/texmf/fonts/type1/public/lm/lmcsc10.pfb></usr/sha
re/texmf/fonts/type1/public/lm/lmex10.pfb></usr/share/texmf/fonts/type1/public/
lm/lmmi12.pfb></usr/share/texmf/fonts/type1/public/lm/lmmi6.pfb></usr/share/tex
mf/fonts/type1/public/lm/lmmi8.pfb></usr/share/texmf/fonts/type1/public/lm/lmmi
9.pfb></usr/share/texmf/fonts/type1/public/lm/lmr12.pfb></usr/share/texmf/fonts
/type1/public/lm/lmr17.pfb></usr/share/texmf/fonts/type1/public/lm/lmr6.pfb></u
sr/share/texmf/fonts/type1/public/lm/lmr8.pfb></usr/share/texmf/fonts/type1/pub
lic/lm/lmr9.pfb></usr/share/texmf/fonts/type1/public/lm/lmri12.pfb></usr/share/
texmf/fonts/type1/public/lm/lmsy10.pfb></usr/share/texmf/fonts/type1/public/lm/
lmsy6.pfb></usr/share/texmf/fonts/type1/public/lm/lmsy8.pfb></usr/share/texmf/f
onts/type1/public/lm/lmsy9.pfb></usr/share/texmf/fonts/type1/public/lm/lmtk10.p
fb></usr/share/texmf/fonts/type1/public/lm/lmtt12.pfb></usr/share/texmf/fonts/t
ype1/public/lm/lmtt9.pfb></usr/share/texmf/fonts/type1/public/lm/lmtti10.pfb>
Output written on /var/www/clients/client1/web3/web/research-review-en/research
/deposit/build/manuscript-peer-review-ieee.pdf (31 pages, 782780 bytes).
Transcript written on /var/www/clients/client1/web3/web/research-review-en/rese
arch/deposit/build/manuscript-peer-review-ieee.log.
This is pdfTeX, Version 3.141592653-2.6-1.40.25 (TeX Live 2023/Debian) (preloaded format=pdflatex)
 restricted \write18 enabled.
entering extended mode

(/var/www/clients/client1/web3/web/research-review-en/research/deposit/build/ma
nuscript-peer-review-ieee.tex
LaTeX2e <2023-11-01> patch level 1
L3 programming layer <2024-01-22>

(/var/www/clients/client1/web3/web/research-review-en/research/latex/vendor/IEE
Etran/IEEEtran.cls
Document Class: IEEEtran 2015/08/26 V1.8b by Michael Shell
-- See the "IEEEtran_HOWTO" manual for usage information.
-- http://www.michaelshell.org/tex/ieeetran/
(/usr/share/texlive/texmf-dist/tex/latex/psnfss/ot1ptm.fd)
** ATTENTION: Single column mode is not typically used with IEEE publications.
-- Using 8.5in x 11in (letter) paper.
-- Using PDF output.
-- This is an 11 point document.
) (/usr/share/texlive/texmf-dist/tex/latex/amsmath/amsmath.sty
For additional information on amsmath, use the `?' option.
(/usr/share/texlive/texmf-dist/tex/latex/amsmath/amstext.sty
(/usr/share/texlive/texmf-dist/tex/latex/amsmath/amsgen.sty))
(/usr/share/texlive/texmf-dist/tex/latex/amsmath/amsbsy.sty)
(/usr/share/texlive/texmf-dist/tex/latex/amsmath/amsopn.sty))
(/usr/share/texlive/texmf-dist/tex/latex/amsfonts/amssymb.sty
(/usr/share/texlive/texmf-dist/tex/latex/amsfonts/amsfonts.sty))
(/usr/share/texlive/texmf-dist/tex/generic/iftex/iftex.sty)
(/usr/share/texlive/texmf-dist/tex/latex/base/fontenc.sty
(/usr/share/texlive/texmf-dist/tex/latex/psnfss/t1ptm.fd))
(/usr/share/texlive/texmf-dist/tex/latex/base/inputenc.sty)
(/usr/share/texlive/texmf-dist/tex/latex/base/textcomp.sty)
(/usr/share/texmf/tex/latex/lm/lmodern.sty)
(/usr/share/texlive/texmf-dist/tex/latex/upquote/upquote.sty)
(/usr/share/texlive/texmf-dist/tex/latex/microtype/microtype.sty
(/usr/share/texlive/texmf-dist/tex/latex/graphics/keyval.sty)
(/usr/share/texlive/texmf-dist/tex/latex/etoolbox/etoolbox.sty)
(/usr/share/texlive/texmf-dist/tex/latex/microtype/microtype-pdftex.def)
(/usr/share/texlive/texmf-dist/tex/latex/microtype/microtype.cfg))
(/usr/share/texlive/texmf-dist/tex/latex/parskip/parskip.sty
(/usr/share/texlive/texmf-dist/tex/latex/kvoptions/kvoptions.sty
(/usr/share/texlive/texmf-dist/tex/generic/ltxcmds/ltxcmds.sty)
(/usr/share/texlive/texmf-dist/tex/latex/kvsetkeys/kvsetkeys.sty)))
(/usr/share/texlive/texmf-dist/tex/latex/xcolor/xcolor.sty
(/usr/share/texlive/texmf-dist/tex/latex/graphics-cfg/color.cfg)
(/usr/share/texlive/texmf-dist/tex/latex/graphics-def/pdftex.def)
(/usr/share/texlive/texmf-dist/tex/latex/graphics/mathcolor.ltx))
(/usr/share/texlive/texmf-dist/tex/latex/listings/listings.sty
(/usr/share/texlive/texmf-dist/tex/latex/listings/lstmisc.sty)
(/usr/share/texlive/texmf-dist/tex/latex/listings/listings.cfg))
(/usr/share/texlive/texmf-dist/tex/latex/tools/longtable.sty)
(/usr/share/texlive/texmf-dist/tex/latex/booktabs/booktabs.sty)
(/usr/share/texlive/texmf-dist/tex/latex/tools/array.sty)
(/usr/share/texlive/texmf-dist/tex/latex/tools/calc.sty)
(/usr/share/texlive/texmf-dist/tex/latex/footnotehyper/footnotehyper.sty)
(/usr/share/texlive/texmf-dist/tex/latex/graphics/graphicx.sty
(/usr/share/texlive/texmf-dist/tex/latex/graphics/graphics.sty
(/usr/share/texlive/texmf-dist/tex/latex/graphics/trig.sty)
(/usr/share/texlive/texmf-dist/tex/latex/graphics-cfg/graphics.cfg)))
(/usr/share/texlive/texmf-dist/tex/latex/base/fontenc.sty
(/usr/share/texmf/tex/latex/lm/t1lmr.fd))
(/usr/share/texlive/texmf-dist/tex/latex/listingsutf8/listingsutf8.sty
(/usr/share/texlive/texmf-dist/tex/generic/pdftexcmds/pdftexcmds.sty
(/usr/share/texlive/texmf-dist/tex/generic/infwarerr/infwarerr.sty))
(/usr/share/texlive/texmf-dist/tex/generic/stringenc/stringenc.sty
(/usr/share/texlive/texmf-dist/tex/generic/pdfescape/pdfescape.sty)))
(/usr/share/texlive/texmf-dist/tex/latex/xurl/xurl.sty
(/usr/share/texlive/texmf-dist/tex/latex/url/url.sty))
(/usr/share/texlive/texmf-dist/tex/latex/adjustbox/adjustbox.sty
(/usr/share/texlive/texmf-dist/tex/latex/xkeyval/xkeyval.sty
(/usr/share/texlive/texmf-dist/tex/generic/xkeyval/xkeyval.tex
(/usr/share/texlive/texmf-dist/tex/generic/xkeyval/xkvutils.tex)))
(/usr/share/texlive/texmf-dist/tex/latex/adjustbox/adjcalc.sty)
(/usr/share/texlive/texmf-dist/tex/latex/adjustbox/trimclip.sty
(/usr/share/texlive/texmf-dist/tex/latex/collectbox/collectbox.sty)
(/usr/share/texlive/texmf-dist/tex/latex/adjustbox/tc-pdftex.def))
(/usr/share/texlive/texmf-dist/tex/latex/ifoddpage/ifoddpage.sty)
(/usr/share/texlive/texmf-dist/tex/latex/varwidth/varwidth.sty))
(/usr/share/texlive/texmf-dist/tex/latex/pdflscape/pdflscape.sty
(/usr/share/texlive/texmf-dist/tex/latex/pdflscape/pdflscape-nometadata.sty
(/usr/share/texlive/texmf-dist/tex/latex/graphics/lscape.sty)))
(/usr/share/texlive/texmf-dist/tex/latex/tools/tabularx.sty)
(/usr/share/texlive/texmf-dist/tex/latex/ragged2e/ragged2e.sty)
(/usr/share/texlive/texmf-dist/tex/latex/bookmark/bookmark.sty
(/usr/share/texlive/texmf-dist/tex/latex/hyperref/hyperref.sty
(/usr/share/texlive/texmf-dist/tex/generic/kvdefinekeys/kvdefinekeys.sty)
(/usr/share/texlive/texmf-dist/tex/latex/hycolor/hycolor.sty)
(/usr/share/texlive/texmf-dist/tex/latex/auxhook/auxhook.sty)
(/usr/share/texlive/texmf-dist/tex/latex/hyperref/nameref.sty
(/usr/share/texlive/texmf-dist/tex/latex/refcount/refcount.sty)
(/usr/share/texlive/texmf-dist/tex/generic/gettitlestring/gettitlestring.sty))
(/usr/share/texlive/texmf-dist/tex/latex/hyperref/pd1enc.def)
(/usr/share/texlive/texmf-dist/tex/generic/intcalc/intcalc.sty)
(/usr/share/texlive/texmf-dist/tex/latex/hyperref/puenc.def)
(/usr/share/texlive/texmf-dist/tex/generic/bitset/bitset.sty
(/usr/share/texlive/texmf-dist/tex/generic/bigintcalc/bigintcalc.sty))
(/usr/share/texlive/texmf-dist/tex/latex/base/atbegshi-ltx.sty))
(/usr/share/texlive/texmf-dist/tex/latex/hyperref/hpdftex.def
(/usr/share/texlive/texmf-dist/tex/latex/base/atveryend-ltx.sty)
(/usr/share/texlive/texmf-dist/tex/latex/rerunfilecheck/rerunfilecheck.sty
(/usr/share/texlive/texmf-dist/tex/generic/uniquecounter/uniquecounter.sty)))
(/usr/share/texlive/texmf-dist/tex/latex/bookmark/bkm-pdftex.def))
(/usr/share/texlive/texmf-dist/tex/latex/l3backend/l3backend-pdftex.def)
(/var/www/clients/client1/web3/web/research-review-en/research/deposit/build/ma
nuscript-peer-review-ieee.aux)
-- Lines per column: 52 (exact).
(/usr/share/texlive/texmf-dist/tex/latex/microtype/mt-cmr.cfg)
(/usr/share/texlive/texmf-dist/tex/context/base/mkii/supp-pdf.mkii
[Loading MPS to PDF converter (version 2006.09.02).]
) (/usr/share/texlive/texmf-dist/tex/latex/epstopdf-pkg/epstopdf-base.sty
(/usr/share/texlive/texmf-dist/tex/latex/latexconfig/epstopdf-sys.cfg))
(/usr/share/texmf/tex/latex/lm/ts1lmr.fd)
(/usr/share/texmf/tex/latex/lm/t1lmtt.fd)
(/usr/share/texmf/tex/latex/lm/ot1lmr.fd)
(/usr/share/texmf/tex/latex/lm/omllmm.fd)
(/usr/share/texmf/tex/latex/lm/omslmsy.fd)
(/usr/share/texmf/tex/latex/lm/omxlmex.fd)
(/usr/share/texlive/texmf-dist/tex/latex/amsfonts/umsa.fd)
(/usr/share/texlive/texmf-dist/tex/latex/microtype/mt-msa.cfg)
(/usr/share/texlive/texmf-dist/tex/latex/amsfonts/umsb.fd)
(/usr/share/texlive/texmf-dist/tex/latex/microtype/mt-msb.cfg) [0{/var/lib/texm
f/fonts/map/pdftex/updmap/pdftex.map}{/usr/share/texmf/fonts/enc/dvips/lm/lm-ec
.enc}{/usr/share/texmf/fonts/enc/dvips/lm/lm-ts1.enc}{/usr/share/texmf/fonts/en
c/dvips/lm/lm-rm.enc}{/usr/share/texmf/fonts/enc/dvips/lm/lm-mathit.enc}]
[1] [2 <./research/peer-review/figures-png/fig01-paradigm-shift.png> <./researc
h/peer-review/figures-png/fig06-benchmark-freshness.png>]
Underfull \hbox (badness 10000) in paragraph at lines 467--473


Underfull \hbox (badness 10000) in paragraph at lines 473--476

[3{/usr/share/texmf/fonts/enc/dvips/lm/lm-mathsy.enc} <./research/peer-review/f
igures-png/fig02-system-architecture.png>]
Underfull \hbox (badness 2213) in paragraph at lines 512--516
[]\T1/lmr/m/n/11 (+20) Let $[][] \OT1/lmr/m/n/11 (+20) = []([]\OML/lmm/m/it/11 
; \OT1/lmr/m/n/11 (+20) 0\OML/lmm/m/it/11 ; \OT1/lmr/m/n/11 (+20) 100)$\T1/lmr/
m/n/11 (+20) . With di-rec-tion flag ``higher raw is worse'', $[][] \OT1/lmr/m/
n/11 (+20) =
[4{/usr/share/texmf/fonts/enc/dvips/lm/lm-mathex.enc}]
(/usr/share/texmf/tex/latex/lm/ts1lmtt.fd) [5]
Underfull \hbox (badness 10000) in paragraph at lines 706--714
\T1/lmr/m/n/11 (+20) to the Layer[]4 keys $[]$, $[]$,
[6 <./research/peer-review/figures-png/fig03-nfsi-layers.png>]
Underfull \hbox (badness 10000) in alignment at lines 774--784
[] [] []

Underfull \hbox (badness 10000) in alignment at lines 784--786
[] [] []

Underfull \hbox (badness 10000) in alignment at lines 786--793
[] [] []
[7 <./research/peer-review/figures-png/fig05-stress-fault-tree.png>]
Underfull \hbox (badness 10000) in paragraph at lines 958--962
[][][][][][][][][][][][][][][][][][][][][][][][][][][][][][][][][][][][][][][][
][][][][][][]\T1/lmr/m/n/11 (+20) )
[8]
Underfull \hbox (badness 10000) in alignment at lines 972--982
[] [] []

Underfull \hbox (badness 10000) in alignment at lines 982--984
[] [] []

Underfull \hbox (badness 10000) in alignment at lines 984--1003
[] [] []
[9]
Underfull \hbox (badness 10000) in alignment at lines 1052--1068
[] [] [] [] [] []

Underfull \hbox (badness 10000) in alignment at lines 1068--1070
[] [] [] [] [] []

Overfull \hbox (20.67561pt too wide) in paragraph at lines 1078--1078
[]|[] 

Overfull \hbox (34.85059pt too wide) in paragraph at lines 1082--1082
[]|[] 

Overfull \hbox (30.1256pt too wide) in paragraph at lines 1089--1089
[]|[] 

Overfull \hbox (20.67561pt too wide) in paragraph at lines 1092--1092
[]|[] 

Overfull \hbox (30.1256pt too wide) in paragraph at lines 1095--1095
[]|[] 

Overfull \hbox (6.50064pt too wide) in paragraph at lines 1098--1098
[]|[] 

Overfull \hbox (15.95062pt too wide) in paragraph at lines 1101--1101
[]|[] 

Overfull \hbox (20.67561pt too wide) in paragraph at lines 1104--1104
[]|[] 

Overfull \hbox (30.1256pt too wide) in paragraph at lines 1107--1107
[]|[] 

Overfull \hbox (30.1256pt too wide) in paragraph at lines 1110--1110
[]|[] 

Overfull \hbox (1.77565pt too wide) in paragraph at lines 1118--1118
[]|[] 

Overfull \hbox (1.77565pt too wide) in paragraph at lines 1126--1126
[]|[] 

Overfull \hbox (15.95062pt too wide) in paragraph at lines 1130--1130
[]|[] 

Overfull \hbox (15.95062pt too wide) in paragraph at lines 1134--1134
[]|[] 

Overfull \hbox (6.50064pt too wide) in paragraph at lines 1142--1142
[]|[] 

Overfull \hbox (6.50064pt too wide) in paragraph at lines 1146--1146
[]|[] 

Overfull \hbox (6.50064pt too wide) in paragraph at lines 1150--1150
[]|[] 

Overfull \hbox (6.50064pt too wide) in paragraph at lines 1154--1154
[]|[] 

Overfull \hbox (6.50064pt too wide) in paragraph at lines 1158--1158
[]|[] 

Overfull \hbox (1.77565pt too wide) in paragraph at lines 1162--1162
[]|[] 

Overfull \hbox (15.95062pt too wide) in paragraph at lines 1166--1166
[]|[] 

Overfull \hbox (6.50064pt too wide) in paragraph at lines 1174--1174
[]|[] 

Overfull \hbox (6.50064pt too wide) in paragraph at lines 1178--1178
[]|[] 

Overfull \hbox (15.95062pt too wide) in paragraph at lines 1186--1186
[]|[] 

Overfull \hbox (15.95062pt too wide) in paragraph at lines 1189--1189
[]|[] 

Overfull \hbox (11.22563pt too wide) in paragraph at lines 1192--1192
[]|[] 

Overfull \hbox (25.4006pt too wide) in paragraph at lines 1195--1195
[]|[] 

Overfull \hbox (30.1256pt too wide) in paragraph at lines 1198--1198
[]|[] 

Overfull \hbox (34.85059pt too wide) in paragraph at lines 1201--1201
[]|[] 

Overfull \hbox (20.67561pt too wide) in paragraph at lines 1204--1204
[]|[] 

Overfull \hbox (6.50064pt too wide) in paragraph at lines 1207--1207
[]|[] 

Overfull \hbox (44.30057pt too wide) in paragraph at lines 1224--1224
[]|[] 

Overfull \hbox (39.57558pt too wide) in paragraph at lines 1231--1231
[]|[] 

Overfull \hbox (6.50064pt too wide) in paragraph at lines 1234--1234
[]|[] 

Overfull \hbox (6.50064pt too wide) in paragraph at lines 1237--1237
[]|[] 

Overfull \hbox (6.50064pt too wide) in paragraph at lines 1240--1240
[]|[] 

Overfull \hbox (20.67561pt too wide) in paragraph at lines 1245--1245
[]|[] 

Overfull \hbox (53.03761pt too wide) in paragraph at lines 1255--1255
[]|\T1/lmr/m/n/9 (-20) warning,partial_warning,situation_warning|  

Overfull \hbox (11.22563pt too wide) in paragraph at lines 1265--1265
[]|[] 

Overfull \hbox (15.95062pt too wide) in paragraph at lines 1270--1270
[]|[] 

Underfull \hbox (badness 10000) in alignment at lines 1070--1272
[] [] [] [] [] []
[10] [11] [12]
Underfull \hbox (badness 10000) in paragraph at lines 1302--1305


Underfull \hbox (badness 10000) in paragraph at lines 1305--1308

[13]
Overfull \hbox (8.75752pt too wide) in paragraph at lines 1526--1526
[]|[] 
[14]
Underfull \hbox (badness 10000) in alignment at lines 1581--1585
[] [] []

Underfull \hbox (badness 10000) in alignment at lines 1585--1587
[] [] []

Underfull \hbox (badness 10000) in alignment at lines 1587--1590
[] [] []

Underfull \hbox (badness 10000) in alignment at lines 1623--1633
[] [] []

Underfull \hbox (badness 10000) in alignment at lines 1633--1635
[] [] []

Underfull \hbox (badness 10000) in alignment at lines 1635--1642
[] [] []
[15]
Underfull \hbox (badness 10000) in alignment at lines 1662--1672
[] [] []

Underfull \hbox (badness 10000) in alignment at lines 1672--1674
[] [] []

Underfull \hbox (badness 10000) in alignment at lines 1674--1681
[] [] []

Underfull \hbox (badness 10000) in alignment at lines 1701--1715
[] [] [] [] []

Underfull \hbox (badness 10000) in alignment at lines 1715--1717
[] [] [] [] []

Underfull \hbox (badness 10000) in alignment at lines 1717--1733
[] [] [] [] []
[16] [17 <./research/peer-review/figures-png/fig08-sensitivity-mean-abs.png>]
[18] [19] [20] [21] [22] [23]
Overfull \hbox (12.52473pt too wide) in paragraph at lines 2550--2550
[]|[] 

Overfull \hbox (26.6997pt too wide) in paragraph at lines 2556--2556
[]|[] 

Overfull \hbox (12.52473pt too wide) in paragraph at lines 2559--2559
[]|[] 

Overfull \hbox (45.59967pt too wide) in paragraph at lines 2577--2577
[]|[] 

Overfull \hbox (17.24973pt too wide) in paragraph at lines 2582--2582
[]|[] 

Overfull \hbox (7.79974pt too wide) in paragraph at lines 2612--2612
[]|[] 

Overfull \hbox (31.4247pt too wide) in paragraph at lines 2618--2618
[]|[] 

Overfull \hbox (7.79974pt too wide) in paragraph at lines 2631--2631
[]|[] 

Overfull \hbox (12.52473pt too wide) in paragraph at lines 2643--2643
[]|[] 

Overfull \hbox (3.07475pt too wide) in paragraph at lines 2650--2650
[]|[] 

Overfull \hbox (26.6997pt too wide) in paragraph at lines 2659--2659
[]|[] 

Overfull \hbox (17.24973pt too wide) in paragraph at lines 2665--2665
[]|[] 

Overfull \hbox (3.07475pt too wide) in paragraph at lines 2668--2668
[]|[] 
[24]
Overfull \hbox (31.4247pt too wide) in paragraph at lines 2705--2705
[]|[] 

Overfull \hbox (26.6997pt too wide) in paragraph at lines 2713--2713
[]|[] 
[25] [26]
Underfull \hbox (badness 10000) in alignment at lines 2839--2849
[] [] []

Underfull \hbox (badness 10000) in alignment at lines 2849--2851
[] [] []

Underfull \hbox (badness 10000) in alignment at lines 2851--2869
[] [] []
[27]
Underfull \hbox (badness 10000) in alignment at lines 2904--2914
[] [] []

Underfull \hbox (badness 10000) in alignment at lines 2914--2916
[] [] []

Overfull \hbox (46.92517pt too wide) in paragraph at lines 2947--2948
[][] 

Overfull \hbox (28.0252pt too wide) in paragraph at lines 2981--2982
[][] 

Overfull \hbox (42.20018pt too wide) in paragraph at lines 2984--2985
[][] 

Overfull \hbox (9.12524pt too wide) in paragraph at lines 2987--2988
[][] 

Overfull \hbox (9.12524pt too wide) in paragraph at lines 2990--2991
[][] 

Overfull \hbox (42.20018pt too wide) in paragraph at lines 3030--3031
[][] 

Overfull \hbox (18.57523pt too wide) in paragraph at lines 3033--3034
[][] 

Overfull \hbox (18.57523pt too wide) in paragraph at lines 3036--3037
[][] 

Overfull \hbox (32.7502pt too wide) in paragraph at lines 3039--3040
[][] 

Underfull \hbox (badness 10000) in alignment at lines 2916--3056
[] [] []
[28] [29] [30]
(/var/www/clients/client1/web3/web/research-review-en/research/deposit/build/ma
nuscript-peer-review-ieee.aux) )
(see the transcript file for additional information)</usr/share/texmf/fonts/typ
e1/public/lm/lmbx12.pfb></usr/share/texmf/fonts/type1/public/lm/lmbx8.pfb></usr
/share/texmf/fonts/type1/public/lm/lmbx9.pfb></usr/share/texmf/fonts/type1/publ
ic/lm/lmbxi10.pfb></usr/share/texmf/fonts/type1/public/lm/lmcsc10.pfb></usr/sha
re/texmf/fonts/type1/public/lm/lmex10.pfb></usr/share/texmf/fonts/type1/public/
lm/lmmi12.pfb></usr/share/texmf/fonts/type1/public/lm/lmmi6.pfb></usr/share/tex
mf/fonts/type1/public/lm/lmmi8.pfb></usr/share/texmf/fonts/type1/public/lm/lmmi
9.pfb></usr/share/texmf/fonts/type1/public/lm/lmr12.pfb></usr/share/texmf/fonts
/type1/public/lm/lmr17.pfb></usr/share/texmf/fonts/type1/public/lm/lmr6.pfb></u
sr/share/texmf/fonts/type1/public/lm/lmr8.pfb></usr/share/texmf/fonts/type1/pub
lic/lm/lmr9.pfb></usr/share/texmf/fonts/type1/public/lm/lmri12.pfb></usr/share/
texmf/fonts/type1/public/lm/lmsy10.pfb></usr/share/texmf/fonts/type1/public/lm/
lmsy6.pfb></usr/share/texmf/fonts/type1/public/lm/lmsy8.pfb></usr/share/texmf/f
onts/type1/public/lm/lmsy9.pfb></usr/share/texmf/fonts/type1/public/lm/lmtk10.p
fb></usr/share/texmf/fonts/type1/public/lm/lmtt12.pfb></usr/share/texmf/fonts/t
ype1/public/lm/lmtt9.pfb></usr/share/texmf/fonts/type1/public/lm/lmtti10.pfb>
Output written on /var/www/clients/client1/web3/web/research-review-en/research
/deposit/build/manuscript-peer-review-ieee.pdf (31 pages, 782780 bytes).
Transcript written on /var/www/clients/client1/web3/web/research-review-en/rese
arch/deposit/build/manuscript-peer-review-ieee.log.
This is pdfTeX, Version 3.141592653-2.6-1.40.25 (TeX Live 2023/Debian) (preloaded format=pdflatex)
 restricted \write18 enabled.
entering extended mode

(/var/www/clients/client1/web3/web/research-review-en/research/deposit/build/ma
nuscript-peer-review-ieee.tex
LaTeX2e <2023-11-01> patch level 1
L3 programming layer <2024-01-22>

(/var/www/clients/client1/web3/web/research-review-en/research/latex/vendor/IEE
Etran/IEEEtran.cls
Document Class: IEEEtran 2015/08/26 V1.8b by Michael Shell
-- See the "IEEEtran_HOWTO" manual for usage information.
-- http://www.michaelshell.org/tex/ieeetran/
(/usr/share/texlive/texmf-dist/tex/latex/psnfss/ot1ptm.fd)
** ATTENTION: Single column mode is not typically used with IEEE publications.
-- Using 8.5in x 11in (letter) paper.
-- Using PDF output.
-- This is an 11 point document.
) (/usr/share/texlive/texmf-dist/tex/latex/amsmath/amsmath.sty
For additional information on amsmath, use the `?' option.
(/usr/share/texlive/texmf-dist/tex/latex/amsmath/amstext.sty
(/usr/share/texlive/texmf-dist/tex/latex/amsmath/amsgen.sty))
(/usr/share/texlive/texmf-dist/tex/latex/amsmath/amsbsy.sty)
(/usr/share/texlive/texmf-dist/tex/latex/amsmath/amsopn.sty))
(/usr/share/texlive/texmf-dist/tex/latex/amsfonts/amssymb.sty
(/usr/share/texlive/texmf-dist/tex/latex/amsfonts/amsfonts.sty))
(/usr/share/texlive/texmf-dist/tex/generic/iftex/iftex.sty)
(/usr/share/texlive/texmf-dist/tex/latex/base/fontenc.sty
(/usr/share/texlive/texmf-dist/tex/latex/psnfss/t1ptm.fd))
(/usr/share/texlive/texmf-dist/tex/latex/base/inputenc.sty)
(/usr/share/texlive/texmf-dist/tex/latex/base/textcomp.sty)
(/usr/share/texmf/tex/latex/lm/lmodern.sty)
(/usr/share/texlive/texmf-dist/tex/latex/upquote/upquote.sty)
(/usr/share/texlive/texmf-dist/tex/latex/microtype/microtype.sty
(/usr/share/texlive/texmf-dist/tex/latex/graphics/keyval.sty)
(/usr/share/texlive/texmf-dist/tex/latex/etoolbox/etoolbox.sty)
(/usr/share/texlive/texmf-dist/tex/latex/microtype/microtype-pdftex.def)
(/usr/share/texlive/texmf-dist/tex/latex/microtype/microtype.cfg))
(/usr/share/texlive/texmf-dist/tex/latex/parskip/parskip.sty
(/usr/share/texlive/texmf-dist/tex/latex/kvoptions/kvoptions.sty
(/usr/share/texlive/texmf-dist/tex/generic/ltxcmds/ltxcmds.sty)
(/usr/share/texlive/texmf-dist/tex/latex/kvsetkeys/kvsetkeys.sty)))
(/usr/share/texlive/texmf-dist/tex/latex/xcolor/xcolor.sty
(/usr/share/texlive/texmf-dist/tex/latex/graphics-cfg/color.cfg)
(/usr/share/texlive/texmf-dist/tex/latex/graphics-def/pdftex.def)
(/usr/share/texlive/texmf-dist/tex/latex/graphics/mathcolor.ltx))
(/usr/share/texlive/texmf-dist/tex/latex/listings/listings.sty
(/usr/share/texlive/texmf-dist/tex/latex/listings/lstmisc.sty)
(/usr/share/texlive/texmf-dist/tex/latex/listings/listings.cfg))
(/usr/share/texlive/texmf-dist/tex/latex/tools/longtable.sty)
(/usr/share/texlive/texmf-dist/tex/latex/booktabs/booktabs.sty)
(/usr/share/texlive/texmf-dist/tex/latex/tools/array.sty)
(/usr/share/texlive/texmf-dist/tex/latex/tools/calc.sty)
(/usr/share/texlive/texmf-dist/tex/latex/footnotehyper/footnotehyper.sty)
(/usr/share/texlive/texmf-dist/tex/latex/graphics/graphicx.sty
(/usr/share/texlive/texmf-dist/tex/latex/graphics/graphics.sty
(/usr/share/texlive/texmf-dist/tex/latex/graphics/trig.sty)
(/usr/share/texlive/texmf-dist/tex/latex/graphics-cfg/graphics.cfg)))
(/usr/share/texlive/texmf-dist/tex/latex/base/fontenc.sty
(/usr/share/texmf/tex/latex/lm/t1lmr.fd))
(/usr/share/texlive/texmf-dist/tex/latex/listingsutf8/listingsutf8.sty
(/usr/share/texlive/texmf-dist/tex/generic/pdftexcmds/pdftexcmds.sty
(/usr/share/texlive/texmf-dist/tex/generic/infwarerr/infwarerr.sty))
(/usr/share/texlive/texmf-dist/tex/generic/stringenc/stringenc.sty
(/usr/share/texlive/texmf-dist/tex/generic/pdfescape/pdfescape.sty)))
(/usr/share/texlive/texmf-dist/tex/latex/xurl/xurl.sty
(/usr/share/texlive/texmf-dist/tex/latex/url/url.sty))
(/usr/share/texlive/texmf-dist/tex/latex/adjustbox/adjustbox.sty
(/usr/share/texlive/texmf-dist/tex/latex/xkeyval/xkeyval.sty
(/usr/share/texlive/texmf-dist/tex/generic/xkeyval/xkeyval.tex
(/usr/share/texlive/texmf-dist/tex/generic/xkeyval/xkvutils.tex)))
(/usr/share/texlive/texmf-dist/tex/latex/adjustbox/adjcalc.sty)
(/usr/share/texlive/texmf-dist/tex/latex/adjustbox/trimclip.sty
(/usr/share/texlive/texmf-dist/tex/latex/collectbox/collectbox.sty)
(/usr/share/texlive/texmf-dist/tex/latex/adjustbox/tc-pdftex.def))
(/usr/share/texlive/texmf-dist/tex/latex/ifoddpage/ifoddpage.sty)
(/usr/share/texlive/texmf-dist/tex/latex/varwidth/varwidth.sty))
(/usr/share/texlive/texmf-dist/tex/latex/pdflscape/pdflscape.sty
(/usr/share/texlive/texmf-dist/tex/latex/pdflscape/pdflscape-nometadata.sty
(/usr/share/texlive/texmf-dist/tex/latex/graphics/lscape.sty)))
(/usr/share/texlive/texmf-dist/tex/latex/tools/tabularx.sty)
(/usr/share/texlive/texmf-dist/tex/latex/ragged2e/ragged2e.sty)
(/usr/share/texlive/texmf-dist/tex/latex/bookmark/bookmark.sty
(/usr/share/texlive/texmf-dist/tex/latex/hyperref/hyperref.sty
(/usr/share/texlive/texmf-dist/tex/generic/kvdefinekeys/kvdefinekeys.sty)
(/usr/share/texlive/texmf-dist/tex/latex/hycolor/hycolor.sty)
(/usr/share/texlive/texmf-dist/tex/latex/auxhook/auxhook.sty)
(/usr/share/texlive/texmf-dist/tex/latex/hyperref/nameref.sty
(/usr/share/texlive/texmf-dist/tex/latex/refcount/refcount.sty)
(/usr/share/texlive/texmf-dist/tex/generic/gettitlestring/gettitlestring.sty))
(/usr/share/texlive/texmf-dist/tex/latex/hyperref/pd1enc.def)
(/usr/share/texlive/texmf-dist/tex/generic/intcalc/intcalc.sty)
(/usr/share/texlive/texmf-dist/tex/latex/hyperref/puenc.def)
(/usr/share/texlive/texmf-dist/tex/generic/bitset/bitset.sty
(/usr/share/texlive/texmf-dist/tex/generic/bigintcalc/bigintcalc.sty))
(/usr/share/texlive/texmf-dist/tex/latex/base/atbegshi-ltx.sty))
(/usr/share/texlive/texmf-dist/tex/latex/hyperref/hpdftex.def
(/usr/share/texlive/texmf-dist/tex/latex/base/atveryend-ltx.sty)
(/usr/share/texlive/texmf-dist/tex/latex/rerunfilecheck/rerunfilecheck.sty
(/usr/share/texlive/texmf-dist/tex/generic/uniquecounter/uniquecounter.sty)))
(/usr/share/texlive/texmf-dist/tex/latex/bookmark/bkm-pdftex.def))
(/usr/share/texlive/texmf-dist/tex/latex/l3backend/l3backend-pdftex.def)
(/var/www/clients/client1/web3/web/research-review-en/research/deposit/build/ma
nuscript-peer-review-ieee.aux)
-- Lines per column: 52 (exact).
(/usr/share/texlive/texmf-dist/tex/latex/microtype/mt-cmr.cfg)
(/usr/share/texlive/texmf-dist/tex/context/base/mkii/supp-pdf.mkii
[Loading MPS to PDF converter (version 2006.09.02).]
) (/usr/share/texlive/texmf-dist/tex/latex/epstopdf-pkg/epstopdf-base.sty
(/usr/share/texlive/texmf-dist/tex/latex/latexconfig/epstopdf-sys.cfg))
(/usr/share/texmf/tex/latex/lm/ts1lmr.fd)
(/usr/share/texmf/tex/latex/lm/t1lmtt.fd)
(/usr/share/texmf/tex/latex/lm/ot1lmr.fd)
(/usr/share/texmf/tex/latex/lm/omllmm.fd)
(/usr/share/texmf/tex/latex/lm/omslmsy.fd)
(/usr/share/texmf/tex/latex/lm/omxlmex.fd)
(/usr/share/texlive/texmf-dist/tex/latex/amsfonts/umsa.fd)
(/usr/share/texlive/texmf-dist/tex/latex/microtype/mt-msa.cfg)
(/usr/share/texlive/texmf-dist/tex/latex/amsfonts/umsb.fd)
(/usr/share/texlive/texmf-dist/tex/latex/microtype/mt-msb.cfg) [0{/var/lib/texm
f/fonts/map/pdftex/updmap/pdftex.map}{/usr/share/texmf/fonts/enc/dvips/lm/lm-ec
.enc}{/usr/share/texmf/fonts/enc/dvips/lm/lm-ts1.enc}{/usr/share/texmf/fonts/en
c/dvips/lm/lm-rm.enc}{/usr/share/texmf/fonts/enc/dvips/lm/lm-mathit.enc}]
[1] [2 <./research/peer-review/figures-png/fig01-paradigm-shift.png> <./researc
h/peer-review/figures-png/fig06-benchmark-freshness.png>]
Underfull \hbox (badness 10000) in paragraph at lines 469--475


Underfull \hbox (badness 10000) in paragraph at lines 475--478

[3{/usr/share/texmf/fonts/enc/dvips/lm/lm-mathsy.enc} <./research/peer-review/f
igures-png/fig02-system-architecture.png>]
Underfull \hbox (badness 2213) in paragraph at lines 514--518
[]\T1/lmr/m/n/11 (+20) Let $[][] \OT1/lmr/m/n/11 (+20) = []([]\OML/lmm/m/it/11 
; \OT1/lmr/m/n/11 (+20) 0\OML/lmm/m/it/11 ; \OT1/lmr/m/n/11 (+20) 100)$\T1/lmr/
m/n/11 (+20) . With di-rec-tion flag ``higher raw is worse'', $[][] \OT1/lmr/m/
n/11 (+20) =
[4{/usr/share/texmf/fonts/enc/dvips/lm/lm-mathex.enc}]
(/usr/share/texmf/tex/latex/lm/ts1lmtt.fd) [5]
Underfull \hbox (badness 10000) in paragraph at lines 708--716
\T1/lmr/m/n/11 (+20) to the Layer[]4 keys $[]$, $[]$,
[6 <./research/peer-review/figures-png/fig03-nfsi-layers.png>]
Underfull \hbox (badness 10000) in alignment at lines 776--786
[] [] []

Underfull \hbox (badness 10000) in alignment at lines 786--788
[] [] []

Underfull \hbox (badness 10000) in alignment at lines 788--795
[] [] []
[7 <./research/peer-review/figures-png/fig05-stress-fault-tree.png>]
Underfull \hbox (badness 10000) in paragraph at lines 960--964
[][][][][][][][][][][][][][][][][][][][][][][][][][][][][][][][][][][][][][][][
][][][][][][]\T1/lmr/m/n/11 (+20) )
[8]
Underfull \hbox (badness 10000) in alignment at lines 974--984
[] [] []

Underfull \hbox (badness 10000) in alignment at lines 984--986
[] [] []

Underfull \hbox (badness 10000) in alignment at lines 986--1005
[] [] []
[9]
Underfull \hbox (badness 10000) in alignment at lines 1054--1070
[] [] [] [] [] []

Underfull \hbox (badness 10000) in alignment at lines 1070--1072
[] [] [] [] [] []

Overfull \hbox (20.67561pt too wide) in paragraph at lines 1080--1080
[]|[] 

Overfull \hbox (34.85059pt too wide) in paragraph at lines 1084--1084
[]|[] 

Overfull \hbox (30.1256pt too wide) in paragraph at lines 1091--1091
[]|[] 

Overfull \hbox (20.67561pt too wide) in paragraph at lines 1094--1094
[]|[] 

Overfull \hbox (30.1256pt too wide) in paragraph at lines 1097--1097
[]|[] 

Overfull \hbox (6.50064pt too wide) in paragraph at lines 1100--1100
[]|[] 

Overfull \hbox (15.95062pt too wide) in paragraph at lines 1103--1103
[]|[] 

Overfull \hbox (20.67561pt too wide) in paragraph at lines 1106--1106
[]|[] 

Overfull \hbox (30.1256pt too wide) in paragraph at lines 1109--1109
[]|[] 

Overfull \hbox (30.1256pt too wide) in paragraph at lines 1112--1112
[]|[] 

Overfull \hbox (1.77565pt too wide) in paragraph at lines 1120--1120
[]|[] 

Overfull \hbox (1.77565pt too wide) in paragraph at lines 1128--1128
[]|[] 

Overfull \hbox (15.95062pt too wide) in paragraph at lines 1132--1132
[]|[] 

Overfull \hbox (15.95062pt too wide) in paragraph at lines 1136--1136
[]|[] 

Overfull \hbox (6.50064pt too wide) in paragraph at lines 1144--1144
[]|[] 

Overfull \hbox (6.50064pt too wide) in paragraph at lines 1148--1148
[]|[] 

Overfull \hbox (6.50064pt too wide) in paragraph at lines 1152--1152
[]|[] 

Overfull \hbox (6.50064pt too wide) in paragraph at lines 1156--1156
[]|[] 

Overfull \hbox (6.50064pt too wide) in paragraph at lines 1160--1160
[]|[] 

Overfull \hbox (1.77565pt too wide) in paragraph at lines 1164--1164
[]|[] 

Overfull \hbox (15.95062pt too wide) in paragraph at lines 1168--1168
[]|[] 

Overfull \hbox (6.50064pt too wide) in paragraph at lines 1176--1176
[]|[] 

Overfull \hbox (6.50064pt too wide) in paragraph at lines 1180--1180
[]|[] 

Overfull \hbox (15.95062pt too wide) in paragraph at lines 1188--1188
[]|[] 

Overfull \hbox (15.95062pt too wide) in paragraph at lines 1191--1191
[]|[] 

Overfull \hbox (11.22563pt too wide) in paragraph at lines 1194--1194
[]|[] 

Overfull \hbox (25.4006pt too wide) in paragraph at lines 1197--1197
[]|[] 

Overfull \hbox (30.1256pt too wide) in paragraph at lines 1200--1200
[]|[] 

Overfull \hbox (34.85059pt too wide) in paragraph at lines 1203--1203
[]|[] 

Overfull \hbox (20.67561pt too wide) in paragraph at lines 1206--1206
[]|[] 

Overfull \hbox (6.50064pt too wide) in paragraph at lines 1209--1209
[]|[] 

Overfull \hbox (44.30057pt too wide) in paragraph at lines 1226--1226
[]|[] 

Overfull \hbox (39.57558pt too wide) in paragraph at lines 1233--1233
[]|[] 

Overfull \hbox (6.50064pt too wide) in paragraph at lines 1236--1236
[]|[] 

Overfull \hbox (6.50064pt too wide) in paragraph at lines 1239--1239
[]|[] 

Overfull \hbox (6.50064pt too wide) in paragraph at lines 1242--1242
[]|[] 

Overfull \hbox (20.67561pt too wide) in paragraph at lines 1247--1247
[]|[] 

Overfull \hbox (53.03761pt too wide) in paragraph at lines 1257--1257
[]|\T1/lmr/m/n/9 (-20) warning,partial_warning,situation_warning|  

Overfull \hbox (11.22563pt too wide) in paragraph at lines 1267--1267
[]|[] 

Overfull \hbox (15.95062pt too wide) in paragraph at lines 1272--1272
[]|[] 

Underfull \hbox (badness 10000) in alignment at lines 1072--1274
[] [] [] [] [] []
[10] [11] [12]
Underfull \hbox (badness 10000) in paragraph at lines 1304--1307


Underfull \hbox (badness 10000) in paragraph at lines 1307--1310

[13]
Overfull \hbox (8.75752pt too wide) in paragraph at lines 1528--1528
[]|[] 
[14]
Underfull \hbox (badness 10000) in alignment at lines 1583--1587
[] [] []

Underfull \hbox (badness 10000) in alignment at lines 1587--1589
[] [] []

Underfull \hbox (badness 10000) in alignment at lines 1589--1592
[] [] []

Underfull \hbox (badness 10000) in alignment at lines 1625--1635
[] [] []

Underfull \hbox (badness 10000) in alignment at lines 1635--1637
[] [] []

Underfull \hbox (badness 10000) in alignment at lines 1637--1644
[] [] []
[15]
Underfull \hbox (badness 10000) in alignment at lines 1664--1674
[] [] []

Underfull \hbox (badness 10000) in alignment at lines 1674--1676
[] [] []

Underfull \hbox (badness 10000) in alignment at lines 1676--1683
[] [] []

Underfull \hbox (badness 10000) in alignment at lines 1703--1717
[] [] [] [] []

Underfull \hbox (badness 10000) in alignment at lines 1717--1719
[] [] [] [] []

Underfull \hbox (badness 10000) in alignment at lines 1719--1735
[] [] [] [] []
[16] [17 <./research/peer-review/figures-png/fig08-sensitivity-mean-abs.png>]
[18] [19] [20] [21] [22] [23]
Overfull \hbox (12.52473pt too wide) in paragraph at lines 2552--2552
[]|[] 

Overfull \hbox (26.6997pt too wide) in paragraph at lines 2558--2558
[]|[] 

Overfull \hbox (12.52473pt too wide) in paragraph at lines 2561--2561
[]|[] 

Overfull \hbox (45.59967pt too wide) in paragraph at lines 2579--2579
[]|[] 

Overfull \hbox (17.24973pt too wide) in paragraph at lines 2584--2584
[]|[] 

Overfull \hbox (7.79974pt too wide) in paragraph at lines 2614--2614
[]|[] 

Overfull \hbox (31.4247pt too wide) in paragraph at lines 2620--2620
[]|[] 

Overfull \hbox (7.79974pt too wide) in paragraph at lines 2633--2633
[]|[] 

Overfull \hbox (12.52473pt too wide) in paragraph at lines 2645--2645
[]|[] 

Overfull \hbox (3.07475pt too wide) in paragraph at lines 2652--2652
[]|[] 

Overfull \hbox (26.6997pt too wide) in paragraph at lines 2661--2661
[]|[] 

Overfull \hbox (17.24973pt too wide) in paragraph at lines 2667--2667
[]|[] 

Overfull \hbox (3.07475pt too wide) in paragraph at lines 2670--2670
[]|[] 
[24]
Overfull \hbox (31.4247pt too wide) in paragraph at lines 2707--2707
[]|[] 

Overfull \hbox (26.6997pt too wide) in paragraph at lines 2715--2715
[]|[] 
[25] [26]
Underfull \hbox (badness 10000) in alignment at lines 2841--2851
[] [] []

Underfull \hbox (badness 10000) in alignment at lines 2851--2853
[] [] []

Underfull \hbox (badness 10000) in alignment at lines 2853--2871
[] [] []
[27]
Underfull \hbox (badness 10000) in alignment at lines 2906--2916
[] [] []

Underfull \hbox (badness 10000) in alignment at lines 2916--2918
[] [] []

Overfull \hbox (46.92517pt too wide) in paragraph at lines 2949--2950
[][] 

Overfull \hbox (28.0252pt too wide) in paragraph at lines 2983--2984
[][] 

Overfull \hbox (42.20018pt too wide) in paragraph at lines 2986--2987
[][] 

Overfull \hbox (9.12524pt too wide) in paragraph at lines 2989--2990
[][] 

Overfull \hbox (9.12524pt too wide) in paragraph at lines 2992--2993
[][] 

Overfull \hbox (42.20018pt too wide) in paragraph at lines 3032--3033
[][] 

Overfull \hbox (18.57523pt too wide) in paragraph at lines 3035--3036
[][] 

Overfull \hbox (18.57523pt too wide) in paragraph at lines 3038--3039
[][] 

Overfull \hbox (32.7502pt too wide) in paragraph at lines 3041--3042
[][] 

Underfull \hbox (badness 10000) in alignment at lines 2918--3058
[] [] []
[28] [29] [30]
(/var/www/clients/client1/web3/web/research-review-en/research/deposit/build/ma
nuscript-peer-review-ieee.aux) )
(see the transcript file for additional information)</usr/share/texmf/fonts/typ
e1/public/lm/lmbx12.pfb></usr/share/texmf/fonts/type1/public/lm/lmbx8.pfb></usr
/share/texmf/fonts/type1/public/lm/lmbx9.pfb></usr/share/texmf/fonts/type1/publ
ic/lm/lmbxi10.pfb></usr/share/texmf/fonts/type1/public/lm/lmcsc10.pfb></usr/sha
re/texmf/fonts/type1/public/lm/lmex10.pfb></usr/share/texmf/fonts/type1/public/
lm/lmmi12.pfb></usr/share/texmf/fonts/type1/public/lm/lmmi6.pfb></usr/share/tex
mf/fonts/type1/public/lm/lmmi8.pfb></usr/share/texmf/fonts/type1/public/lm/lmmi
9.pfb></usr/share/texmf/fonts/type1/public/lm/lmr12.pfb></usr/share/texmf/fonts
/type1/public/lm/lmr17.pfb></usr/share/texmf/fonts/type1/public/lm/lmr6.pfb></u
sr/share/texmf/fonts/type1/public/lm/lmr8.pfb></usr/share/texmf/fonts/type1/pub
lic/lm/lmr9.pfb></usr/share/texmf/fonts/type1/public/lm/lmri12.pfb></usr/share/
texmf/fonts/type1/public/lm/lmsy10.pfb></usr/share/texmf/fonts/type1/public/lm/
lmsy6.pfb></usr/share/texmf/fonts/type1/public/lm/lmsy8.pfb></usr/share/texmf/f
onts/type1/public/lm/lmsy9.pfb></usr/share/texmf/fonts/type1/public/lm/lmtk10.p
fb></usr/share/texmf/fonts/type1/public/lm/lmtt12.pfb></usr/share/texmf/fonts/t
ype1/public/lm/lmtt9.pfb></usr/share/texmf/fonts/type1/public/lm/lmtti10.pfb>
Output written on /var/www/clients/client1/web3/web/research-review-en/research
/deposit/build/manuscript-peer-review-ieee.pdf (31 pages, 782780 bytes).
Transcript written on /var/www/clients/client1/web3/web/research-review-en/rese
arch/deposit/build/manuscript-peer-review-ieee.log.
This is pdfTeX, Version 3.141592653-2.6-1.40.25 (TeX Live 2023/Debian) (preloaded format=pdflatex)
 restricted \write18 enabled.
entering extended mode

(/var/www/clients/client1/web3/web/research-review-en/research/deposit/build/ma
nuscript-peer-review-ieee.tex
LaTeX2e <2023-11-01> patch level 1
L3 programming layer <2024-01-22>

(/var/www/clients/client1/web3/web/research-review-en/research/latex/vendor/IEE
Etran/IEEEtran.cls
Document Class: IEEEtran 2015/08/26 V1.8b by Michael Shell
-- See the "IEEEtran_HOWTO" manual for usage information.
-- http://www.michaelshell.org/tex/ieeetran/
(/usr/share/texlive/texmf-dist/tex/latex/psnfss/ot1ptm.fd)
** ATTENTION: Single column mode is not typically used with IEEE publications.
-- Using 8.5in x 11in (letter) paper.
-- Using PDF output.
-- This is an 11 point document.
) (/usr/share/texlive/texmf-dist/tex/latex/amsmath/amsmath.sty
For additional information on amsmath, use the `?' option.
(/usr/share/texlive/texmf-dist/tex/latex/amsmath/amstext.sty
(/usr/share/texlive/texmf-dist/tex/latex/amsmath/amsgen.sty))
(/usr/share/texlive/texmf-dist/tex/latex/amsmath/amsbsy.sty)
(/usr/share/texlive/texmf-dist/tex/latex/amsmath/amsopn.sty))
(/usr/share/texlive/texmf-dist/tex/latex/amsfonts/amssymb.sty
(/usr/share/texlive/texmf-dist/tex/latex/amsfonts/amsfonts.sty))
(/usr/share/texlive/texmf-dist/tex/generic/iftex/iftex.sty)
(/usr/share/texlive/texmf-dist/tex/latex/base/fontenc.sty
(/usr/share/texlive/texmf-dist/tex/latex/psnfss/t1ptm.fd))
(/usr/share/texlive/texmf-dist/tex/latex/base/inputenc.sty)
(/usr/share/texlive/texmf-dist/tex/latex/base/textcomp.sty)
(/usr/share/texmf/tex/latex/lm/lmodern.sty)
(/usr/share/texlive/texmf-dist/tex/latex/upquote/upquote.sty)
(/usr/share/texlive/texmf-dist/tex/latex/microtype/microtype.sty
(/usr/share/texlive/texmf-dist/tex/latex/graphics/keyval.sty)
(/usr/share/texlive/texmf-dist/tex/latex/etoolbox/etoolbox.sty)
(/usr/share/texlive/texmf-dist/tex/latex/microtype/microtype-pdftex.def)
(/usr/share/texlive/texmf-dist/tex/latex/microtype/microtype.cfg))
(/usr/share/texlive/texmf-dist/tex/latex/parskip/parskip.sty
(/usr/share/texlive/texmf-dist/tex/latex/kvoptions/kvoptions.sty
(/usr/share/texlive/texmf-dist/tex/generic/ltxcmds/ltxcmds.sty)
(/usr/share/texlive/texmf-dist/tex/latex/kvsetkeys/kvsetkeys.sty)))
(/usr/share/texlive/texmf-dist/tex/latex/xcolor/xcolor.sty
(/usr/share/texlive/texmf-dist/tex/latex/graphics-cfg/color.cfg)
(/usr/share/texlive/texmf-dist/tex/latex/graphics-def/pdftex.def)
(/usr/share/texlive/texmf-dist/tex/latex/graphics/mathcolor.ltx))
(/usr/share/texlive/texmf-dist/tex/latex/listings/listings.sty
(/usr/share/texlive/texmf-dist/tex/latex/listings/lstmisc.sty)
(/usr/share/texlive/texmf-dist/tex/latex/listings/listings.cfg))
(/usr/share/texlive/texmf-dist/tex/latex/tools/longtable.sty)
(/usr/share/texlive/texmf-dist/tex/latex/booktabs/booktabs.sty)
(/usr/share/texlive/texmf-dist/tex/latex/tools/array.sty)
(/usr/share/texlive/texmf-dist/tex/latex/tools/calc.sty)
(/usr/share/texlive/texmf-dist/tex/latex/footnotehyper/footnotehyper.sty)
(/usr/share/texlive/texmf-dist/tex/latex/graphics/graphicx.sty
(/usr/share/texlive/texmf-dist/tex/latex/graphics/graphics.sty
(/usr/share/texlive/texmf-dist/tex/latex/graphics/trig.sty)
(/usr/share/texlive/texmf-dist/tex/latex/graphics-cfg/graphics.cfg)))
(/usr/share/texlive/texmf-dist/tex/latex/base/fontenc.sty
(/usr/share/texmf/tex/latex/lm/t1lmr.fd))
(/usr/share/texlive/texmf-dist/tex/latex/listingsutf8/listingsutf8.sty
(/usr/share/texlive/texmf-dist/tex/generic/pdftexcmds/pdftexcmds.sty
(/usr/share/texlive/texmf-dist/tex/generic/infwarerr/infwarerr.sty))
(/usr/share/texlive/texmf-dist/tex/generic/stringenc/stringenc.sty
(/usr/share/texlive/texmf-dist/tex/generic/pdfescape/pdfescape.sty)))
(/usr/share/texlive/texmf-dist/tex/latex/xurl/xurl.sty
(/usr/share/texlive/texmf-dist/tex/latex/url/url.sty))
(/usr/share/texlive/texmf-dist/tex/latex/adjustbox/adjustbox.sty
(/usr/share/texlive/texmf-dist/tex/latex/xkeyval/xkeyval.sty
(/usr/share/texlive/texmf-dist/tex/generic/xkeyval/xkeyval.tex
(/usr/share/texlive/texmf-dist/tex/generic/xkeyval/xkvutils.tex)))
(/usr/share/texlive/texmf-dist/tex/latex/adjustbox/adjcalc.sty)
(/usr/share/texlive/texmf-dist/tex/latex/adjustbox/trimclip.sty
(/usr/share/texlive/texmf-dist/tex/latex/collectbox/collectbox.sty)
(/usr/share/texlive/texmf-dist/tex/latex/adjustbox/tc-pdftex.def))
(/usr/share/texlive/texmf-dist/tex/latex/ifoddpage/ifoddpage.sty)
(/usr/share/texlive/texmf-dist/tex/latex/varwidth/varwidth.sty))
(/usr/share/texlive/texmf-dist/tex/latex/pdflscape/pdflscape.sty
(/usr/share/texlive/texmf-dist/tex/latex/pdflscape/pdflscape-nometadata.sty
(/usr/share/texlive/texmf-dist/tex/latex/graphics/lscape.sty)))
(/usr/share/texlive/texmf-dist/tex/latex/tools/tabularx.sty)
(/usr/share/texlive/texmf-dist/tex/latex/ragged2e/ragged2e.sty)
(/usr/share/texlive/texmf-dist/tex/latex/bookmark/bookmark.sty
(/usr/share/texlive/texmf-dist/tex/latex/hyperref/hyperref.sty
(/usr/share/texlive/texmf-dist/tex/generic/kvdefinekeys/kvdefinekeys.sty)
(/usr/share/texlive/texmf-dist/tex/latex/hycolor/hycolor.sty)
(/usr/share/texlive/texmf-dist/tex/latex/auxhook/auxhook.sty)
(/usr/share/texlive/texmf-dist/tex/latex/hyperref/nameref.sty
(/usr/share/texlive/texmf-dist/tex/latex/refcount/refcount.sty)
(/usr/share/texlive/texmf-dist/tex/generic/gettitlestring/gettitlestring.sty))
(/usr/share/texlive/texmf-dist/tex/latex/hyperref/pd1enc.def)
(/usr/share/texlive/texmf-dist/tex/generic/intcalc/intcalc.sty)
(/usr/share/texlive/texmf-dist/tex/latex/hyperref/puenc.def)
(/usr/share/texlive/texmf-dist/tex/generic/bitset/bitset.sty
(/usr/share/texlive/texmf-dist/tex/generic/bigintcalc/bigintcalc.sty))
(/usr/share/texlive/texmf-dist/tex/latex/base/atbegshi-ltx.sty))
(/usr/share/texlive/texmf-dist/tex/latex/hyperref/hpdftex.def
(/usr/share/texlive/texmf-dist/tex/latex/base/atveryend-ltx.sty)
(/usr/share/texlive/texmf-dist/tex/latex/rerunfilecheck/rerunfilecheck.sty
(/usr/share/texlive/texmf-dist/tex/generic/uniquecounter/uniquecounter.sty)))
(/usr/share/texlive/texmf-dist/tex/latex/bookmark/bkm-pdftex.def))
(/usr/share/texlive/texmf-dist/tex/latex/l3backend/l3backend-pdftex.def)
(/var/www/clients/client1/web3/web/research-review-en/research/deposit/build/ma
nuscript-peer-review-ieee.aux)
-- Lines per column: 52 (exact).
(/usr/share/texlive/texmf-dist/tex/latex/microtype/mt-cmr.cfg)
(/usr/share/texlive/texmf-dist/tex/context/base/mkii/supp-pdf.mkii
[Loading MPS to PDF converter (version 2006.09.02).]
) (/usr/share/texlive/texmf-dist/tex/latex/epstopdf-pkg/epstopdf-base.sty
(/usr/share/texlive/texmf-dist/tex/latex/latexconfig/epstopdf-sys.cfg))
(/usr/share/texmf/tex/latex/lm/ts1lmr.fd)
(/usr/share/texmf/tex/latex/lm/t1lmtt.fd)
(/usr/share/texmf/tex/latex/lm/ot1lmr.fd)
(/usr/share/texmf/tex/latex/lm/omllmm.fd)
(/usr/share/texmf/tex/latex/lm/omslmsy.fd)
(/usr/share/texmf/tex/latex/lm/omxlmex.fd)
(/usr/share/texlive/texmf-dist/tex/latex/amsfonts/umsa.fd)
(/usr/share/texlive/texmf-dist/tex/latex/microtype/mt-msa.cfg)
(/usr/share/texlive/texmf-dist/tex/latex/amsfonts/umsb.fd)
(/usr/share/texlive/texmf-dist/tex/latex/microtype/mt-msb.cfg) [0{/var/lib/texm
f/fonts/map/pdftex/updmap/pdftex.map}{/usr/share/texmf/fonts/enc/dvips/lm/lm-ec
.enc}{/usr/share/texmf/fonts/enc/dvips/lm/lm-ts1.enc}{/usr/share/texmf/fonts/en
c/dvips/lm/lm-rm.enc}{/usr/share/texmf/fonts/enc/dvips/lm/lm-mathit.enc}]
[1] [2 <./research/peer-review/figures-png/fig01-paradigm-shift.png> <./researc
h/peer-review/figures-png/fig06-benchmark-freshness.png>]
Underfull \hbox (badness 10000) in paragraph at lines 469--475


Underfull \hbox (badness 10000) in paragraph at lines 475--478

[3{/usr/share/texmf/fonts/enc/dvips/lm/lm-mathsy.enc} <./research/peer-review/f
igures-png/fig02-system-architecture.png>]
Underfull \hbox (badness 2213) in paragraph at lines 514--518
[]\T1/lmr/m/n/11 (+20) Let $[][] \OT1/lmr/m/n/11 (+20) = []([]\OML/lmm/m/it/11 
; \OT1/lmr/m/n/11 (+20) 0\OML/lmm/m/it/11 ; \OT1/lmr/m/n/11 (+20) 100)$\T1/lmr/
m/n/11 (+20) . With di-rec-tion flag ``higher raw is worse'', $[][] \OT1/lmr/m/
n/11 (+20) =
[4{/usr/share/texmf/fonts/enc/dvips/lm/lm-mathex.enc}]
(/usr/share/texmf/tex/latex/lm/ts1lmtt.fd) [5]
Underfull \hbox (badness 10000) in paragraph at lines 708--716
\T1/lmr/m/n/11 (+20) to the Layer[]4 keys $[]$, $[]$,
[6 <./research/peer-review/figures-png/fig03-nfsi-layers.png>]
Underfull \hbox (badness 10000) in alignment at lines 776--786
[] [] []

Underfull \hbox (badness 10000) in alignment at lines 786--788
[] [] []

Underfull \hbox (badness 10000) in alignment at lines 788--795
[] [] []
[7 <./research/peer-review/figures-png/fig05-stress-fault-tree.png>]
Underfull \hbox (badness 10000) in paragraph at lines 960--964
[][][][][][][][][][][][][][][][][][][][][][][][][][][][][][][][][][][][][][][][
][][][][][][]\T1/lmr/m/n/11 (+20) )
[8]
Underfull \hbox (badness 10000) in alignment at lines 974--984
[] [] []

Underfull \hbox (badness 10000) in alignment at lines 984--986
[] [] []

Underfull \hbox (badness 10000) in alignment at lines 986--1005
[] [] []

Underfull \hbox (badness 10000) in alignment at lines 1051--1067
[] [] [] [] [] []

Underfull \hbox (badness 10000) in alignment at lines 1067--1069
[] [] [] [] [] []

Overfull \hbox (15.5983pt too wide) in paragraph at lines 1072--1072
[]|[] 

Overfull \hbox (8.85649pt too wide) in paragraph at lines 1075--1075
[]|\T1/lmr/m/n/9 (-20) AcledMonthAllOverview|  

Overfull \hbox (53.39822pt too wide) in paragraph at lines 1077--1077
[]|[] 

Overfull \hbox (18.04402pt too wide) in paragraph at lines 1080--1080
[]|\T1/lmr/m/n/9 (-20) CountriesConflictUcdpGed|  

Overfull \hbox (67.5732pt too wide) in paragraph at lines 1081--1081
[]|[] 

Overfull \hbox (16.75223pt too wide) in paragraph at lines 1084--1084
[]|\T1/lmr/m/n/9 (-20) CountriesCurrencyFromFa|  

Overfull \hbox (25.04828pt too wide) in paragraph at lines 1085--1085
[]|[] 

Overfull \hbox (15.48378pt too wide) in paragraph at lines 1087--1087
[]|\T1/lmr/m/n/9 (-20) CountriesGdeltGlobRadar|  

Overfull \hbox (62.8482pt too wide) in paragraph at lines 1088--1088
[]|[] 

Overfull \hbox (8.84053pt too wide) in paragraph at lines 1090--1090
[]|\T1/lmr/m/n/9 (-20) CountriesNetAbuseIpDb|  

Overfull \hbox (53.39822pt too wide) in paragraph at lines 1091--1091
[]|[] 

Overfull \hbox (19.82977pt too wide) in paragraph at lines 1093--1093
[]|\T1/lmr/m/n/9 (-20) CountriesNetGrpTrfcAnom|  

Overfull \hbox (62.8482pt too wide) in paragraph at lines 1094--1094
[]|[] 

Overfull \hbox (39.22325pt too wide) in paragraph at lines 1097--1097
[]|[] 

Overfull \hbox (4.13461pt too wide) in paragraph at lines 1099--1099
[]|\T1/lmr/m/n/9 (-20) CountriesNetTrfcAnom|  

Overfull \hbox (48.67323pt too wide) in paragraph at lines 1100--1100
[]|[] 

Overfull \hbox (6.71132pt too wide) in paragraph at lines 1102--1102
[]|\T1/lmr/m/n/9 (-20) CountriesPopPrisn100K|  

Overfull \hbox (8.8158pt too wide) in paragraph at lines 1102--1102
[]|\T1/lmr/m/n/9 (-20) Prison_population_rate|  

Overfull \hbox (53.39822pt too wide) in paragraph at lines 1103--1103
[]|[] 

Overfull \hbox (14.11719pt too wide) in paragraph at lines 1105--1105
[]|\T1/lmr/m/n/9 (-20) CountriesVatRatesApiVer|  

Overfull \hbox (62.8482pt too wide) in paragraph at lines 1106--1106
[]|[] 

Overfull \hbox (15.98264pt too wide) in paragraph at lines 1108--1108
[]|\T1/lmr/m/n/9 (-20) CountriesVatRatesVatLup|  

Overfull \hbox (62.8482pt too wide) in paragraph at lines 1109--1109
[]|[] 

Overfull \hbox (25.04828pt too wide) in paragraph at lines 1113--1113
[]|[] 

Overfull \hbox (34.49826pt too wide) in paragraph at lines 1117--1117
[]|[] 

Overfull \hbox (29.77327pt too wide) in paragraph at lines 1121--1121
[]|[] 

Overfull \hbox (34.49826pt too wide) in paragraph at lines 1125--1125
[]|[] 

Overfull \hbox (4.61653pt too wide) in paragraph at lines 1127--1127
[]|\T1/lmr/m/n/9 (-20) CountriesWbCpiTotlZg|  

Overfull \hbox (48.67323pt too wide) in paragraph at lines 1129--1129
[]|[] 

Overfull \hbox (4.72624pt too wide) in paragraph at lines 1131--1131
[]|\T1/lmr/m/n/9 (-20) CountriesWbFpCpiTotl|  

Overfull \hbox (48.67323pt too wide) in paragraph at lines 1133--1133
[]|[] 

Overfull \hbox (25.04828pt too wide) in paragraph at lines 1137--1137
[]|[] 

Overfull \hbox (39.22325pt too wide) in paragraph at lines 1141--1141
[]|[] 

Overfull \hbox (39.22325pt too wide) in paragraph at lines 1145--1145
[]|[] 

Overfull \hbox (1.60393pt too wide) in paragraph at lines 1147--1147
[]|\T1/lmr/m/n/9 (-20) CountriesWbPopDpnd|  

Overfull \hbox (39.22325pt too wide) in paragraph at lines 1149--1149
[]|[] 

Overfull \hbox (1.05293pt too wide) in paragraph at lines 1151--1151
[]|\T1/lmr/m/n/9 (-20) CountriesWbPopGrow|  

Overfull \hbox (39.22325pt too wide) in paragraph at lines 1153--1153
[]|[] 

Overfull \hbox (39.22325pt too wide) in paragraph at lines 1157--1157
[]|[] 

Overfull \hbox (34.49826pt too wide) in paragraph at lines 1161--1161
[]|[] 

Overfull \hbox (6.3057pt too wide) in paragraph at lines 1163--1163
[]|\T1/lmr/m/n/9 (-20) CountriesWbResTotlCd|  

Overfull \hbox (48.67323pt too wide) in paragraph at lines 1165--1165
[]|[] 

Overfull \hbox (29.77327pt too wide) in paragraph at lines 1169--1169
[]|[] 

Overfull \hbox (0.60446pt too wide) in paragraph at lines 1171--1171
[]|\T1/lmr/m/n/9 (-20) CountriesWbUem1524|  

Overfull \hbox (39.22325pt too wide) in paragraph at lines 1173--1173
[]|[] 

Overfull \hbox (39.22325pt too wide) in paragraph at lines 1177--1177
[]|[] 

Overfull \hbox (29.77327pt too wide) in paragraph at lines 1181--1181
[]|[] 

Overfull \hbox (10.4044pt too wide) in paragraph at lines 1183--1183
[]|\T1/lmr/m/n/9 (-20) CountriesWbWgiPvCcRl|  

Overfull \hbox (48.67323pt too wide) in paragraph at lines 1185--1185
[]|[] 

Overfull \hbox (3.67523pt too wide) in paragraph at lines 1187--1187
[]|\T1/lmr/m/n/9 (-20) CountryNewsRiskLevel|  

Overfull \hbox (48.67323pt too wide) in paragraph at lines 1188--1188
[]|[] 

Overfull \hbox (2.40567pt too wide) in paragraph at lines 1190--1190
[]|\T1/lmr/m/n/9 (-20) DisasterGdacsHumNat|  

Overfull \hbox (43.94824pt too wide) in paragraph at lines 1191--1191
[]|[] 

Overfull \hbox (17.93452pt too wide) in paragraph at lines 1193--1193
[]|\T1/lmr/m/n/9 (-20) EconFredHerCountScOvSc|  

Overfull \hbox (58.12321pt too wide) in paragraph at lines 1194--1194
[]|[] 

Overfull \hbox (21.63518pt too wide) in paragraph at lines 1196--1196
[]|\T1/lmr/m/n/9 (-20) EconFredHerCountScRanks|  

Overfull \hbox (62.8482pt too wide) in paragraph at lines 1197--1197
[]|[] 

Overfull \hbox (22.63704pt too wide) in paragraph at lines 1199--1199
[]|\T1/lmr/m/n/9 (-20) EconFredHerCountScRights|  

Overfull \hbox (67.5732pt too wide) in paragraph at lines 1200--1200
[]|[] 

Overfull \hbox (12.12749pt too wide) in paragraph at lines 1202--1202
[]|\T1/lmr/m/n/9 (-20) EconFredHerCountScTax|  

Overfull \hbox (53.39822pt too wide) in paragraph at lines 1203--1203
[]|[] 

Overfull \hbox (39.22325pt too wide) in paragraph at lines 1206--1206
[]|[] 

Overfull \hbox (25.04828pt too wide) in paragraph at lines 1209--1209
[]|[] 

Overfull \hbox (15.5983pt too wide) in paragraph at lines 1220--1220
[]|[] 

Overfull \hbox (6.95354pt too wide) in paragraph at lines 1222--1222
[]|\T1/lmr/m/n/9 (-20) NfMilitaryMassViolence|  

Overfull \hbox (10.284pt too wide) in paragraph at lines 1222--1222
[]|\T1/lmr/m/n/9 (-20) mlmv_actor_day_stress|  

Overfull \hbox (77.02318pt too wide) in paragraph at lines 1223--1223
[]|[] 

Overfull \hbox (25.04828pt too wide) in paragraph at lines 1227--1227
[]|[] 

Overfull \hbox (27.99376pt too wide) in paragraph at lines 1229--1229
[]|\T1/lmr/m/n/9 (-20) NfRawNewsSignalsEventRisk|  

Overfull \hbox (72.29819pt too wide) in paragraph at lines 1230--1230
[]|[] 

Overfull \hbox (5.6368pt too wide) in paragraph at lines 1232--1232
[]|\T1/lmr/m/n/9 (-20) OecdSdmxGdpvAnnpct|  

Overfull \hbox (39.22325pt too wide) in paragraph at lines 1233--1233
[]|[] 

Overfull \hbox (4.33334pt too wide) in paragraph at lines 1235--1235
[]|\T1/lmr/m/n/9 (-20) OWIDDemocracyIndex|  

Overfull \hbox (39.22325pt too wide) in paragraph at lines 1236--1236
[]|[] 

Overfull \hbox (39.22325pt too wide) in paragraph at lines 1239--1239
[]|[] 

Overfull \hbox (53.39822pt too wide) in paragraph at lines 1244--1244
[]|[] 

Overfull \hbox (6.14832pt too wide) in paragraph at lines 1246--1249
[] 

Overfull \hbox (20.32329pt too wide) in paragraph at lines 1249--1249
[]|[] 

Overfull \hbox (15.5983pt too wide) in paragraph at lines 1252--1252
[]|[] 

Overfull \hbox (85.76022pt too wide) in paragraph at lines 1254--1254
[]|\T1/lmr/m/n/9 (-20) warning,partial_warning,situation_warning|  

Overfull \hbox (1.42332pt too wide) in paragraph at lines 1255--1255
[]|[] 

Overfull \hbox (20.32329pt too wide) in paragraph at lines 1258--1258
[]|[] 

Overfull \hbox (1.42332pt too wide) in paragraph at lines 1261--1261
[]|[] 

Overfull \hbox (2.29312pt too wide) in paragraph at lines 1263--1263
[]|\T1/lmr/m/n/9 (-20) WorldEarthQuakeUsgs|  

Overfull \hbox (43.94824pt too wide) in paragraph at lines 1264--1264
[]|[] 

Overfull \hbox (3.48485pt too wide) in paragraph at lines 1266--1266
[]|\T1/lmr/m/n/9 (-20) WorldUnivDataSetIpsa|  

Overfull \hbox (48.67323pt too wide) in paragraph at lines 1269--1269
[]|[] 

Underfull \hbox (badness 10000) in alignment at lines 1069--1271
[] [] [] [] [] []
[9] [10] [11]
Underfull \hbox (badness 10000) in paragraph at lines 1298--1301


Underfull \hbox (badness 10000) in paragraph at lines 1301--1304

[12] [13]
Overfull \hbox (8.75752pt too wide) in paragraph at lines 1522--1522
[]|[] 
[14]
Underfull \hbox (badness 10000) in alignment at lines 1577--1581
[] [] []

Underfull \hbox (badness 10000) in alignment at lines 1581--1583
[] [] []

Underfull \hbox (badness 10000) in alignment at lines 1583--1586
[] [] []

Underfull \hbox (badness 10000) in alignment at lines 1619--1629
[] [] []

Underfull \hbox (badness 10000) in alignment at lines 1629--1631
[] [] []

Underfull \hbox (badness 10000) in alignment at lines 1631--1638
[] [] []

Underfull \hbox (badness 10000) in alignment at lines 1658--1668
[] [] []

Underfull \hbox (badness 10000) in alignment at lines 1668--1670
[] [] []

Underfull \hbox (badness 10000) in alignment at lines 1670--1677
[] [] []

Underfull \hbox (badness 10000) in alignment at lines 1697--1711
[] [] [] [] []

Underfull \hbox (badness 10000) in alignment at lines 1711--1713
[] [] [] [] []

Underfull \hbox (badness 10000) in alignment at lines 1713--1729
[] [] [] [] []
[15] [16 <./research/peer-review/figures-png/fig08-sensitivity-mean-abs.png>]
[17] [18] [19] [20] [21] [22]
Overfull \hbox (12.52473pt too wide) in paragraph at lines 2546--2546
[]|[] 

Overfull \hbox (26.6997pt too wide) in paragraph at lines 2552--2552
[]|[] 

Overfull \hbox (12.52473pt too wide) in paragraph at lines 2555--2555
[]|[] 

Overfull \hbox (45.59967pt too wide) in paragraph at lines 2573--2573
[]|[] 

Overfull \hbox (17.24973pt too wide) in paragraph at lines 2578--2578
[]|[] 
[23]
Overfull \hbox (7.79974pt too wide) in paragraph at lines 2608--2608
[]|[] 

Overfull \hbox (31.4247pt too wide) in paragraph at lines 2614--2614
[]|[] 

Overfull \hbox (7.79974pt too wide) in paragraph at lines 2627--2627
[]|[] 

Overfull \hbox (12.52473pt too wide) in paragraph at lines 2639--2639
[]|[] 

Overfull \hbox (3.07475pt too wide) in paragraph at lines 2646--2646
[]|[] 

Overfull \hbox (26.6997pt too wide) in paragraph at lines 2655--2655
[]|[] 

Overfull \hbox (17.24973pt too wide) in paragraph at lines 2661--2661
[]|[] 

Overfull \hbox (3.07475pt too wide) in paragraph at lines 2664--2664
[]|[] 
[24]
Overfull \hbox (31.4247pt too wide) in paragraph at lines 2701--2701
[]|[] 

Overfull \hbox (26.6997pt too wide) in paragraph at lines 2709--2709
[]|[] 
[25] [26]
Underfull \hbox (badness 10000) in alignment at lines 2835--2845
[] [] []

Underfull \hbox (badness 10000) in alignment at lines 2845--2847
[] [] []

Underfull \hbox (badness 10000) in alignment at lines 2847--2865
[] [] []
[27]
Underfull \hbox (badness 10000) in alignment at lines 2900--2910
[] [] []

Underfull \hbox (badness 10000) in alignment at lines 2910--2912
[] [] []

Overfull \hbox (46.92517pt too wide) in paragraph at lines 2943--2944
[][] 

Overfull \hbox (28.0252pt too wide) in paragraph at lines 2977--2978
[][] 

Overfull \hbox (42.20018pt too wide) in paragraph at lines 2980--2981
[][] 

Overfull \hbox (9.12524pt too wide) in paragraph at lines 2983--2984
[][] 

Overfull \hbox (9.12524pt too wide) in paragraph at lines 2986--2987
[][] 

Overfull \hbox (42.20018pt too wide) in paragraph at lines 3026--3027
[][] 

Overfull \hbox (18.57523pt too wide) in paragraph at lines 3029--3030
[][] 

Overfull \hbox (18.57523pt too wide) in paragraph at lines 3032--3033
[][] 

Overfull \hbox (32.7502pt too wide) in paragraph at lines 3035--3036
[][] 

Underfull \hbox (badness 10000) in alignment at lines 2912--3052
[] [] []
[28] [29] [30]
(/var/www/clients/client1/web3/web/research-review-en/research/deposit/build/ma
nuscript-peer-review-ieee.aux) )
(see the transcript file for additional information)</usr/share/texmf/fonts/typ
e1/public/lm/lmbx12.pfb></usr/share/texmf/fonts/type1/public/lm/lmbx9.pfb></usr
/share/texmf/fonts/type1/public/lm/lmbxi10.pfb></usr/share/texmf/fonts/type1/pu
blic/lm/lmcsc10.pfb></usr/share/texmf/fonts/type1/public/lm/lmex10.pfb></usr/sh
are/texmf/fonts/type1/public/lm/lmmi12.pfb></usr/share/texmf/fonts/type1/public
/lm/lmmi6.pfb></usr/share/texmf/fonts/type1/public/lm/lmmi8.pfb></usr/share/tex
mf/fonts/type1/public/lm/lmmi9.pfb></usr/share/texmf/fonts/type1/public/lm/lmr1
2.pfb></usr/share/texmf/fonts/type1/public/lm/lmr17.pfb></usr/share/texmf/fonts
/type1/public/lm/lmr6.pfb></usr/share/texmf/fonts/type1/public/lm/lmr8.pfb></us
r/share/texmf/fonts/type1/public/lm/lmr9.pfb></usr/share/texmf/fonts/type1/publ
ic/lm/lmri12.pfb></usr/share/texmf/fonts/type1/public/lm/lmsy10.pfb></usr/share
/texmf/fonts/type1/public/lm/lmsy6.pfb></usr/share/texmf/fonts/type1/public/lm/
lmsy8.pfb></usr/share/texmf/fonts/type1/public/lm/lmsy9.pfb></usr/share/texmf/f
onts/type1/public/lm/lmtk10.pfb></usr/share/texmf/fonts/type1/public/lm/lmtt12.
pfb></usr/share/texmf/fonts/type1/public/lm/lmtt9.pfb></usr/share/texmf/fonts/t
ype1/public/lm/lmtti10.pfb>
Output written on /var/www/clients/client1/web3/web/research-review-en/research
/deposit/build/manuscript-peer-review-ieee.pdf (31 pages, 757946 bytes).
Transcript written on /var/www/clients/client1/web3/web/research-review-en/rese
arch/deposit/build/manuscript-peer-review-ieee.log.
This is pdfTeX, Version 3.141592653-2.6-1.40.25 (TeX Live 2023/Debian) (preloaded format=pdflatex)
 restricted \write18 enabled.
entering extended mode

(/var/www/clients/client1/web3/web/research-review-en/research/deposit/build/ma
nuscript-peer-review-ieee.tex
LaTeX2e <2023-11-01> patch level 1
L3 programming layer <2024-01-22>

(/var/www/clients/client1/web3/web/research-review-en/research/latex/vendor/IEE
Etran/IEEEtran.cls
Document Class: IEEEtran 2015/08/26 V1.8b by Michael Shell
-- See the "IEEEtran_HOWTO" manual for usage information.
-- http://www.michaelshell.org/tex/ieeetran/
(/usr/share/texlive/texmf-dist/tex/latex/psnfss/ot1ptm.fd)
** ATTENTION: Single column mode is not typically used with IEEE publications.
-- Using 8.5in x 11in (letter) paper.
-- Using PDF output.
-- This is an 11 point document.
) (/usr/share/texlive/texmf-dist/tex/latex/amsmath/amsmath.sty
For additional information on amsmath, use the `?' option.
(/usr/share/texlive/texmf-dist/tex/latex/amsmath/amstext.sty
(/usr/share/texlive/texmf-dist/tex/latex/amsmath/amsgen.sty))
(/usr/share/texlive/texmf-dist/tex/latex/amsmath/amsbsy.sty)
(/usr/share/texlive/texmf-dist/tex/latex/amsmath/amsopn.sty))
(/usr/share/texlive/texmf-dist/tex/latex/amsfonts/amssymb.sty
(/usr/share/texlive/texmf-dist/tex/latex/amsfonts/amsfonts.sty))
(/usr/share/texlive/texmf-dist/tex/generic/iftex/iftex.sty)
(/usr/share/texlive/texmf-dist/tex/latex/base/fontenc.sty
(/usr/share/texlive/texmf-dist/tex/latex/psnfss/t1ptm.fd))
(/usr/share/texlive/texmf-dist/tex/latex/base/inputenc.sty)
(/usr/share/texlive/texmf-dist/tex/latex/base/textcomp.sty)
(/usr/share/texmf/tex/latex/lm/lmodern.sty)
(/usr/share/texlive/texmf-dist/tex/latex/upquote/upquote.sty)
(/usr/share/texlive/texmf-dist/tex/latex/microtype/microtype.sty
(/usr/share/texlive/texmf-dist/tex/latex/graphics/keyval.sty)
(/usr/share/texlive/texmf-dist/tex/latex/etoolbox/etoolbox.sty)
(/usr/share/texlive/texmf-dist/tex/latex/microtype/microtype-pdftex.def)
(/usr/share/texlive/texmf-dist/tex/latex/microtype/microtype.cfg))
(/usr/share/texlive/texmf-dist/tex/latex/parskip/parskip.sty
(/usr/share/texlive/texmf-dist/tex/latex/kvoptions/kvoptions.sty
(/usr/share/texlive/texmf-dist/tex/generic/ltxcmds/ltxcmds.sty)
(/usr/share/texlive/texmf-dist/tex/latex/kvsetkeys/kvsetkeys.sty)))
(/usr/share/texlive/texmf-dist/tex/latex/xcolor/xcolor.sty
(/usr/share/texlive/texmf-dist/tex/latex/graphics-cfg/color.cfg)
(/usr/share/texlive/texmf-dist/tex/latex/graphics-def/pdftex.def)
(/usr/share/texlive/texmf-dist/tex/latex/graphics/mathcolor.ltx))
(/usr/share/texlive/texmf-dist/tex/latex/listings/listings.sty
(/usr/share/texlive/texmf-dist/tex/latex/listings/lstmisc.sty)
(/usr/share/texlive/texmf-dist/tex/latex/listings/listings.cfg))
(/usr/share/texlive/texmf-dist/tex/latex/tools/longtable.sty)
(/usr/share/texlive/texmf-dist/tex/latex/booktabs/booktabs.sty)
(/usr/share/texlive/texmf-dist/tex/latex/tools/array.sty)
(/usr/share/texlive/texmf-dist/tex/latex/tools/calc.sty)
(/usr/share/texlive/texmf-dist/tex/latex/footnotehyper/footnotehyper.sty)
(/usr/share/texlive/texmf-dist/tex/latex/graphics/graphicx.sty
(/usr/share/texlive/texmf-dist/tex/latex/graphics/graphics.sty
(/usr/share/texlive/texmf-dist/tex/latex/graphics/trig.sty)
(/usr/share/texlive/texmf-dist/tex/latex/graphics-cfg/graphics.cfg)))
(/usr/share/texlive/texmf-dist/tex/latex/base/fontenc.sty
(/usr/share/texmf/tex/latex/lm/t1lmr.fd))
(/usr/share/texlive/texmf-dist/tex/latex/listingsutf8/listingsutf8.sty
(/usr/share/texlive/texmf-dist/tex/generic/pdftexcmds/pdftexcmds.sty
(/usr/share/texlive/texmf-dist/tex/generic/infwarerr/infwarerr.sty))
(/usr/share/texlive/texmf-dist/tex/generic/stringenc/stringenc.sty
(/usr/share/texlive/texmf-dist/tex/generic/pdfescape/pdfescape.sty)))
(/usr/share/texlive/texmf-dist/tex/latex/xurl/xurl.sty
(/usr/share/texlive/texmf-dist/tex/latex/url/url.sty))
(/usr/share/texlive/texmf-dist/tex/latex/adjustbox/adjustbox.sty
(/usr/share/texlive/texmf-dist/tex/latex/xkeyval/xkeyval.sty
(/usr/share/texlive/texmf-dist/tex/generic/xkeyval/xkeyval.tex
(/usr/share/texlive/texmf-dist/tex/generic/xkeyval/xkvutils.tex)))
(/usr/share/texlive/texmf-dist/tex/latex/adjustbox/adjcalc.sty)
(/usr/share/texlive/texmf-dist/tex/latex/adjustbox/trimclip.sty
(/usr/share/texlive/texmf-dist/tex/latex/collectbox/collectbox.sty)
(/usr/share/texlive/texmf-dist/tex/latex/adjustbox/tc-pdftex.def))
(/usr/share/texlive/texmf-dist/tex/latex/ifoddpage/ifoddpage.sty)
(/usr/share/texlive/texmf-dist/tex/latex/varwidth/varwidth.sty))
(/usr/share/texlive/texmf-dist/tex/latex/pdflscape/pdflscape.sty
(/usr/share/texlive/texmf-dist/tex/latex/pdflscape/pdflscape-nometadata.sty
(/usr/share/texlive/texmf-dist/tex/latex/graphics/lscape.sty)))
(/usr/share/texlive/texmf-dist/tex/latex/tools/tabularx.sty)
(/usr/share/texlive/texmf-dist/tex/latex/ragged2e/ragged2e.sty)
(/usr/share/texlive/texmf-dist/tex/latex/seqsplit/seqsplit.sty)
(/usr/share/texlive/texmf-dist/tex/latex/bookmark/bookmark.sty
(/usr/share/texlive/texmf-dist/tex/latex/hyperref/hyperref.sty
(/usr/share/texlive/texmf-dist/tex/generic/kvdefinekeys/kvdefinekeys.sty)
(/usr/share/texlive/texmf-dist/tex/latex/hycolor/hycolor.sty)
(/usr/share/texlive/texmf-dist/tex/latex/auxhook/auxhook.sty)
(/usr/share/texlive/texmf-dist/tex/latex/hyperref/nameref.sty
(/usr/share/texlive/texmf-dist/tex/latex/refcount/refcount.sty)
(/usr/share/texlive/texmf-dist/tex/generic/gettitlestring/gettitlestring.sty))
(/usr/share/texlive/texmf-dist/tex/latex/hyperref/pd1enc.def)
(/usr/share/texlive/texmf-dist/tex/generic/intcalc/intcalc.sty)
(/usr/share/texlive/texmf-dist/tex/latex/hyperref/puenc.def)
(/usr/share/texlive/texmf-dist/tex/generic/bitset/bitset.sty
(/usr/share/texlive/texmf-dist/tex/generic/bigintcalc/bigintcalc.sty))
(/usr/share/texlive/texmf-dist/tex/latex/base/atbegshi-ltx.sty))
(/usr/share/texlive/texmf-dist/tex/latex/hyperref/hpdftex.def
(/usr/share/texlive/texmf-dist/tex/latex/base/atveryend-ltx.sty)
(/usr/share/texlive/texmf-dist/tex/latex/rerunfilecheck/rerunfilecheck.sty
(/usr/share/texlive/texmf-dist/tex/generic/uniquecounter/uniquecounter.sty)))
(/usr/share/texlive/texmf-dist/tex/latex/bookmark/bkm-pdftex.def))
(/usr/share/texlive/texmf-dist/tex/latex/l3backend/l3backend-pdftex.def)
(/var/www/clients/client1/web3/web/research-review-en/research/deposit/build/ma
nuscript-peer-review-ieee.aux)
-- Lines per column: 52 (exact).
(/usr/share/texlive/texmf-dist/tex/latex/microtype/mt-cmr.cfg)
(/usr/share/texlive/texmf-dist/tex/context/base/mkii/supp-pdf.mkii
[Loading MPS to PDF converter (version 2006.09.02).]
) (/usr/share/texlive/texmf-dist/tex/latex/epstopdf-pkg/epstopdf-base.sty
(/usr/share/texlive/texmf-dist/tex/latex/latexconfig/epstopdf-sys.cfg))
(/usr/share/texmf/tex/latex/lm/ts1lmr.fd)
(/usr/share/texmf/tex/latex/lm/t1lmtt.fd)
(/usr/share/texmf/tex/latex/lm/ot1lmr.fd)
(/usr/share/texmf/tex/latex/lm/omllmm.fd)
(/usr/share/texmf/tex/latex/lm/omslmsy.fd)
(/usr/share/texmf/tex/latex/lm/omxlmex.fd)
(/usr/share/texlive/texmf-dist/tex/latex/amsfonts/umsa.fd)
(/usr/share/texlive/texmf-dist/tex/latex/microtype/mt-msa.cfg)
(/usr/share/texlive/texmf-dist/tex/latex/amsfonts/umsb.fd)
(/usr/share/texlive/texmf-dist/tex/latex/microtype/mt-msb.cfg) [0{/var/lib/texm
f/fonts/map/pdftex/updmap/pdftex.map}{/usr/share/texmf/fonts/enc/dvips/lm/lm-ec
.enc}{/usr/share/texmf/fonts/enc/dvips/lm/lm-ts1.enc}{/usr/share/texmf/fonts/en
c/dvips/lm/lm-rm.enc}{/usr/share/texmf/fonts/enc/dvips/lm/lm-mathit.enc}]
[1] [2 <./research/peer-review/figures-png/fig01-paradigm-shift.png> <./researc
h/peer-review/figures-png/fig06-benchmark-freshness.png>]
Underfull \hbox (badness 10000) in paragraph at lines 470--476


Underfull \hbox (badness 10000) in paragraph at lines 476--479

[3{/usr/share/texmf/fonts/enc/dvips/lm/lm-mathsy.enc} <./research/peer-review/f
igures-png/fig02-system-architecture.png>]
Underfull \hbox (badness 2213) in paragraph at lines 515--519
[]\T1/lmr/m/n/11 (+20) Let $[][] \OT1/lmr/m/n/11 (+20) = []([]\OML/lmm/m/it/11 
; \OT1/lmr/m/n/11 (+20) 0\OML/lmm/m/it/11 ; \OT1/lmr/m/n/11 (+20) 100)$\T1/lmr/
m/n/11 (+20) . With di-rec-tion flag ``higher raw is worse'', $[][] \OT1/lmr/m/
n/11 (+20) =
[4{/usr/share/texmf/fonts/enc/dvips/lm/lm-mathex.enc}]
(/usr/share/texmf/tex/latex/lm/ts1lmtt.fd) [5]
Underfull \hbox (badness 10000) in paragraph at lines 709--717
\T1/lmr/m/n/11 (+20) to the Layer[]4 keys $[]$, $[]$,
[6 <./research/peer-review/figures-png/fig03-nfsi-layers.png>]
Underfull \hbox (badness 10000) in alignment at lines 777--787
[] [] []

Underfull \hbox (badness 10000) in alignment at lines 787--789
[] [] []

Underfull \hbox (badness 10000) in alignment at lines 789--796
[] [] []
[7 <./research/peer-review/figures-png/fig05-stress-fault-tree.png>]
Underfull \hbox (badness 10000) in paragraph at lines 961--965
[][][][][][][][][][][][][][][][][][][][][][][][][][][][][][][][][][][][][][][][
][][][][][][]\T1/lmr/m/n/11 (+20) )
[8]
Underfull \hbox (badness 10000) in alignment at lines 975--985
[] [] []

Underfull \hbox (badness 10000) in alignment at lines 985--987
[] [] []

Underfull \hbox (badness 10000) in alignment at lines 987--1006
[] [] []

Overfull \hbox (11.49133pt too wide) in alignment at lines 1050--1053
[] [] [] [] [] []

Underfull \hbox (badness 2042) in paragraph at lines 1054--1055
[]|\T1/lmr/m/n/9 (+20) ACLED / fil-tered, ag-gre-

Overfull \hbox (9.48894pt too wide) in paragraph at lines 1055--1055
[]|\T1/lmr/m/n/9 (-20) AcledMonthAllOverview| 

Underfull \hbox (badness 2042) in paragraph at lines 1055--1056
[]|\T1/lmr/m/n/9 (+20) ACLED / fil-tered, ag-gre-

Overfull \hbox (18.67647pt too wide) in paragraph at lines 1056--1056
[]|\T1/lmr/m/n/9 (-20) CountriesConflictUcdpGed| 

Overfull \hbox (17.38467pt too wide) in paragraph at lines 1057--1057
[]|\T1/lmr/m/n/9 (-20) CountriesCurrencyFromFa| 

Overfull \hbox (16.11623pt too wide) in paragraph at lines 1058--1058
[]|\T1/lmr/m/n/9 (-20) CountriesGdeltGlobRadar| 

Overfull \hbox (9.47298pt too wide) in paragraph at lines 1059--1059
[]|\T1/lmr/m/n/9 (-20) CountriesNetAbuseIpDb| 

Overfull \hbox (20.46222pt too wide) in paragraph at lines 1060--1060
[]|\T1/lmr/m/n/9 (-20) CountriesNetGrpTrfcAnom| 

Underfull \hbox (badness 2689) in paragraph at lines 1060--1061
[]|\T1/lmr/m/n/9 (+20) Cloudflare Terms of Use;

Overfull \hbox (4.76706pt too wide) in paragraph at lines 1062--1062
[]|\T1/lmr/m/n/9 (-20) CountriesNetTrfcAnom| 

Underfull \hbox (badness 2689) in paragraph at lines 1062--1063
[]|\T1/lmr/m/n/9 (+20) Cloudflare Terms of Use;

Overfull \hbox (7.34377pt too wide) in paragraph at lines 1063--1063
[]|\T1/lmr/m/n/9 (-20) CountriesPopPrisn100K| 

Overfull \hbox (14.74963pt too wide) in paragraph at lines 1064--1064
[]|\T1/lmr/m/n/9 (-20) CountriesVatRatesApiVer| 

Overfull \hbox (16.61508pt too wide) in paragraph at lines 1065--1065
[]|\T1/lmr/m/n/9 (-20) CountriesVatRatesVatLup| 

Underfull \hbox (badness 10000) in paragraph at lines 1066--1066
[]|\T1/lmtt/m/n/9 value \T1/lmr/m/n/9 (+20) field for WB in-di-ca-tor

Underfull \hbox (badness 10000) in paragraph at lines 1067--1067
[]|\T1/lmtt/m/n/9 value \T1/lmr/m/n/9 (+20) field for WB in-di-ca-tor

Underfull \hbox (badness 10000) in paragraph at lines 1069--1069
[]|\T1/lmtt/m/n/9 value \T1/lmr/m/n/9 (+20) field for WB in-di-ca-tor

Overfull \hbox (5.24898pt too wide) in paragraph at lines 1070--1070
[]|\T1/lmr/m/n/9 (-20) CountriesWbCpiTotlZg| 

Overfull \hbox (5.35869pt too wide) in paragraph at lines 1071--1071
[]|\T1/lmr/m/n/9 (-20) CountriesWbFpCpiTotl| 

Underfull \hbox (badness 10000) in paragraph at lines 1072--1072
[]|\T1/lmtt/m/n/9 value \T1/lmr/m/n/9 (+20) field for WB in-di-ca-tor

Underfull \hbox (badness 10000) in paragraph at lines 1073--1073
[]|\T1/lmtt/m/n/9 value \T1/lmr/m/n/9 (+20) field for WB in-di-ca-tor

Underfull \hbox (badness 10000) in paragraph at lines 1074--1074
[]|\T1/lmtt/m/n/9 value \T1/lmr/m/n/9 (+20) field for WB in-di-ca-tor

Overfull \hbox (2.23637pt too wide) in paragraph at lines 1075--1075
[]|\T1/lmr/m/n/9 (-20) CountriesWbPopDpnd| 

Underfull \hbox (badness 10000) in paragraph at lines 1075--1075
[]|\T1/lmtt/m/n/9 value \T1/lmr/m/n/9 (+20) field for WB in-di-ca-tor

Overfull \hbox (1.68538pt too wide) in paragraph at lines 1076--1076
[]|\T1/lmr/m/n/9 (-20) CountriesWbPopGrow| 

Underfull \hbox (badness 10000) in paragraph at lines 1076--1076
[]|\T1/lmtt/m/n/9 value \T1/lmr/m/n/9 (+20) field for WB in-di-ca-tor

Underfull \hbox (badness 10000) in paragraph at lines 1077--1077
[]|\T1/lmtt/m/n/9 value \T1/lmr/m/n/9 (+20) field for WB in-di-ca-tor

Underfull \hbox (badness 10000) in paragraph at lines 1078--1078
[]|\T1/lmtt/m/n/9 value \T1/lmr/m/n/9 (+20) field for WB in-di-ca-tor

Overfull \hbox (6.93814pt too wide) in paragraph at lines 1079--1079
[]|\T1/lmr/m/n/9 (-20) CountriesWbResTotlCd| 

Underfull \hbox (badness 10000) in paragraph at lines 1079--1079
[]|\T1/lmtt/m/n/9 value \T1/lmr/m/n/9 (+20) field for WB in-di-ca-tor

Overfull \hbox (1.23691pt too wide) in paragraph at lines 1081--1081
[]|\T1/lmr/m/n/9 (-20) CountriesWbUem1524| 

Underfull \hbox (badness 10000) in paragraph at lines 1081--1081
[]|\T1/lmtt/m/n/9 value \T1/lmr/m/n/9 (+20) field for WB in-di-ca-tor

Underfull \hbox (badness 10000) in paragraph at lines 1082--1082
[]|\T1/lmtt/m/n/9 value \T1/lmr/m/n/9 (+20) field for WB in-di-ca-tor

Overfull \hbox (11.03685pt too wide) in paragraph at lines 1084--1084
[]|\T1/lmr/m/n/9 (-20) CountriesWbWgiPvCcRl| 

Overfull \hbox (4.30768pt too wide) in paragraph at lines 1085--1085
[]|\T1/lmr/m/n/9 (-20) CountryNewsRiskLevel| 

Overfull \hbox (3.03812pt too wide) in paragraph at lines 1086--1086
[]|\T1/lmr/m/n/9 (-20) DisasterGdacsHumNat| 

Underfull \hbox (badness 10000) in paragraph at lines 1086--1087
[]|\T1/lmr/m/n/9 (+20) GDACS Terms of Use;

Overfull \hbox (18.56697pt too wide) in paragraph at lines 1087--1087
[]|\T1/lmr/m/n/9 (-20) EconFredHerCountScOvSc| 

Underfull \hbox (badness 10000) in paragraph at lines 1087--1088
[]|\T1/lmr/m/n/9 (+20) Refer to Source Link;

Overfull \hbox (22.26762pt too wide) in paragraph at lines 1088--1088
[]|\T1/lmr/m/n/9 (-20) EconFredHerCountScRanks| 

Underfull \hbox (badness 10000) in paragraph at lines 1088--1089
[]|\T1/lmr/m/n/9 (+20) Refer to Source Link;

Overfull \hbox (23.26949pt too wide) in paragraph at lines 1089--1089
[]|\T1/lmr/m/n/9 (-20) EconFredHerCountScRights| 

Underfull \hbox (badness 10000) in paragraph at lines 1089--1090
[]|\T1/lmr/m/n/9 (+20) Refer to Source Link;

Overfull \hbox (12.75993pt too wide) in paragraph at lines 1090--1090
[]|\T1/lmr/m/n/9 (-20) EconFredHerCountScTax| 

Underfull \hbox (badness 10000) in paragraph at lines 1090--1091
[]|\T1/lmr/m/n/9 (+20) Refer to Source Link;

Underfull \hbox (badness 10000) in paragraph at lines 1091--1092
[]|\T1/lmr/m/n/9 (+20) Refer to Source Link;

Underfull \hbox (badness 10000) in paragraph at lines 1092--1093
[]|\T1/lmr/m/n/9 (+20) Refer to Source Link;

Underfull \hbox (badness 5475) in paragraph at lines 1093--1094
\T1/lmr/m/n/9 (+20) - Pub-lic Do-main (DOJ);

Underfull \hbox (badness 10000) in paragraph at lines 1094--1094
[]|\T1/lmr/m/n/9 (+20) INTERPOL Red No-tices: count

Overfull \hbox (7.58598pt too wide) in paragraph at lines 1096--1096
[]|\T1/lmr/m/n/9 (-20) NfMilitaryMassViolence| 

Underfull \hbox (badness 10000) in paragraph at lines 1096--1097
[]|\T1/lmr/m/n/9 (+20) Internal pro-cess-ing for

Underfull \hbox (badness 10000) in paragraph at lines 1096--1097
\T1/lmr/m/n/9 (+20) Na-tion-Files In-tel-li-gence;

Overfull \hbox (28.6262pt too wide) in paragraph at lines 1098--1098
[]|\T1/lmr/m/n/9 (-20) NfRawNewsSignalsEventRisk| 

Overfull \hbox (6.26924pt too wide) in paragraph at lines 1099--1099
[]|\T1/lmr/m/n/9 (-20) OecdSdmxGdpvAnnpct| 

Overfull \hbox (4.96579pt too wide) in paragraph at lines 1100--1100
[]|\T1/lmr/m/n/9 (-20) OWIDDemocracyIndex| 

Underfull \hbox (badness 10000) in paragraph at lines 1101--1102
[]|\T1/lmr/m/n/9 (+20) Refer to Source Link;

Overfull \hbox (0.72935pt too wide) in paragraph at lines 1102--1102
[]|\T1/lmr/m/n/9 (-20) TravelAdvisoryUnified| 

Underfull \hbox (badness 10000) in paragraph at lines 1102--1103
[]|\T1/lmr/m/n/9 (+20) Refer to Source Link;

Underfull \hbox (badness 5460) in paragraph at lines 1103--1103
[]|\T1/lmr/m/n/9 (+20) DoS Level-4 ad-vi-sories only: row

Underfull \hbox (badness 10000) in paragraph at lines 1103--1103
\T1/lmr/m/n/9 (+20) score via \T1/lmtt/m/n/9 getStabilityRowScore\T1/lmr/m/n/9 
(+20) ;

Underfull \hbox (badness 10000) in paragraph at lines 1103--1103
\T1/lmtt/m/n/9 travel_alert_level \T1/lmr/m/n/9 (+20) doc-u-ments

Underfull \hbox (badness 10000) in paragraph at lines 1103--1104
[]|\T1/lmr/m/n/9 (+20) U.S. Gov-ern-ment Work;

Overfull \hbox (19.31015pt too wide) in paragraph at lines 1105--1105
[]|\T1/lmr/m/n/9 (-20) warning,partial_warning,situation_warning| 

Underfull \hbox (badness 10000) in paragraph at lines 1105--1106
[]|\T1/lmr/m/n/9 (+20) Refer to Source Link;

Underfull \hbox (badness 10000) in paragraph at lines 1106--1107
[]|\T1/lmr/m/n/9 (+20) Refer to Source Link;

Overfull \hbox (2.92557pt too wide) in paragraph at lines 1108--1108
[]|\T1/lmr/m/n/9 (-20) WorldEarthQuakeUsgs| 

Underfull \hbox (badness 10000) in paragraph at lines 1108--1109
[]|\T1/lmr/m/n/9 (+20) USGS Pub-lic Do-main;

Overfull \hbox (4.1173pt too wide) in paragraph at lines 1109--1109
[]|\T1/lmr/m/n/9 (-20) WorldUnivDataSetIpsa| 

Underfull \hbox (badness 10000) in paragraph at lines 1109--1109
[]|\T1/lmr/m/n/9 (+20) universities-per-capita score from

Underfull \hbox (badness 10000) in paragraph at lines 1109--1110
[]|\T1/lmr/m/n/9 (+20) Refer to repos-i-tory;

Overfull \hbox (11.49133pt too wide) in alignment at lines 1053--1110
[] [] [] [] [] []
[9] [10] [11]
Underfull \hbox (badness 10000) in paragraph at lines 1138--1141


Underfull \hbox (badness 10000) in paragraph at lines 1141--1144

[12]
Overfull \hbox (8.75752pt too wide) in paragraph at lines 1362--1362
[]|[] 
[13]
Underfull \hbox (badness 10000) in alignment at lines 1417--1421
[] [] []

Underfull \hbox (badness 10000) in alignment at lines 1421--1423
[] [] []

Underfull \hbox (badness 10000) in alignment at lines 1423--1426
[] [] []

Underfull \hbox (badness 10000) in alignment at lines 1459--1469
[] [] []

Underfull \hbox (badness 10000) in alignment at lines 1469--1471
[] [] []

Underfull \hbox (badness 10000) in alignment at lines 1471--1478
[] [] []

Underfull \hbox (badness 10000) in alignment at lines 1498--1508
[] [] []

Underfull \hbox (badness 10000) in alignment at lines 1508--1510
[] [] []

Underfull \hbox (badness 10000) in alignment at lines 1510--1517
[] [] []
[14]
Underfull \hbox (badness 10000) in alignment at lines 1537--1551
[] [] [] [] []

Underfull \hbox (badness 10000) in alignment at lines 1551--1553
[] [] [] [] []

Underfull \hbox (badness 10000) in alignment at lines 1553--1569
[] [] [] [] []
[15] [16 <./research/peer-review/figures-png/fig08-sensitivity-mean-abs.png>]
[17] [18] [19] [20] [21] [22]
Overfull \hbox (12.52473pt too wide) in paragraph at lines 2386--2386
[]|[] 

Overfull \hbox (26.6997pt too wide) in paragraph at lines 2392--2392
[]|[] 

Overfull \hbox (12.52473pt too wide) in paragraph at lines 2395--2395
[]|[] 

Overfull \hbox (45.59967pt too wide) in paragraph at lines 2413--2413
[]|[] 

Overfull \hbox (17.24973pt too wide) in paragraph at lines 2418--2418
[]|[] 

Overfull \hbox (7.79974pt too wide) in paragraph at lines 2448--2448
[]|[] 

Overfull \hbox (31.4247pt too wide) in paragraph at lines 2454--2454
[]|[] 

Overfull \hbox (7.79974pt too wide) in paragraph at lines 2467--2467
[]|[] 

Overfull \hbox (12.52473pt too wide) in paragraph at lines 2479--2479
[]|[] 

Overfull \hbox (3.07475pt too wide) in paragraph at lines 2486--2486
[]|[] 

Overfull \hbox (26.6997pt too wide) in paragraph at lines 2495--2495
[]|[] 

Overfull \hbox (17.24973pt too wide) in paragraph at lines 2501--2501
[]|[] 

Overfull \hbox (3.07475pt too wide) in paragraph at lines 2504--2504
[]|[] 
[23]
Overfull \hbox (31.4247pt too wide) in paragraph at lines 2541--2541
[]|[] 

Overfull \hbox (26.6997pt too wide) in paragraph at lines 2549--2549
[]|[] 
[24] [25]
Underfull \hbox (badness 10000) in alignment at lines 2675--2685
[] [] []

Underfull \hbox (badness 10000) in alignment at lines 2685--2687
[] [] []

Underfull \hbox (badness 10000) in alignment at lines 2687--2705
[] [] []
[26]
Underfull \hbox (badness 10000) in alignment at lines 2740--2750
[] [] []

Underfull \hbox (badness 10000) in alignment at lines 2750--2752
[] [] []

Overfull \hbox (46.92517pt too wide) in paragraph at lines 2783--2784
[][] 

Overfull \hbox (28.0252pt too wide) in paragraph at lines 2817--2818
[][] 

Overfull \hbox (42.20018pt too wide) in paragraph at lines 2820--2821
[][] 

Overfull \hbox (9.12524pt too wide) in paragraph at lines 2823--2824
[][] 

Overfull \hbox (9.12524pt too wide) in paragraph at lines 2826--2827
[][] 

Overfull \hbox (42.20018pt too wide) in paragraph at lines 2866--2867
[][] 

Overfull \hbox (18.57523pt too wide) in paragraph at lines 2869--2870
[][] 

Overfull \hbox (18.57523pt too wide) in paragraph at lines 2872--2873
[][] 

Overfull \hbox (32.7502pt too wide) in paragraph at lines 2875--2876
[][] 

Underfull \hbox (badness 10000) in alignment at lines 2752--2892
[] [] []
[27] [28] [29]
(/var/www/clients/client1/web3/web/research-review-en/research/deposit/build/ma
nuscript-peer-review-ieee.aux) )
(see the transcript file for additional information)</usr/share/texmf/fonts/typ
e1/public/lm/lmbx12.pfb></usr/share/texmf/fonts/type1/public/lm/lmbx9.pfb></usr
/share/texmf/fonts/type1/public/lm/lmbxi10.pfb></usr/share/texmf/fonts/type1/pu
blic/lm/lmcsc10.pfb></usr/share/texmf/fonts/type1/public/lm/lmex10.pfb></usr/sh
are/texmf/fonts/type1/public/lm/lmmi12.pfb></usr/share/texmf/fonts/type1/public
/lm/lmmi6.pfb></usr/share/texmf/fonts/type1/public/lm/lmmi8.pfb></usr/share/tex
mf/fonts/type1/public/lm/lmmi9.pfb></usr/share/texmf/fonts/type1/public/lm/lmr1
2.pfb></usr/share/texmf/fonts/type1/public/lm/lmr17.pfb></usr/share/texmf/fonts
/type1/public/lm/lmr6.pfb></usr/share/texmf/fonts/type1/public/lm/lmr8.pfb></us
r/share/texmf/fonts/type1/public/lm/lmr9.pfb></usr/share/texmf/fonts/type1/publ
ic/lm/lmri12.pfb></usr/share/texmf/fonts/type1/public/lm/lmsy10.pfb></usr/share
/texmf/fonts/type1/public/lm/lmsy6.pfb></usr/share/texmf/fonts/type1/public/lm/
lmsy8.pfb></usr/share/texmf/fonts/type1/public/lm/lmsy9.pfb></usr/share/texmf/f
onts/type1/public/lm/lmtk10.pfb></usr/share/texmf/fonts/type1/public/lm/lmtt12.
pfb></usr/share/texmf/fonts/type1/public/lm/lmtt9.pfb></usr/share/texmf/fonts/t
ype1/public/lm/lmtti10.pfb>
Output written on /var/www/clients/client1/web3/web/research-review-en/research
/deposit/build/manuscript-peer-review-ieee.pdf (30 pages, 757273 bytes).
Transcript written on /var/www/clients/client1/web3/web/research-review-en/rese
arch/deposit/build/manuscript-peer-review-ieee.log.
This is pdfTeX, Version 3.141592653-2.6-1.40.25 (TeX Live 2023/Debian) (preloaded format=pdflatex)
 restricted \write18 enabled.
entering extended mode

(/var/www/clients/client1/web3/web/research-review-en/research/deposit/build/ma
nuscript-peer-review-ieee.tex
LaTeX2e <2023-11-01> patch level 1
L3 programming layer <2024-01-22>

(/var/www/clients/client1/web3/web/research-review-en/research/latex/vendor/IEE
Etran/IEEEtran.cls
Document Class: IEEEtran 2015/08/26 V1.8b by Michael Shell
-- See the "IEEEtran_HOWTO" manual for usage information.
-- http://www.michaelshell.org/tex/ieeetran/
(/usr/share/texlive/texmf-dist/tex/latex/psnfss/ot1ptm.fd)
** ATTENTION: Single column mode is not typically used with IEEE publications.
-- Using 8.5in x 11in (letter) paper.
-- Using PDF output.
-- This is an 11 point document.
) (/usr/share/texlive/texmf-dist/tex/latex/amsmath/amsmath.sty
For additional information on amsmath, use the `?' option.
(/usr/share/texlive/texmf-dist/tex/latex/amsmath/amstext.sty
(/usr/share/texlive/texmf-dist/tex/latex/amsmath/amsgen.sty))
(/usr/share/texlive/texmf-dist/tex/latex/amsmath/amsbsy.sty)
(/usr/share/texlive/texmf-dist/tex/latex/amsmath/amsopn.sty))
(/usr/share/texlive/texmf-dist/tex/latex/amsfonts/amssymb.sty
(/usr/share/texlive/texmf-dist/tex/latex/amsfonts/amsfonts.sty))
(/usr/share/texlive/texmf-dist/tex/generic/iftex/iftex.sty)
(/usr/share/texlive/texmf-dist/tex/latex/base/fontenc.sty
(/usr/share/texlive/texmf-dist/tex/latex/psnfss/t1ptm.fd))
(/usr/share/texlive/texmf-dist/tex/latex/base/inputenc.sty)
(/usr/share/texlive/texmf-dist/tex/latex/base/textcomp.sty)
(/usr/share/texmf/tex/latex/lm/lmodern.sty)
(/usr/share/texlive/texmf-dist/tex/latex/upquote/upquote.sty)
(/usr/share/texlive/texmf-dist/tex/latex/microtype/microtype.sty
(/usr/share/texlive/texmf-dist/tex/latex/graphics/keyval.sty)
(/usr/share/texlive/texmf-dist/tex/latex/etoolbox/etoolbox.sty)
(/usr/share/texlive/texmf-dist/tex/latex/microtype/microtype-pdftex.def)
(/usr/share/texlive/texmf-dist/tex/latex/microtype/microtype.cfg))
(/usr/share/texlive/texmf-dist/tex/latex/parskip/parskip.sty
(/usr/share/texlive/texmf-dist/tex/latex/kvoptions/kvoptions.sty
(/usr/share/texlive/texmf-dist/tex/generic/ltxcmds/ltxcmds.sty)
(/usr/share/texlive/texmf-dist/tex/latex/kvsetkeys/kvsetkeys.sty)))
(/usr/share/texlive/texmf-dist/tex/latex/xcolor/xcolor.sty
(/usr/share/texlive/texmf-dist/tex/latex/graphics-cfg/color.cfg)
(/usr/share/texlive/texmf-dist/tex/latex/graphics-def/pdftex.def)
(/usr/share/texlive/texmf-dist/tex/latex/graphics/mathcolor.ltx))
(/usr/share/texlive/texmf-dist/tex/latex/listings/listings.sty
(/usr/share/texlive/texmf-dist/tex/latex/listings/lstmisc.sty)
(/usr/share/texlive/texmf-dist/tex/latex/listings/listings.cfg))
(/usr/share/texlive/texmf-dist/tex/latex/tools/longtable.sty)
(/usr/share/texlive/texmf-dist/tex/latex/booktabs/booktabs.sty)
(/usr/share/texlive/texmf-dist/tex/latex/tools/array.sty)
(/usr/share/texlive/texmf-dist/tex/latex/tools/calc.sty)
(/usr/share/texlive/texmf-dist/tex/latex/footnotehyper/footnotehyper.sty)
(/usr/share/texlive/texmf-dist/tex/latex/graphics/graphicx.sty
(/usr/share/texlive/texmf-dist/tex/latex/graphics/graphics.sty
(/usr/share/texlive/texmf-dist/tex/latex/graphics/trig.sty)
(/usr/share/texlive/texmf-dist/tex/latex/graphics-cfg/graphics.cfg)))
(/usr/share/texlive/texmf-dist/tex/latex/base/fontenc.sty
(/usr/share/texmf/tex/latex/lm/t1lmr.fd))
(/usr/share/texlive/texmf-dist/tex/latex/listingsutf8/listingsutf8.sty
(/usr/share/texlive/texmf-dist/tex/generic/pdftexcmds/pdftexcmds.sty
(/usr/share/texlive/texmf-dist/tex/generic/infwarerr/infwarerr.sty))
(/usr/share/texlive/texmf-dist/tex/generic/stringenc/stringenc.sty
(/usr/share/texlive/texmf-dist/tex/generic/pdfescape/pdfescape.sty)))
(/usr/share/texlive/texmf-dist/tex/latex/xurl/xurl.sty
(/usr/share/texlive/texmf-dist/tex/latex/url/url.sty))
(/usr/share/texlive/texmf-dist/tex/latex/adjustbox/adjustbox.sty
(/usr/share/texlive/texmf-dist/tex/latex/xkeyval/xkeyval.sty
(/usr/share/texlive/texmf-dist/tex/generic/xkeyval/xkeyval.tex
(/usr/share/texlive/texmf-dist/tex/generic/xkeyval/xkvutils.tex)))
(/usr/share/texlive/texmf-dist/tex/latex/adjustbox/adjcalc.sty)
(/usr/share/texlive/texmf-dist/tex/latex/adjustbox/trimclip.sty
(/usr/share/texlive/texmf-dist/tex/latex/collectbox/collectbox.sty)
(/usr/share/texlive/texmf-dist/tex/latex/adjustbox/tc-pdftex.def))
(/usr/share/texlive/texmf-dist/tex/latex/ifoddpage/ifoddpage.sty)
(/usr/share/texlive/texmf-dist/tex/latex/varwidth/varwidth.sty))
(/usr/share/texlive/texmf-dist/tex/latex/pdflscape/pdflscape.sty
(/usr/share/texlive/texmf-dist/tex/latex/pdflscape/pdflscape-nometadata.sty
(/usr/share/texlive/texmf-dist/tex/latex/graphics/lscape.sty)))
(/usr/share/texlive/texmf-dist/tex/latex/tools/tabularx.sty)
(/usr/share/texlive/texmf-dist/tex/latex/ragged2e/ragged2e.sty)
(/usr/share/texlive/texmf-dist/tex/latex/seqsplit/seqsplit.sty)
(/usr/share/texlive/texmf-dist/tex/latex/bookmark/bookmark.sty
(/usr/share/texlive/texmf-dist/tex/latex/hyperref/hyperref.sty
(/usr/share/texlive/texmf-dist/tex/generic/kvdefinekeys/kvdefinekeys.sty)
(/usr/share/texlive/texmf-dist/tex/latex/hycolor/hycolor.sty)
(/usr/share/texlive/texmf-dist/tex/latex/auxhook/auxhook.sty)
(/usr/share/texlive/texmf-dist/tex/latex/hyperref/nameref.sty
(/usr/share/texlive/texmf-dist/tex/latex/refcount/refcount.sty)
(/usr/share/texlive/texmf-dist/tex/generic/gettitlestring/gettitlestring.sty))
(/usr/share/texlive/texmf-dist/tex/latex/hyperref/pd1enc.def)
(/usr/share/texlive/texmf-dist/tex/generic/intcalc/intcalc.sty)
(/usr/share/texlive/texmf-dist/tex/latex/hyperref/puenc.def)
(/usr/share/texlive/texmf-dist/tex/generic/bitset/bitset.sty
(/usr/share/texlive/texmf-dist/tex/generic/bigintcalc/bigintcalc.sty))
(/usr/share/texlive/texmf-dist/tex/latex/base/atbegshi-ltx.sty))
(/usr/share/texlive/texmf-dist/tex/latex/hyperref/hpdftex.def
(/usr/share/texlive/texmf-dist/tex/latex/base/atveryend-ltx.sty)
(/usr/share/texlive/texmf-dist/tex/latex/rerunfilecheck/rerunfilecheck.sty
(/usr/share/texlive/texmf-dist/tex/generic/uniquecounter/uniquecounter.sty)))
(/usr/share/texlive/texmf-dist/tex/latex/bookmark/bkm-pdftex.def))
(/usr/share/texlive/texmf-dist/tex/latex/l3backend/l3backend-pdftex.def)
(/var/www/clients/client1/web3/web/research-review-en/research/deposit/build/ma
nuscript-peer-review-ieee.aux)
-- Lines per column: 52 (exact).
(/usr/share/texlive/texmf-dist/tex/latex/microtype/mt-cmr.cfg)
(/usr/share/texlive/texmf-dist/tex/context/base/mkii/supp-pdf.mkii
[Loading MPS to PDF converter (version 2006.09.02).]
) (/usr/share/texlive/texmf-dist/tex/latex/epstopdf-pkg/epstopdf-base.sty
(/usr/share/texlive/texmf-dist/tex/latex/latexconfig/epstopdf-sys.cfg))
(/usr/share/texmf/tex/latex/lm/ts1lmr.fd)
(/usr/share/texmf/tex/latex/lm/t1lmtt.fd)
(/usr/share/texmf/tex/latex/lm/ot1lmr.fd)
(/usr/share/texmf/tex/latex/lm/omllmm.fd)
(/usr/share/texmf/tex/latex/lm/omslmsy.fd)
(/usr/share/texmf/tex/latex/lm/omxlmex.fd)
(/usr/share/texlive/texmf-dist/tex/latex/amsfonts/umsa.fd)
(/usr/share/texlive/texmf-dist/tex/latex/microtype/mt-msa.cfg)
(/usr/share/texlive/texmf-dist/tex/latex/amsfonts/umsb.fd)
(/usr/share/texlive/texmf-dist/tex/latex/microtype/mt-msb.cfg) [0{/var/lib/texm
f/fonts/map/pdftex/updmap/pdftex.map}{/usr/share/texmf/fonts/enc/dvips/lm/lm-ec
.enc}{/usr/share/texmf/fonts/enc/dvips/lm/lm-ts1.enc}{/usr/share/texmf/fonts/en
c/dvips/lm/lm-rm.enc}{/usr/share/texmf/fonts/enc/dvips/lm/lm-mathit.enc}]
[1] [2 <./research/peer-review/figures-png/fig01-paradigm-shift.png> <./researc
h/peer-review/figures-png/fig06-benchmark-freshness.png>]
Underfull \hbox (badness 10000) in paragraph at lines 470--476


Underfull \hbox (badness 10000) in paragraph at lines 476--479

[3{/usr/share/texmf/fonts/enc/dvips/lm/lm-mathsy.enc} <./research/peer-review/f
igures-png/fig02-system-architecture.png>]
Underfull \hbox (badness 2213) in paragraph at lines 515--519
[]\T1/lmr/m/n/11 (+20) Let $[][] \OT1/lmr/m/n/11 (+20) = []([]\OML/lmm/m/it/11 
; \OT1/lmr/m/n/11 (+20) 0\OML/lmm/m/it/11 ; \OT1/lmr/m/n/11 (+20) 100)$\T1/lmr/
m/n/11 (+20) . With di-rec-tion flag ``higher raw is worse'', $[][] \OT1/lmr/m/
n/11 (+20) =
[4{/usr/share/texmf/fonts/enc/dvips/lm/lm-mathex.enc}]
(/usr/share/texmf/tex/latex/lm/ts1lmtt.fd) [5]
Underfull \hbox (badness 10000) in paragraph at lines 709--717
\T1/lmr/m/n/11 (+20) to the Layer[]4 keys $[]$, $[]$,
[6 <./research/peer-review/figures-png/fig03-nfsi-layers.png>]
Underfull \hbox (badness 10000) in alignment at lines 777--787
[] [] []

Underfull \hbox (badness 10000) in alignment at lines 787--789
[] [] []

Underfull \hbox (badness 10000) in alignment at lines 789--796
[] [] []
[7 <./research/peer-review/figures-png/fig05-stress-fault-tree.png>]
Underfull \hbox (badness 10000) in paragraph at lines 961--965
[][][][][][][][][][][][][][][][][][][][][][][][][][][][][][][][][][][][][][][][
][][][][][][]\T1/lmr/m/n/11 (+20) )
[8]
Underfull \hbox (badness 10000) in alignment at lines 975--985
[] [] []

Underfull \hbox (badness 10000) in alignment at lines 985--987
[] [] []

Underfull \hbox (badness 10000) in alignment at lines 987--1006
[] [] []

Overfull \hbox (6.3263pt too wide) in alignment at lines 1050--1053
[] [] [] [] [] []

Underfull \hbox (badness 10000) in paragraph at lines 1054--1054
[]|\T1/lmr/m/n/9 (+20) ACLED-style event fields

Underfull \hbox (badness 10000) in paragraph at lines 1054--1054
\T1/lmr/m/n/9 (+20) (\T1/lmtt/m/n/9 fatalities \T1/lmr/m/n/9 (+20) + event-type


Underfull \hbox (badness 2042) in paragraph at lines 1054--1055
[]|\T1/lmr/m/n/9 (+20) ACLED / fil-tered, ag-gre-

Underfull \hbox (badness 10000) in paragraph at lines 1055--1055
[]|\T1/lmr/m/n/9 (+20) ACLED-style event fields

Underfull \hbox (badness 10000) in paragraph at lines 1055--1055
\T1/lmr/m/n/9 (+20) (\T1/lmtt/m/n/9 fatalities \T1/lmr/m/n/9 (+20) + event-type


Underfull \hbox (badness 2042) in paragraph at lines 1055--1056
[]|\T1/lmr/m/n/9 (+20) ACLED / fil-tered, ag-gre-

Underfull \hbox (badness 2689) in paragraph at lines 1060--1061
[]|\T1/lmr/m/n/9 (+20) Cloudflare Terms of Use;

Underfull \hbox (badness 2689) in paragraph at lines 1062--1063
[]|\T1/lmr/m/n/9 (+20) Cloudflare Terms of Use;

Underfull \hbox (badness 2818) in paragraph at lines 1066--1066
[]|\T1/lmtt/m/n/9 value \T1/lmr/m/n/9 (+20) field for WB in-di-ca-tor

Underfull \hbox (badness 2818) in paragraph at lines 1067--1067
[]|\T1/lmtt/m/n/9 value \T1/lmr/m/n/9 (+20) field for WB in-di-ca-tor

Underfull \hbox (badness 2818) in paragraph at lines 1068--1068
[]|\T1/lmtt/m/n/9 value \T1/lmr/m/n/9 (+20) field for WB in-di-ca-tor

Underfull \hbox (badness 2818) in paragraph at lines 1069--1069
[]|\T1/lmtt/m/n/9 value \T1/lmr/m/n/9 (+20) field for WB in-di-ca-tor

Underfull \hbox (badness 2818) in paragraph at lines 1072--1072
[]|\T1/lmtt/m/n/9 value \T1/lmr/m/n/9 (+20) field for WB in-di-ca-tor

Underfull \hbox (badness 2818) in paragraph at lines 1073--1073
[]|\T1/lmtt/m/n/9 value \T1/lmr/m/n/9 (+20) field for WB in-di-ca-tor

Underfull \hbox (badness 2818) in paragraph at lines 1074--1074
[]|\T1/lmtt/m/n/9 value \T1/lmr/m/n/9 (+20) field for WB in-di-ca-tor

Underfull \hbox (badness 2818) in paragraph at lines 1075--1075
[]|\T1/lmtt/m/n/9 value \T1/lmr/m/n/9 (+20) field for WB in-di-ca-tor

Underfull \hbox (badness 2818) in paragraph at lines 1076--1076
[]|\T1/lmtt/m/n/9 value \T1/lmr/m/n/9 (+20) field for WB in-di-ca-tor

Underfull \hbox (badness 2818) in paragraph at lines 1077--1077
[]|\T1/lmtt/m/n/9 value \T1/lmr/m/n/9 (+20) field for WB in-di-ca-tor

Underfull \hbox (badness 2818) in paragraph at lines 1078--1078
[]|\T1/lmtt/m/n/9 value \T1/lmr/m/n/9 (+20) field for WB in-di-ca-tor

Underfull \hbox (badness 2818) in paragraph at lines 1079--1079
[]|\T1/lmtt/m/n/9 value \T1/lmr/m/n/9 (+20) field for WB in-di-ca-tor

Underfull \hbox (badness 2818) in paragraph at lines 1080--1080
[]|\T1/lmtt/m/n/9 value \T1/lmr/m/n/9 (+20) field for WB in-di-ca-tor

Underfull \hbox (badness 2818) in paragraph at lines 1081--1081
[]|\T1/lmtt/m/n/9 value \T1/lmr/m/n/9 (+20) field for WB in-di-ca-tor

Underfull \hbox (badness 2818) in paragraph at lines 1082--1082
[]|\T1/lmtt/m/n/9 value \T1/lmr/m/n/9 (+20) field for WB in-di-ca-tor

Underfull \hbox (badness 2818) in paragraph at lines 1083--1083
[]|\T1/lmtt/m/n/9 value \T1/lmr/m/n/9 (+20) field for WB in-di-ca-tor

Underfull \hbox (badness 10000) in paragraph at lines 1086--1087
[]|\T1/lmr/m/n/9 (+20) GDACS Terms of Use;

Underfull \hbox (badness 10000) in paragraph at lines 1087--1088
[]|\T1/lmr/m/n/9 (+20) Refer to Source Link;

Underfull \hbox (badness 10000) in paragraph at lines 1088--1089
[]|\T1/lmr/m/n/9 (+20) Refer to Source Link;

Underfull \hbox (badness 10000) in paragraph at lines 1089--1090
[]|\T1/lmr/m/n/9 (+20) Refer to Source Link;

Underfull \hbox (badness 10000) in paragraph at lines 1090--1091
[]|\T1/lmr/m/n/9 (+20) Refer to Source Link;

Underfull \hbox (badness 10000) in paragraph at lines 1091--1092
[]|\T1/lmr/m/n/9 (+20) Refer to Source Link;

Underfull \hbox (badness 10000) in paragraph at lines 1092--1093
[]|\T1/lmr/m/n/9 (+20) Refer to Source Link;

Underfull \hbox (badness 5475) in paragraph at lines 1093--1094
\T1/lmr/m/n/9 (+20) - Pub-lic Do-main (DOJ);

Underfull \hbox (badness 10000) in paragraph at lines 1096--1097
[]|\T1/lmr/m/n/9 (+20) Internal pro-cess-ing for

Underfull \hbox (badness 10000) in paragraph at lines 1096--1097
\T1/lmr/m/n/9 (+20) Na-tion-Files In-tel-li-gence;

Underfull \hbox (badness 10000) in paragraph at lines 1101--1102
[]|\T1/lmr/m/n/9 (+20) Refer to Source Link;

Underfull \hbox (badness 10000) in paragraph at lines 1102--1103
[]|\T1/lmr/m/n/9 (+20) Refer to Source Link;

Underfull \hbox (badness 10000) in paragraph at lines 1103--1104
[]|\T1/lmr/m/n/9 (+20) U.S. Gov-ern-ment Work;

Overfull \hbox (39.95456pt too wide) in paragraph at lines 1105--1105
[]|\T1/lmr/m/n/9 (-20) warning,partial_warning,situation_warning| 

Underfull \hbox (badness 10000) in paragraph at lines 1105--1106
[]|\T1/lmr/m/n/9 (+20) Refer to Source Link;

Underfull \hbox (badness 10000) in paragraph at lines 1106--1107
[]|\T1/lmr/m/n/9 (+20) Refer to Source Link;

Underfull \hbox (badness 10000) in paragraph at lines 1108--1109
[]|\T1/lmr/m/n/9 (+20) USGS Pub-lic Do-main;

Underfull \hbox (badness 10000) in paragraph at lines 1109--1109
[]|\T1/lmr/m/n/9 (+20) Refer to repos-i-tory;

Overfull \hbox (6.3263pt too wide) in alignment at lines 1053--1109
[] [] [] [] [] []
[9] [10] [11]
Underfull \hbox (badness 10000) in paragraph at lines 1137--1140


Underfull \hbox (badness 10000) in paragraph at lines 1140--1143

[12]
Overfull \hbox (8.75752pt too wide) in paragraph at lines 1361--1361
[]|[] 
[13]
Underfull \hbox (badness 10000) in alignment at lines 1416--1420
[] [] []

Underfull \hbox (badness 10000) in alignment at lines 1420--1422
[] [] []

Underfull \hbox (badness 10000) in alignment at lines 1422--1425
[] [] []

Underfull \hbox (badness 10000) in alignment at lines 1458--1468
[] [] []

Underfull \hbox (badness 10000) in alignment at lines 1468--1470
[] [] []

Underfull \hbox (badness 10000) in alignment at lines 1470--1477
[] [] []

Underfull \hbox (badness 10000) in alignment at lines 1497--1507
[] [] []

Underfull \hbox (badness 10000) in alignment at lines 1507--1509
[] [] []

Underfull \hbox (badness 10000) in alignment at lines 1509--1516
[] [] []
[14]
Underfull \hbox (badness 10000) in alignment at lines 1536--1550
[] [] [] [] []

Underfull \hbox (badness 10000) in alignment at lines 1550--1552
[] [] [] [] []

Underfull \hbox (badness 10000) in alignment at lines 1552--1568
[] [] [] [] []
[15] [16 <./research/peer-review/figures-png/fig08-sensitivity-mean-abs.png>]
[17] [18] [19] [20] [21] [22]
Overfull \hbox (12.52473pt too wide) in paragraph at lines 2385--2385
[]|[] 

Overfull \hbox (26.6997pt too wide) in paragraph at lines 2391--2391
[]|[] 

Overfull \hbox (12.52473pt too wide) in paragraph at lines 2394--2394
[]|[] 

Overfull \hbox (45.59967pt too wide) in paragraph at lines 2412--2412
[]|[] 

Overfull \hbox (17.24973pt too wide) in paragraph at lines 2417--2417
[]|[] 

Overfull \hbox (7.79974pt too wide) in paragraph at lines 2447--2447
[]|[] 

Overfull \hbox (31.4247pt too wide) in paragraph at lines 2453--2453
[]|[] 

Overfull \hbox (7.79974pt too wide) in paragraph at lines 2466--2466
[]|[] 

Overfull \hbox (12.52473pt too wide) in paragraph at lines 2478--2478
[]|[] 

Overfull \hbox (3.07475pt too wide) in paragraph at lines 2485--2485
[]|[] 

Overfull \hbox (26.6997pt too wide) in paragraph at lines 2494--2494
[]|[] 

Overfull \hbox (17.24973pt too wide) in paragraph at lines 2500--2500
[]|[] 

Overfull \hbox (3.07475pt too wide) in paragraph at lines 2503--2503
[]|[] 
[23]
Overfull \hbox (31.4247pt too wide) in paragraph at lines 2540--2540
[]|[] 

Overfull \hbox (26.6997pt too wide) in paragraph at lines 2548--2548
[]|[] 
[24] [25]
Underfull \hbox (badness 10000) in alignment at lines 2674--2684
[] [] []

Underfull \hbox (badness 10000) in alignment at lines 2684--2686
[] [] []

Underfull \hbox (badness 10000) in alignment at lines 2686--2704
[] [] []
[26]
Underfull \hbox (badness 10000) in alignment at lines 2739--2749
[] [] []

Underfull \hbox (badness 10000) in alignment at lines 2749--2751
[] [] []

Overfull \hbox (46.92517pt too wide) in paragraph at lines 2782--2783
[][] 

Overfull \hbox (28.0252pt too wide) in paragraph at lines 2816--2817
[][] 

Overfull \hbox (42.20018pt too wide) in paragraph at lines 2819--2820
[][] 

Overfull \hbox (9.12524pt too wide) in paragraph at lines 2822--2823
[][] 

Overfull \hbox (9.12524pt too wide) in paragraph at lines 2825--2826
[][] 

Overfull \hbox (42.20018pt too wide) in paragraph at lines 2865--2866
[][] 

Overfull \hbox (18.57523pt too wide) in paragraph at lines 2868--2869
[][] 

Overfull \hbox (18.57523pt too wide) in paragraph at lines 2871--2872
[][] 

Overfull \hbox (32.7502pt too wide) in paragraph at lines 2874--2875
[][] 

Underfull \hbox (badness 10000) in alignment at lines 2751--2891
[] [] []
[27] [28] [29]
(/var/www/clients/client1/web3/web/research-review-en/research/deposit/build/ma
nuscript-peer-review-ieee.aux) )
(see the transcript file for additional information)</usr/share/texmf/fonts/typ
e1/public/lm/lmbx12.pfb></usr/share/texmf/fonts/type1/public/lm/lmbx9.pfb></usr
/share/texmf/fonts/type1/public/lm/lmbxi10.pfb></usr/share/texmf/fonts/type1/pu
blic/lm/lmcsc10.pfb></usr/share/texmf/fonts/type1/public/lm/lmex10.pfb></usr/sh
are/texmf/fonts/type1/public/lm/lmmi12.pfb></usr/share/texmf/fonts/type1/public
/lm/lmmi6.pfb></usr/share/texmf/fonts/type1/public/lm/lmmi8.pfb></usr/share/tex
mf/fonts/type1/public/lm/lmmi9.pfb></usr/share/texmf/fonts/type1/public/lm/lmr1
2.pfb></usr/share/texmf/fonts/type1/public/lm/lmr17.pfb></usr/share/texmf/fonts
/type1/public/lm/lmr6.pfb></usr/share/texmf/fonts/type1/public/lm/lmr8.pfb></us
r/share/texmf/fonts/type1/public/lm/lmr9.pfb></usr/share/texmf/fonts/type1/publ
ic/lm/lmri12.pfb></usr/share/texmf/fonts/type1/public/lm/lmsy10.pfb></usr/share
/texmf/fonts/type1/public/lm/lmsy6.pfb></usr/share/texmf/fonts/type1/public/lm/
lmsy8.pfb></usr/share/texmf/fonts/type1/public/lm/lmsy9.pfb></usr/share/texmf/f
onts/type1/public/lm/lmtk10.pfb></usr/share/texmf/fonts/type1/public/lm/lmtt12.
pfb></usr/share/texmf/fonts/type1/public/lm/lmtt9.pfb></usr/share/texmf/fonts/t
ype1/public/lm/lmtti10.pfb>
Output written on /var/www/clients/client1/web3/web/research-review-en/research
/deposit/build/manuscript-peer-review-ieee.pdf (30 pages, 757246 bytes).
Transcript written on /var/www/clients/client1/web3/web/research-review-en/rese
arch/deposit/build/manuscript-peer-review-ieee.log.
This is pdfTeX, Version 3.141592653-2.6-1.40.25 (TeX Live 2023/Debian) (preloaded format=pdflatex)
 restricted \write18 enabled.
entering extended mode

(/var/www/clients/client1/web3/web/research-review-en/research/deposit/build/ma
nuscript-peer-review-ieee.tex
LaTeX2e <2023-11-01> patch level 1
L3 programming layer <2024-01-22>

(/var/www/clients/client1/web3/web/research-review-en/research/latex/vendor/IEE
Etran/IEEEtran.cls
Document Class: IEEEtran 2015/08/26 V1.8b by Michael Shell
-- See the "IEEEtran_HOWTO" manual for usage information.
-- http://www.michaelshell.org/tex/ieeetran/
(/usr/share/texlive/texmf-dist/tex/latex/psnfss/ot1ptm.fd)
** ATTENTION: Single column mode is not typically used with IEEE publications.
-- Using 8.5in x 11in (letter) paper.
-- Using PDF output.
-- This is an 11 point document.
) (/usr/share/texlive/texmf-dist/tex/latex/amsmath/amsmath.sty
For additional information on amsmath, use the `?' option.
(/usr/share/texlive/texmf-dist/tex/latex/amsmath/amstext.sty
(/usr/share/texlive/texmf-dist/tex/latex/amsmath/amsgen.sty))
(/usr/share/texlive/texmf-dist/tex/latex/amsmath/amsbsy.sty)
(/usr/share/texlive/texmf-dist/tex/latex/amsmath/amsopn.sty))
(/usr/share/texlive/texmf-dist/tex/latex/amsfonts/amssymb.sty
(/usr/share/texlive/texmf-dist/tex/latex/amsfonts/amsfonts.sty))
(/usr/share/texlive/texmf-dist/tex/generic/iftex/iftex.sty)
(/usr/share/texlive/texmf-dist/tex/latex/base/fontenc.sty
(/usr/share/texlive/texmf-dist/tex/latex/psnfss/t1ptm.fd))
(/usr/share/texlive/texmf-dist/tex/latex/base/inputenc.sty)
(/usr/share/texlive/texmf-dist/tex/latex/base/textcomp.sty)
(/usr/share/texmf/tex/latex/lm/lmodern.sty)
(/usr/share/texlive/texmf-dist/tex/latex/upquote/upquote.sty)
(/usr/share/texlive/texmf-dist/tex/latex/microtype/microtype.sty
(/usr/share/texlive/texmf-dist/tex/latex/graphics/keyval.sty)
(/usr/share/texlive/texmf-dist/tex/latex/etoolbox/etoolbox.sty)
(/usr/share/texlive/texmf-dist/tex/latex/microtype/microtype-pdftex.def)
(/usr/share/texlive/texmf-dist/tex/latex/microtype/microtype.cfg))
(/usr/share/texlive/texmf-dist/tex/latex/parskip/parskip.sty
(/usr/share/texlive/texmf-dist/tex/latex/kvoptions/kvoptions.sty
(/usr/share/texlive/texmf-dist/tex/generic/ltxcmds/ltxcmds.sty)
(/usr/share/texlive/texmf-dist/tex/latex/kvsetkeys/kvsetkeys.sty)))
(/usr/share/texlive/texmf-dist/tex/latex/xcolor/xcolor.sty
(/usr/share/texlive/texmf-dist/tex/latex/graphics-cfg/color.cfg)
(/usr/share/texlive/texmf-dist/tex/latex/graphics-def/pdftex.def)
(/usr/share/texlive/texmf-dist/tex/latex/graphics/mathcolor.ltx))
(/usr/share/texlive/texmf-dist/tex/latex/listings/listings.sty
(/usr/share/texlive/texmf-dist/tex/latex/listings/lstmisc.sty)
(/usr/share/texlive/texmf-dist/tex/latex/listings/listings.cfg))
(/usr/share/texlive/texmf-dist/tex/latex/tools/longtable.sty)
(/usr/share/texlive/texmf-dist/tex/latex/booktabs/booktabs.sty)
(/usr/share/texlive/texmf-dist/tex/latex/tools/array.sty)
(/usr/share/texlive/texmf-dist/tex/latex/tools/calc.sty)
(/usr/share/texlive/texmf-dist/tex/latex/footnotehyper/footnotehyper.sty)
(/usr/share/texlive/texmf-dist/tex/latex/graphics/graphicx.sty
(/usr/share/texlive/texmf-dist/tex/latex/graphics/graphics.sty
(/usr/share/texlive/texmf-dist/tex/latex/graphics/trig.sty)
(/usr/share/texlive/texmf-dist/tex/latex/graphics-cfg/graphics.cfg)))
(/usr/share/texlive/texmf-dist/tex/latex/base/fontenc.sty
(/usr/share/texmf/tex/latex/lm/t1lmr.fd))
(/usr/share/texlive/texmf-dist/tex/latex/listingsutf8/listingsutf8.sty
(/usr/share/texlive/texmf-dist/tex/generic/pdftexcmds/pdftexcmds.sty
(/usr/share/texlive/texmf-dist/tex/generic/infwarerr/infwarerr.sty))
(/usr/share/texlive/texmf-dist/tex/generic/stringenc/stringenc.sty
(/usr/share/texlive/texmf-dist/tex/generic/pdfescape/pdfescape.sty)))
(/usr/share/texlive/texmf-dist/tex/latex/xurl/xurl.sty
(/usr/share/texlive/texmf-dist/tex/latex/url/url.sty))
(/usr/share/texlive/texmf-dist/tex/latex/adjustbox/adjustbox.sty
(/usr/share/texlive/texmf-dist/tex/latex/xkeyval/xkeyval.sty
(/usr/share/texlive/texmf-dist/tex/generic/xkeyval/xkeyval.tex
(/usr/share/texlive/texmf-dist/tex/generic/xkeyval/xkvutils.tex)))
(/usr/share/texlive/texmf-dist/tex/latex/adjustbox/adjcalc.sty)
(/usr/share/texlive/texmf-dist/tex/latex/adjustbox/trimclip.sty
(/usr/share/texlive/texmf-dist/tex/latex/collectbox/collectbox.sty)
(/usr/share/texlive/texmf-dist/tex/latex/adjustbox/tc-pdftex.def))
(/usr/share/texlive/texmf-dist/tex/latex/ifoddpage/ifoddpage.sty)
(/usr/share/texlive/texmf-dist/tex/latex/varwidth/varwidth.sty))
(/usr/share/texlive/texmf-dist/tex/latex/pdflscape/pdflscape.sty
(/usr/share/texlive/texmf-dist/tex/latex/pdflscape/pdflscape-nometadata.sty
(/usr/share/texlive/texmf-dist/tex/latex/graphics/lscape.sty)))
(/usr/share/texlive/texmf-dist/tex/latex/tools/tabularx.sty)
(/usr/share/texlive/texmf-dist/tex/latex/ragged2e/ragged2e.sty)
(/usr/share/texlive/texmf-dist/tex/latex/seqsplit/seqsplit.sty)
(/usr/share/texlive/texmf-dist/tex/latex/bookmark/bookmark.sty
(/usr/share/texlive/texmf-dist/tex/latex/hyperref/hyperref.sty
(/usr/share/texlive/texmf-dist/tex/generic/kvdefinekeys/kvdefinekeys.sty)
(/usr/share/texlive/texmf-dist/tex/latex/hycolor/hycolor.sty)
(/usr/share/texlive/texmf-dist/tex/latex/auxhook/auxhook.sty)
(/usr/share/texlive/texmf-dist/tex/latex/hyperref/nameref.sty
(/usr/share/texlive/texmf-dist/tex/latex/refcount/refcount.sty)
(/usr/share/texlive/texmf-dist/tex/generic/gettitlestring/gettitlestring.sty))
(/usr/share/texlive/texmf-dist/tex/latex/hyperref/pd1enc.def)
(/usr/share/texlive/texmf-dist/tex/generic/intcalc/intcalc.sty)
(/usr/share/texlive/texmf-dist/tex/latex/hyperref/puenc.def)
(/usr/share/texlive/texmf-dist/tex/generic/bitset/bitset.sty
(/usr/share/texlive/texmf-dist/tex/generic/bigintcalc/bigintcalc.sty))
(/usr/share/texlive/texmf-dist/tex/latex/base/atbegshi-ltx.sty))
(/usr/share/texlive/texmf-dist/tex/latex/hyperref/hpdftex.def
(/usr/share/texlive/texmf-dist/tex/latex/base/atveryend-ltx.sty)
(/usr/share/texlive/texmf-dist/tex/latex/rerunfilecheck/rerunfilecheck.sty
(/usr/share/texlive/texmf-dist/tex/generic/uniquecounter/uniquecounter.sty)))
(/usr/share/texlive/texmf-dist/tex/latex/bookmark/bkm-pdftex.def))
(/usr/share/texlive/texmf-dist/tex/latex/l3backend/l3backend-pdftex.def)
(/var/www/clients/client1/web3/web/research-review-en/research/deposit/build/ma
nuscript-peer-review-ieee.aux)
-- Lines per column: 52 (exact).
(/usr/share/texlive/texmf-dist/tex/latex/microtype/mt-cmr.cfg)
(/usr/share/texlive/texmf-dist/tex/context/base/mkii/supp-pdf.mkii
[Loading MPS to PDF converter (version 2006.09.02).]
) (/usr/share/texlive/texmf-dist/tex/latex/epstopdf-pkg/epstopdf-base.sty
(/usr/share/texlive/texmf-dist/tex/latex/latexconfig/epstopdf-sys.cfg))
(/usr/share/texmf/tex/latex/lm/ts1lmr.fd)
(/usr/share/texmf/tex/latex/lm/t1lmtt.fd)
(/usr/share/texmf/tex/latex/lm/ot1lmr.fd)
(/usr/share/texmf/tex/latex/lm/omllmm.fd)
(/usr/share/texmf/tex/latex/lm/omslmsy.fd)
(/usr/share/texmf/tex/latex/lm/omxlmex.fd)
(/usr/share/texlive/texmf-dist/tex/latex/amsfonts/umsa.fd)
(/usr/share/texlive/texmf-dist/tex/latex/microtype/mt-msa.cfg)
(/usr/share/texlive/texmf-dist/tex/latex/amsfonts/umsb.fd)
(/usr/share/texlive/texmf-dist/tex/latex/microtype/mt-msb.cfg) [0{/var/lib/texm
f/fonts/map/pdftex/updmap/pdftex.map}{/usr/share/texmf/fonts/enc/dvips/lm/lm-ec
.enc}{/usr/share/texmf/fonts/enc/dvips/lm/lm-ts1.enc}{/usr/share/texmf/fonts/en
c/dvips/lm/lm-rm.enc}{/usr/share/texmf/fonts/enc/dvips/lm/lm-mathit.enc}]
[1] [2 <./research/peer-review/figures-png/fig01-paradigm-shift.png> <./researc
h/peer-review/figures-png/fig06-benchmark-freshness.png>]
Underfull \hbox (badness 10000) in paragraph at lines 471--477


Underfull \hbox (badness 10000) in paragraph at lines 477--480

[3{/usr/share/texmf/fonts/enc/dvips/lm/lm-mathsy.enc} <./research/peer-review/f
igures-png/fig02-system-architecture.png>]
Underfull \hbox (badness 2213) in paragraph at lines 516--520
[]\T1/lmr/m/n/11 (+20) Let $[][] \OT1/lmr/m/n/11 (+20) = []([]\OML/lmm/m/it/11 
; \OT1/lmr/m/n/11 (+20) 0\OML/lmm/m/it/11 ; \OT1/lmr/m/n/11 (+20) 100)$\T1/lmr/
m/n/11 (+20) . With di-rec-tion flag ``higher raw is worse'', $[][] \OT1/lmr/m/
n/11 (+20) =
[4{/usr/share/texmf/fonts/enc/dvips/lm/lm-mathex.enc}]
(/usr/share/texmf/tex/latex/lm/ts1lmtt.fd) [5]
Underfull \hbox (badness 10000) in paragraph at lines 710--718
\T1/lmr/m/n/11 (+20) to the Layer[]4 keys $[]$, $[]$,
[6 <./research/peer-review/figures-png/fig03-nfsi-layers.png>]
Underfull \hbox (badness 10000) in alignment at lines 778--788
[] [] []

Underfull \hbox (badness 10000) in alignment at lines 788--790
[] [] []

Underfull \hbox (badness 10000) in alignment at lines 790--797
[] [] []
[7 <./research/peer-review/figures-png/fig05-stress-fault-tree.png>]
Underfull \hbox (badness 10000) in paragraph at lines 962--966
[][][][][][][][][][][][][][][][][][][][][][][][][][][][][][][][][][][][][][][][
][][][][][][]\T1/lmr/m/n/11 (+20) )
[8]
Underfull \hbox (badness 10000) in alignment at lines 976--986
[] [] []

Underfull \hbox (badness 10000) in alignment at lines 986--988
[] [] []

Underfull \hbox (badness 10000) in alignment at lines 988--1007
[] [] []

Overfull \hbox (6.3263pt too wide) in alignment at lines 1051--1054
[] [] [] [] [] []

Underfull \hbox (badness 10000) in paragraph at lines 1055--1055
[]|\T1/lmr/m/n/9 (+20) ACLED-style event fields

Underfull \hbox (badness 10000) in paragraph at lines 1055--1055
\T1/lmr/m/n/9 (+20) (\T1/lmtt/m/n/9 fatalities \T1/lmr/m/n/9 (+20) + event-type


Underfull \hbox (badness 2042) in paragraph at lines 1055--1056
[]|\T1/lmr/m/n/9 (+20) ACLED / fil-tered, ag-gre-

Underfull \hbox (badness 10000) in paragraph at lines 1056--1056
[]|\T1/lmr/m/n/9 (+20) ACLED-style event fields

Underfull \hbox (badness 10000) in paragraph at lines 1056--1056
\T1/lmr/m/n/9 (+20) (\T1/lmtt/m/n/9 fatalities \T1/lmr/m/n/9 (+20) + event-type


Underfull \hbox (badness 2042) in paragraph at lines 1056--1057
[]|\T1/lmr/m/n/9 (+20) ACLED / fil-tered, ag-gre-

Underfull \hbox (badness 2689) in paragraph at lines 1061--1062
[]|\T1/lmr/m/n/9 (+20) Cloudflare Terms of Use;

Underfull \hbox (badness 2689) in paragraph at lines 1063--1064
[]|\T1/lmr/m/n/9 (+20) Cloudflare Terms of Use;

Underfull \hbox (badness 2818) in paragraph at lines 1067--1067
[]|\T1/lmtt/m/n/9 value \T1/lmr/m/n/9 (+20) field for WB in-di-ca-tor

Underfull \hbox (badness 2818) in paragraph at lines 1068--1068
[]|\T1/lmtt/m/n/9 value \T1/lmr/m/n/9 (+20) field for WB in-di-ca-tor

Underfull \hbox (badness 2818) in paragraph at lines 1069--1069
[]|\T1/lmtt/m/n/9 value \T1/lmr/m/n/9 (+20) field for WB in-di-ca-tor

Underfull \hbox (badness 2818) in paragraph at lines 1070--1070
[]|\T1/lmtt/m/n/9 value \T1/lmr/m/n/9 (+20) field for WB in-di-ca-tor

Underfull \hbox (badness 2818) in paragraph at lines 1073--1073
[]|\T1/lmtt/m/n/9 value \T1/lmr/m/n/9 (+20) field for WB in-di-ca-tor

Underfull \hbox (badness 2818) in paragraph at lines 1074--1074
[]|\T1/lmtt/m/n/9 value \T1/lmr/m/n/9 (+20) field for WB in-di-ca-tor

Underfull \hbox (badness 2818) in paragraph at lines 1075--1075
[]|\T1/lmtt/m/n/9 value \T1/lmr/m/n/9 (+20) field for WB in-di-ca-tor

Underfull \hbox (badness 2818) in paragraph at lines 1076--1076
[]|\T1/lmtt/m/n/9 value \T1/lmr/m/n/9 (+20) field for WB in-di-ca-tor

Underfull \hbox (badness 2818) in paragraph at lines 1077--1077
[]|\T1/lmtt/m/n/9 value \T1/lmr/m/n/9 (+20) field for WB in-di-ca-tor

Underfull \hbox (badness 2818) in paragraph at lines 1078--1078
[]|\T1/lmtt/m/n/9 value \T1/lmr/m/n/9 (+20) field for WB in-di-ca-tor

Underfull \hbox (badness 2818) in paragraph at lines 1079--1079
[]|\T1/lmtt/m/n/9 value \T1/lmr/m/n/9 (+20) field for WB in-di-ca-tor

Underfull \hbox (badness 2818) in paragraph at lines 1080--1080
[]|\T1/lmtt/m/n/9 value \T1/lmr/m/n/9 (+20) field for WB in-di-ca-tor

Underfull \hbox (badness 2818) in paragraph at lines 1081--1081
[]|\T1/lmtt/m/n/9 value \T1/lmr/m/n/9 (+20) field for WB in-di-ca-tor

Underfull \hbox (badness 2818) in paragraph at lines 1082--1082
[]|\T1/lmtt/m/n/9 value \T1/lmr/m/n/9 (+20) field for WB in-di-ca-tor

Underfull \hbox (badness 2818) in paragraph at lines 1083--1083
[]|\T1/lmtt/m/n/9 value \T1/lmr/m/n/9 (+20) field for WB in-di-ca-tor

Underfull \hbox (badness 2818) in paragraph at lines 1084--1084
[]|\T1/lmtt/m/n/9 value \T1/lmr/m/n/9 (+20) field for WB in-di-ca-tor

Underfull \hbox (badness 10000) in paragraph at lines 1087--1088
[]|\T1/lmr/m/n/9 (+20) GDACS Terms of Use;

Underfull \hbox (badness 10000) in paragraph at lines 1088--1089
[]|\T1/lmr/m/n/9 (+20) Refer to Source Link;

Underfull \hbox (badness 10000) in paragraph at lines 1089--1090
[]|\T1/lmr/m/n/9 (+20) Refer to Source Link;

Underfull \hbox (badness 10000) in paragraph at lines 1090--1091
[]|\T1/lmr/m/n/9 (+20) Refer to Source Link;

Underfull \hbox (badness 10000) in paragraph at lines 1091--1092
[]|\T1/lmr/m/n/9 (+20) Refer to Source Link;

Underfull \hbox (badness 10000) in paragraph at lines 1092--1093
[]|\T1/lmr/m/n/9 (+20) Refer to Source Link;

Underfull \hbox (badness 10000) in paragraph at lines 1093--1094
[]|\T1/lmr/m/n/9 (+20) Refer to Source Link;

Underfull \hbox (badness 5475) in paragraph at lines 1094--1095
\T1/lmr/m/n/9 (+20) - Pub-lic Do-main (DOJ);

Underfull \hbox (badness 10000) in paragraph at lines 1097--1098
[]|\T1/lmr/m/n/9 (+20) Internal pro-cess-ing for

Underfull \hbox (badness 10000) in paragraph at lines 1097--1098
\T1/lmr/m/n/9 (+20) Na-tion-Files In-tel-li-gence;

Overfull \hbox (2.82463pt too wide) in paragraph at lines 1099--1099
[]|\T1/lmr/m/n/9 (-20) NfRawNewsSignalsEventRisk| 

Underfull \hbox (badness 10000) in paragraph at lines 1102--1103
[]|\T1/lmr/m/n/9 (+20) Refer to Source Link;

Underfull \hbox (badness 10000) in paragraph at lines 1103--1104
[]|\T1/lmr/m/n/9 (+20) Refer to Source Link;

Underfull \hbox (badness 10000) in paragraph at lines 1104--1105
[]|\T1/lmr/m/n/9 (+20) U.S. Gov-ern-ment Work;

Overfull \hbox (39.95456pt too wide) in paragraph at lines 1106--1106
[]|\T1/lmr/m/n/9 (-20) warning,partial_warning,situation_warning| 

Underfull \hbox (badness 10000) in paragraph at lines 1106--1107
[]|\T1/lmr/m/n/9 (+20) Refer to Source Link;

Underfull \hbox (badness 10000) in paragraph at lines 1107--1108
[]|\T1/lmr/m/n/9 (+20) Refer to Source Link;

Underfull \hbox (badness 10000) in paragraph at lines 1109--1110
[]|\T1/lmr/m/n/9 (+20) USGS Pub-lic Do-main;

Underfull \hbox (badness 10000) in paragraph at lines 1110--1111
[]|\T1/lmr/m/n/9 (+20) Refer to repos-i-tory;

Overfull \hbox (6.3263pt too wide) in alignment at lines 1054--1111
[] [] [] [] [] []
[9] [10] [11]
Underfull \hbox (badness 10000) in paragraph at lines 1139--1142


Underfull \hbox (badness 10000) in paragraph at lines 1142--1145

[12]
Overfull \hbox (8.75752pt too wide) in paragraph at lines 1363--1363
[]|[] 
[13]
Underfull \hbox (badness 10000) in alignment at lines 1418--1422
[] [] []

Underfull \hbox (badness 10000) in alignment at lines 1422--1424
[] [] []

Underfull \hbox (badness 10000) in alignment at lines 1424--1427
[] [] []

Underfull \hbox (badness 10000) in alignment at lines 1460--1470
[] [] []

Underfull \hbox (badness 10000) in alignment at lines 1470--1472
[] [] []

Underfull \hbox (badness 10000) in alignment at lines 1472--1479
[] [] []

Underfull \hbox (badness 10000) in alignment at lines 1499--1509
[] [] []

Underfull \hbox (badness 10000) in alignment at lines 1509--1511
[] [] []

Underfull \hbox (badness 10000) in alignment at lines 1511--1518
[] [] []
[14]
Underfull \hbox (badness 10000) in alignment at lines 1538--1552
[] [] [] [] []

Underfull \hbox (badness 10000) in alignment at lines 1552--1554
[] [] [] [] []

Underfull \hbox (badness 10000) in alignment at lines 1554--1570
[] [] [] [] []
[15] [16 <./research/peer-review/figures-png/fig08-sensitivity-mean-abs.png>]
[17] [18] [19] [20] [21] [22]
Overfull \hbox (7.6778pt too wide) in alignment at lines 2364--2367
[] [] [] []

Overfull \hbox (7.6778pt too wide) in alignment at lines 2367--2381
[] [] [] []

Overfull \hbox (7.6778pt too wide) in alignment at lines 2393--2396
[] [] [] []

Overfull \hbox (7.6778pt too wide) in alignment at lines 2396--2417
[] [] [] []
[23]
Overfull \hbox (7.6778pt too wide) in alignment at lines 2429--2432
[] [] [] []

Overfull \hbox (7.6778pt too wide) in alignment at lines 2432--2437
[] [] [] []
[24] [25]
Underfull \hbox (badness 10000) in alignment at lines 2561--2571
[] [] []

Underfull \hbox (badness 10000) in alignment at lines 2571--2573
[] [] []

Underfull \hbox (badness 10000) in alignment at lines 2573--2591
[] [] []
[26]
Underfull \hbox (badness 10000) in alignment at lines 2636--2646
[] [] []

Underfull \hbox (badness 10000) in alignment at lines 2646--2648
[] [] []

Overfull \hbox (46.92517pt too wide) in paragraph at lines 2679--2680
[][] 

Overfull \hbox (28.0252pt too wide) in paragraph at lines 2713--2714
[][] 

Overfull \hbox (42.20018pt too wide) in paragraph at lines 2716--2717
[][] 

Overfull \hbox (9.12524pt too wide) in paragraph at lines 2719--2720
[][] 

Overfull \hbox (9.12524pt too wide) in paragraph at lines 2722--2723
[][] 

Overfull \hbox (42.20018pt too wide) in paragraph at lines 2762--2763
[][] 

Overfull \hbox (18.57523pt too wide) in paragraph at lines 2765--2766
[][] 

Overfull \hbox (18.57523pt too wide) in paragraph at lines 2768--2769
[][] 

Overfull \hbox (32.7502pt too wide) in paragraph at lines 2771--2772
[][] 

Underfull \hbox (badness 10000) in alignment at lines 2648--2788
[] [] []
[27] [28] [29]
(/var/www/clients/client1/web3/web/research-review-en/research/deposit/build/ma
nuscript-peer-review-ieee.aux) )
(see the transcript file for additional information)</usr/share/texmf/fonts/typ
e1/public/lm/lmbx12.pfb></usr/share/texmf/fonts/type1/public/lm/lmbx9.pfb></usr
/share/texmf/fonts/type1/public/lm/lmbxi10.pfb></usr/share/texmf/fonts/type1/pu
blic/lm/lmcsc10.pfb></usr/share/texmf/fonts/type1/public/lm/lmex10.pfb></usr/sh
are/texmf/fonts/type1/public/lm/lmmi12.pfb></usr/share/texmf/fonts/type1/public
/lm/lmmi6.pfb></usr/share/texmf/fonts/type1/public/lm/lmmi8.pfb></usr/share/tex
mf/fonts/type1/public/lm/lmmi9.pfb></usr/share/texmf/fonts/type1/public/lm/lmr1
2.pfb></usr/share/texmf/fonts/type1/public/lm/lmr17.pfb></usr/share/texmf/fonts
/type1/public/lm/lmr6.pfb></usr/share/texmf/fonts/type1/public/lm/lmr8.pfb></us
r/share/texmf/fonts/type1/public/lm/lmr9.pfb></usr/share/texmf/fonts/type1/publ
ic/lm/lmri12.pfb></usr/share/texmf/fonts/type1/public/lm/lmsy10.pfb></usr/share
/texmf/fonts/type1/public/lm/lmsy6.pfb></usr/share/texmf/fonts/type1/public/lm/
lmsy8.pfb></usr/share/texmf/fonts/type1/public/lm/lmsy9.pfb></usr/share/texmf/f
onts/type1/public/lm/lmtk10.pfb></usr/share/texmf/fonts/type1/public/lm/lmtt12.
pfb></usr/share/texmf/fonts/type1/public/lm/lmtt9.pfb></usr/share/texmf/fonts/t
ype1/public/lm/lmtti10.pfb>
Output written on /var/www/clients/client1/web3/web/research-review-en/research
/deposit/build/manuscript-peer-review-ieee.pdf (30 pages, 758293 bytes).
Transcript written on /var/www/clients/client1/web3/web/research-review-en/rese
arch/deposit/build/manuscript-peer-review-ieee.log.
This is pdfTeX, Version 3.141592653-2.6-1.40.25 (TeX Live 2023/Debian) (preloaded format=pdflatex)
 restricted \write18 enabled.
entering extended mode

(/var/www/clients/client1/web3/web/research-review-en/research/deposit/build/ma
nuscript-peer-review-ieee.tex
LaTeX2e <2023-11-01> patch level 1
L3 programming layer <2024-01-22>

(/var/www/clients/client1/web3/web/research-review-en/research/latex/vendor/IEE
Etran/IEEEtran.cls
Document Class: IEEEtran 2015/08/26 V1.8b by Michael Shell
-- See the "IEEEtran_HOWTO" manual for usage information.
-- http://www.michaelshell.org/tex/ieeetran/
(/usr/share/texlive/texmf-dist/tex/latex/psnfss/ot1ptm.fd)
** ATTENTION: Single column mode is not typically used with IEEE publications.
-- Using 8.5in x 11in (letter) paper.
-- Using PDF output.
-- This is an 11 point document.
) (/usr/share/texlive/texmf-dist/tex/latex/amsmath/amsmath.sty
For additional information on amsmath, use the `?' option.
(/usr/share/texlive/texmf-dist/tex/latex/amsmath/amstext.sty
(/usr/share/texlive/texmf-dist/tex/latex/amsmath/amsgen.sty))
(/usr/share/texlive/texmf-dist/tex/latex/amsmath/amsbsy.sty)
(/usr/share/texlive/texmf-dist/tex/latex/amsmath/amsopn.sty))
(/usr/share/texlive/texmf-dist/tex/latex/amsfonts/amssymb.sty
(/usr/share/texlive/texmf-dist/tex/latex/amsfonts/amsfonts.sty))
(/usr/share/texlive/texmf-dist/tex/generic/iftex/iftex.sty)
(/usr/share/texlive/texmf-dist/tex/latex/base/fontenc.sty
(/usr/share/texlive/texmf-dist/tex/latex/psnfss/t1ptm.fd))
(/usr/share/texlive/texmf-dist/tex/latex/base/inputenc.sty)
(/usr/share/texlive/texmf-dist/tex/latex/base/textcomp.sty)
(/usr/share/texmf/tex/latex/lm/lmodern.sty)
(/usr/share/texlive/texmf-dist/tex/latex/upquote/upquote.sty)
(/usr/share/texlive/texmf-dist/tex/latex/microtype/microtype.sty
(/usr/share/texlive/texmf-dist/tex/latex/graphics/keyval.sty)
(/usr/share/texlive/texmf-dist/tex/latex/etoolbox/etoolbox.sty)
(/usr/share/texlive/texmf-dist/tex/latex/microtype/microtype-pdftex.def)
(/usr/share/texlive/texmf-dist/tex/latex/microtype/microtype.cfg))
(/usr/share/texlive/texmf-dist/tex/latex/parskip/parskip.sty
(/usr/share/texlive/texmf-dist/tex/latex/kvoptions/kvoptions.sty
(/usr/share/texlive/texmf-dist/tex/generic/ltxcmds/ltxcmds.sty)
(/usr/share/texlive/texmf-dist/tex/latex/kvsetkeys/kvsetkeys.sty)))
(/usr/share/texlive/texmf-dist/tex/latex/xcolor/xcolor.sty
(/usr/share/texlive/texmf-dist/tex/latex/graphics-cfg/color.cfg)
(/usr/share/texlive/texmf-dist/tex/latex/graphics-def/pdftex.def)
(/usr/share/texlive/texmf-dist/tex/latex/graphics/mathcolor.ltx))
(/usr/share/texlive/texmf-dist/tex/latex/listings/listings.sty
(/usr/share/texlive/texmf-dist/tex/latex/listings/lstmisc.sty)
(/usr/share/texlive/texmf-dist/tex/latex/listings/listings.cfg))
(/usr/share/texlive/texmf-dist/tex/latex/tools/longtable.sty)
(/usr/share/texlive/texmf-dist/tex/latex/booktabs/booktabs.sty)
(/usr/share/texlive/texmf-dist/tex/latex/tools/array.sty)
(/usr/share/texlive/texmf-dist/tex/latex/tools/calc.sty)
(/usr/share/texlive/texmf-dist/tex/latex/footnotehyper/footnotehyper.sty)
(/usr/share/texlive/texmf-dist/tex/latex/graphics/graphicx.sty
(/usr/share/texlive/texmf-dist/tex/latex/graphics/graphics.sty
(/usr/share/texlive/texmf-dist/tex/latex/graphics/trig.sty)
(/usr/share/texlive/texmf-dist/tex/latex/graphics-cfg/graphics.cfg)))
(/usr/share/texlive/texmf-dist/tex/latex/base/fontenc.sty
(/usr/share/texmf/tex/latex/lm/t1lmr.fd))
(/usr/share/texlive/texmf-dist/tex/latex/listingsutf8/listingsutf8.sty
(/usr/share/texlive/texmf-dist/tex/generic/pdftexcmds/pdftexcmds.sty
(/usr/share/texlive/texmf-dist/tex/generic/infwarerr/infwarerr.sty))
(/usr/share/texlive/texmf-dist/tex/generic/stringenc/stringenc.sty
(/usr/share/texlive/texmf-dist/tex/generic/pdfescape/pdfescape.sty)))
(/usr/share/texlive/texmf-dist/tex/latex/xurl/xurl.sty
(/usr/share/texlive/texmf-dist/tex/latex/url/url.sty))
(/usr/share/texlive/texmf-dist/tex/latex/adjustbox/adjustbox.sty
(/usr/share/texlive/texmf-dist/tex/latex/xkeyval/xkeyval.sty
(/usr/share/texlive/texmf-dist/tex/generic/xkeyval/xkeyval.tex
(/usr/share/texlive/texmf-dist/tex/generic/xkeyval/xkvutils.tex)))
(/usr/share/texlive/texmf-dist/tex/latex/adjustbox/adjcalc.sty)
(/usr/share/texlive/texmf-dist/tex/latex/adjustbox/trimclip.sty
(/usr/share/texlive/texmf-dist/tex/latex/collectbox/collectbox.sty)
(/usr/share/texlive/texmf-dist/tex/latex/adjustbox/tc-pdftex.def))
(/usr/share/texlive/texmf-dist/tex/latex/ifoddpage/ifoddpage.sty)
(/usr/share/texlive/texmf-dist/tex/latex/varwidth/varwidth.sty))
(/usr/share/texlive/texmf-dist/tex/latex/pdflscape/pdflscape.sty
(/usr/share/texlive/texmf-dist/tex/latex/pdflscape/pdflscape-nometadata.sty
(/usr/share/texlive/texmf-dist/tex/latex/graphics/lscape.sty)))
(/usr/share/texlive/texmf-dist/tex/latex/tools/tabularx.sty)
(/usr/share/texlive/texmf-dist/tex/latex/ragged2e/ragged2e.sty)
(/usr/share/texlive/texmf-dist/tex/latex/seqsplit/seqsplit.sty)
(/usr/share/texlive/texmf-dist/tex/latex/bookmark/bookmark.sty
(/usr/share/texlive/texmf-dist/tex/latex/hyperref/hyperref.sty
(/usr/share/texlive/texmf-dist/tex/generic/kvdefinekeys/kvdefinekeys.sty)
(/usr/share/texlive/texmf-dist/tex/latex/hycolor/hycolor.sty)
(/usr/share/texlive/texmf-dist/tex/latex/auxhook/auxhook.sty)
(/usr/share/texlive/texmf-dist/tex/latex/hyperref/nameref.sty
(/usr/share/texlive/texmf-dist/tex/latex/refcount/refcount.sty)
(/usr/share/texlive/texmf-dist/tex/generic/gettitlestring/gettitlestring.sty))
(/usr/share/texlive/texmf-dist/tex/latex/hyperref/pd1enc.def)
(/usr/share/texlive/texmf-dist/tex/generic/intcalc/intcalc.sty)
(/usr/share/texlive/texmf-dist/tex/latex/hyperref/puenc.def)
(/usr/share/texlive/texmf-dist/tex/generic/bitset/bitset.sty
(/usr/share/texlive/texmf-dist/tex/generic/bigintcalc/bigintcalc.sty))
(/usr/share/texlive/texmf-dist/tex/latex/base/atbegshi-ltx.sty))
(/usr/share/texlive/texmf-dist/tex/latex/hyperref/hpdftex.def
(/usr/share/texlive/texmf-dist/tex/latex/base/atveryend-ltx.sty)
(/usr/share/texlive/texmf-dist/tex/latex/rerunfilecheck/rerunfilecheck.sty
(/usr/share/texlive/texmf-dist/tex/generic/uniquecounter/uniquecounter.sty)))
(/usr/share/texlive/texmf-dist/tex/latex/bookmark/bkm-pdftex.def))
(/usr/share/texlive/texmf-dist/tex/latex/l3backend/l3backend-pdftex.def)
(/var/www/clients/client1/web3/web/research-review-en/research/deposit/build/ma
nuscript-peer-review-ieee.aux)
-- Lines per column: 52 (exact).
(/usr/share/texlive/texmf-dist/tex/latex/microtype/mt-cmr.cfg)
(/usr/share/texlive/texmf-dist/tex/context/base/mkii/supp-pdf.mkii
[Loading MPS to PDF converter (version 2006.09.02).]
) (/usr/share/texlive/texmf-dist/tex/latex/epstopdf-pkg/epstopdf-base.sty
(/usr/share/texlive/texmf-dist/tex/latex/latexconfig/epstopdf-sys.cfg))
(/usr/share/texmf/tex/latex/lm/ts1lmr.fd)
(/usr/share/texmf/tex/latex/lm/t1lmtt.fd)
(/usr/share/texmf/tex/latex/lm/ot1lmr.fd)
(/usr/share/texmf/tex/latex/lm/omllmm.fd)
(/usr/share/texmf/tex/latex/lm/omslmsy.fd)
(/usr/share/texmf/tex/latex/lm/omxlmex.fd)
(/usr/share/texlive/texmf-dist/tex/latex/amsfonts/umsa.fd)
(/usr/share/texlive/texmf-dist/tex/latex/microtype/mt-msa.cfg)
(/usr/share/texlive/texmf-dist/tex/latex/amsfonts/umsb.fd)
(/usr/share/texlive/texmf-dist/tex/latex/microtype/mt-msb.cfg) [0{/var/lib/texm
f/fonts/map/pdftex/updmap/pdftex.map}{/usr/share/texmf/fonts/enc/dvips/lm/lm-ec
.enc}{/usr/share/texmf/fonts/enc/dvips/lm/lm-ts1.enc}{/usr/share/texmf/fonts/en
c/dvips/lm/lm-rm.enc}{/usr/share/texmf/fonts/enc/dvips/lm/lm-mathit.enc}]
[1] [2 <./research/peer-review/figures-png/fig01-paradigm-shift.png> <./researc
h/peer-review/figures-png/fig06-benchmark-freshness.png>]
Underfull \hbox (badness 10000) in paragraph at lines 471--477


Underfull \hbox (badness 10000) in paragraph at lines 477--480

[3{/usr/share/texmf/fonts/enc/dvips/lm/lm-mathsy.enc} <./research/peer-review/f
igures-png/fig02-system-architecture.png>]
Underfull \hbox (badness 2213) in paragraph at lines 516--520
[]\T1/lmr/m/n/11 (+20) Let $[][] \OT1/lmr/m/n/11 (+20) = []([]\OML/lmm/m/it/11 
; \OT1/lmr/m/n/11 (+20) 0\OML/lmm/m/it/11 ; \OT1/lmr/m/n/11 (+20) 100)$\T1/lmr/
m/n/11 (+20) . With di-rec-tion flag ``higher raw is worse'', $[][] \OT1/lmr/m/
n/11 (+20) =
[4{/usr/share/texmf/fonts/enc/dvips/lm/lm-mathex.enc}]
(/usr/share/texmf/tex/latex/lm/ts1lmtt.fd) [5]
Underfull \hbox (badness 10000) in paragraph at lines 710--718
\T1/lmr/m/n/11 (+20) to the Layer[]4 keys $[]$, $[]$,
[6 <./research/peer-review/figures-png/fig03-nfsi-layers.png>]
Underfull \hbox (badness 10000) in alignment at lines 778--788
[] [] []

Underfull \hbox (badness 10000) in alignment at lines 788--790
[] [] []

Underfull \hbox (badness 10000) in alignment at lines 790--797
[] [] []
[7 <./research/peer-review/figures-png/fig05-stress-fault-tree.png>]
Underfull \hbox (badness 10000) in paragraph at lines 962--966
[][][][][][][][][][][][][][][][][][][][][][][][][][][][][][][][][][][][][][][][
][][][][][][]\T1/lmr/m/n/11 (+20) )
[8]
Underfull \hbox (badness 10000) in alignment at lines 976--986
[] [] []

Underfull \hbox (badness 10000) in alignment at lines 986--988
[] [] []

Underfull \hbox (badness 10000) in alignment at lines 988--1007
[] [] []

Overfull \hbox (6.3263pt too wide) in alignment at lines 1051--1054
[] [] [] [] [] []

Underfull \hbox (badness 10000) in paragraph at lines 1055--1055
[]|\T1/lmr/m/n/9 (+20) ACLED-style event fields

Underfull \hbox (badness 10000) in paragraph at lines 1055--1055
\T1/lmr/m/n/9 (+20) (\T1/lmtt/m/n/9 fatalities \T1/lmr/m/n/9 (+20) + event-type


Underfull \hbox (badness 2042) in paragraph at lines 1055--1056
[]|\T1/lmr/m/n/9 (+20) ACLED / fil-tered, ag-gre-

Underfull \hbox (badness 10000) in paragraph at lines 1056--1056
[]|\T1/lmr/m/n/9 (+20) ACLED-style event fields

Underfull \hbox (badness 10000) in paragraph at lines 1056--1056
\T1/lmr/m/n/9 (+20) (\T1/lmtt/m/n/9 fatalities \T1/lmr/m/n/9 (+20) + event-type


Underfull \hbox (badness 2042) in paragraph at lines 1056--1057
[]|\T1/lmr/m/n/9 (+20) ACLED / fil-tered, ag-gre-

Underfull \hbox (badness 2689) in paragraph at lines 1061--1062
[]|\T1/lmr/m/n/9 (+20) Cloudflare Terms of Use;

Underfull \hbox (badness 2689) in paragraph at lines 1063--1064
[]|\T1/lmr/m/n/9 (+20) Cloudflare Terms of Use;

Underfull \hbox (badness 2818) in paragraph at lines 1067--1067
[]|\T1/lmtt/m/n/9 value \T1/lmr/m/n/9 (+20) field for WB in-di-ca-tor

Underfull \hbox (badness 2818) in paragraph at lines 1068--1068
[]|\T1/lmtt/m/n/9 value \T1/lmr/m/n/9 (+20) field for WB in-di-ca-tor

Underfull \hbox (badness 2818) in paragraph at lines 1069--1069
[]|\T1/lmtt/m/n/9 value \T1/lmr/m/n/9 (+20) field for WB in-di-ca-tor

Underfull \hbox (badness 2818) in paragraph at lines 1070--1070
[]|\T1/lmtt/m/n/9 value \T1/lmr/m/n/9 (+20) field for WB in-di-ca-tor

Underfull \hbox (badness 2818) in paragraph at lines 1073--1073
[]|\T1/lmtt/m/n/9 value \T1/lmr/m/n/9 (+20) field for WB in-di-ca-tor

Underfull \hbox (badness 2818) in paragraph at lines 1074--1074
[]|\T1/lmtt/m/n/9 value \T1/lmr/m/n/9 (+20) field for WB in-di-ca-tor

Underfull \hbox (badness 2818) in paragraph at lines 1075--1075
[]|\T1/lmtt/m/n/9 value \T1/lmr/m/n/9 (+20) field for WB in-di-ca-tor

Underfull \hbox (badness 2818) in paragraph at lines 1076--1076
[]|\T1/lmtt/m/n/9 value \T1/lmr/m/n/9 (+20) field for WB in-di-ca-tor

Underfull \hbox (badness 2818) in paragraph at lines 1077--1077
[]|\T1/lmtt/m/n/9 value \T1/lmr/m/n/9 (+20) field for WB in-di-ca-tor

Underfull \hbox (badness 2818) in paragraph at lines 1078--1078
[]|\T1/lmtt/m/n/9 value \T1/lmr/m/n/9 (+20) field for WB in-di-ca-tor

Underfull \hbox (badness 2818) in paragraph at lines 1079--1079
[]|\T1/lmtt/m/n/9 value \T1/lmr/m/n/9 (+20) field for WB in-di-ca-tor

Underfull \hbox (badness 2818) in paragraph at lines 1080--1080
[]|\T1/lmtt/m/n/9 value \T1/lmr/m/n/9 (+20) field for WB in-di-ca-tor

Underfull \hbox (badness 2818) in paragraph at lines 1081--1081
[]|\T1/lmtt/m/n/9 value \T1/lmr/m/n/9 (+20) field for WB in-di-ca-tor

Underfull \hbox (badness 2818) in paragraph at lines 1082--1082
[]|\T1/lmtt/m/n/9 value \T1/lmr/m/n/9 (+20) field for WB in-di-ca-tor

Underfull \hbox (badness 2818) in paragraph at lines 1083--1083
[]|\T1/lmtt/m/n/9 value \T1/lmr/m/n/9 (+20) field for WB in-di-ca-tor

Underfull \hbox (badness 2818) in paragraph at lines 1084--1084
[]|\T1/lmtt/m/n/9 value \T1/lmr/m/n/9 (+20) field for WB in-di-ca-tor

Underfull \hbox (badness 10000) in paragraph at lines 1087--1088
[]|\T1/lmr/m/n/9 (+20) GDACS Terms of Use;

Underfull \hbox (badness 10000) in paragraph at lines 1088--1089
[]|\T1/lmr/m/n/9 (+20) Refer to Source Link;

Underfull \hbox (badness 10000) in paragraph at lines 1089--1090
[]|\T1/lmr/m/n/9 (+20) Refer to Source Link;

Underfull \hbox (badness 10000) in paragraph at lines 1090--1091
[]|\T1/lmr/m/n/9 (+20) Refer to Source Link;

Underfull \hbox (badness 10000) in paragraph at lines 1091--1092
[]|\T1/lmr/m/n/9 (+20) Refer to Source Link;

Underfull \hbox (badness 10000) in paragraph at lines 1092--1093
[]|\T1/lmr/m/n/9 (+20) Refer to Source Link;

Underfull \hbox (badness 10000) in paragraph at lines 1093--1094
[]|\T1/lmr/m/n/9 (+20) Refer to Source Link;

Underfull \hbox (badness 5475) in paragraph at lines 1094--1095
\T1/lmr/m/n/9 (+20) - Pub-lic Do-main (DOJ);

Underfull \hbox (badness 10000) in paragraph at lines 1097--1098
[]|\T1/lmr/m/n/9 (+20) Internal pro-cess-ing for

Underfull \hbox (badness 10000) in paragraph at lines 1097--1098
\T1/lmr/m/n/9 (+20) Na-tion-Files In-tel-li-gence;

Overfull \hbox (2.82463pt too wide) in paragraph at lines 1099--1099
[]|\T1/lmr/m/n/9 (-20) NfRawNewsSignalsEventRisk| 

Underfull \hbox (badness 10000) in paragraph at lines 1102--1103
[]|\T1/lmr/m/n/9 (+20) Refer to Source Link;

Underfull \hbox (badness 10000) in paragraph at lines 1103--1104
[]|\T1/lmr/m/n/9 (+20) Refer to Source Link;

Underfull \hbox (badness 10000) in paragraph at lines 1104--1105
[]|\T1/lmr/m/n/9 (+20) U.S. Gov-ern-ment Work;

Overfull \hbox (39.95456pt too wide) in paragraph at lines 1106--1106
[]|\T1/lmr/m/n/9 (-20) warning,partial_warning,situation_warning| 

Underfull \hbox (badness 10000) in paragraph at lines 1106--1107
[]|\T1/lmr/m/n/9 (+20) Refer to Source Link;

Underfull \hbox (badness 10000) in paragraph at lines 1107--1108
[]|\T1/lmr/m/n/9 (+20) Refer to Source Link;

Underfull \hbox (badness 10000) in paragraph at lines 1109--1110
[]|\T1/lmr/m/n/9 (+20) USGS Pub-lic Do-main;

Underfull \hbox (badness 10000) in paragraph at lines 1110--1111
[]|\T1/lmr/m/n/9 (+20) Refer to repos-i-tory;

Overfull \hbox (6.3263pt too wide) in alignment at lines 1054--1111
[] [] [] [] [] []
[9] [10] [11]
Underfull \hbox (badness 10000) in paragraph at lines 1139--1142


Underfull \hbox (badness 10000) in paragraph at lines 1142--1145

[12]
Overfull \hbox (8.75752pt too wide) in paragraph at lines 1363--1363
[]|[] 
[13]
Underfull \hbox (badness 10000) in alignment at lines 1418--1422
[] [] []

Underfull \hbox (badness 10000) in alignment at lines 1422--1424
[] [] []

Underfull \hbox (badness 10000) in alignment at lines 1424--1427
[] [] []

Underfull \hbox (badness 10000) in alignment at lines 1460--1470
[] [] []

Underfull \hbox (badness 10000) in alignment at lines 1470--1472
[] [] []

Underfull \hbox (badness 10000) in alignment at lines 1472--1479
[] [] []

Underfull \hbox (badness 10000) in alignment at lines 1499--1509
[] [] []

Underfull \hbox (badness 10000) in alignment at lines 1509--1511
[] [] []

Underfull \hbox (badness 10000) in alignment at lines 1511--1518
[] [] []
[14]
Underfull \hbox (badness 10000) in alignment at lines 1538--1552
[] [] [] [] []

Underfull \hbox (badness 10000) in alignment at lines 1552--1554
[] [] [] [] []

Underfull \hbox (badness 10000) in alignment at lines 1554--1570
[] [] [] [] []
[15] [16 <./research/peer-review/figures-png/fig08-sensitivity-mean-abs.png>]
[17] [18] [19] [20] [21] [22]
Overfull \hbox (7.6778pt too wide) in alignment at lines 2364--2367
[] [] [] []

Overfull \hbox (7.6778pt too wide) in alignment at lines 2367--2381
[] [] [] []

Overfull \hbox (7.6778pt too wide) in alignment at lines 2393--2396
[] [] [] []

Overfull \hbox (7.6778pt too wide) in alignment at lines 2396--2417
[] [] [] []
[23]
Overfull \hbox (7.6778pt too wide) in alignment at lines 2429--2432
[] [] [] []

Overfull \hbox (7.6778pt too wide) in alignment at lines 2432--2437
[] [] [] []
[24] [25]
Underfull \hbox (badness 10000) in alignment at lines 2561--2571
[] [] []

Underfull \hbox (badness 10000) in alignment at lines 2571--2573
[] [] []

Underfull \hbox (badness 10000) in alignment at lines 2573--2591
[] [] []
[26]
Underfull \hbox (badness 10000) in alignment at lines 2626--2636
[] [] []

Underfull \hbox (badness 10000) in alignment at lines 2636--2638
[] [] []

Overfull \hbox (46.92517pt too wide) in paragraph at lines 2669--2670
[][] 

Overfull \hbox (28.0252pt too wide) in paragraph at lines 2703--2704
[][] 

Overfull \hbox (42.20018pt too wide) in paragraph at lines 2706--2707
[][] 

Overfull \hbox (9.12524pt too wide) in paragraph at lines 2709--2710
[][] 

Overfull \hbox (9.12524pt too wide) in paragraph at lines 2712--2713
[][] 

Overfull \hbox (42.20018pt too wide) in paragraph at lines 2752--2753
[][] 

Overfull \hbox (18.57523pt too wide) in paragraph at lines 2755--2756
[][] 

Overfull \hbox (18.57523pt too wide) in paragraph at lines 2758--2759
[][] 

Overfull \hbox (32.7502pt too wide) in paragraph at lines 2761--2762
[][] 

Underfull \hbox (badness 10000) in alignment at lines 2638--2778
[] [] []
[27] [28] [29]
(/var/www/clients/client1/web3/web/research-review-en/research/deposit/build/ma
nuscript-peer-review-ieee.aux) )
(see the transcript file for additional information)</usr/share/texmf/fonts/typ
e1/public/lm/lmbx12.pfb></usr/share/texmf/fonts/type1/public/lm/lmbx9.pfb></usr
/share/texmf/fonts/type1/public/lm/lmbxi10.pfb></usr/share/texmf/fonts/type1/pu
blic/lm/lmcsc10.pfb></usr/share/texmf/fonts/type1/public/lm/lmex10.pfb></usr/sh
are/texmf/fonts/type1/public/lm/lmmi12.pfb></usr/share/texmf/fonts/type1/public
/lm/lmmi6.pfb></usr/share/texmf/fonts/type1/public/lm/lmmi8.pfb></usr/share/tex
mf/fonts/type1/public/lm/lmmi9.pfb></usr/share/texmf/fonts/type1/public/lm/lmr1
2.pfb></usr/share/texmf/fonts/type1/public/lm/lmr17.pfb></usr/share/texmf/fonts
/type1/public/lm/lmr6.pfb></usr/share/texmf/fonts/type1/public/lm/lmr8.pfb></us
r/share/texmf/fonts/type1/public/lm/lmr9.pfb></usr/share/texmf/fonts/type1/publ
ic/lm/lmri12.pfb></usr/share/texmf/fonts/type1/public/lm/lmsy10.pfb></usr/share
/texmf/fonts/type1/public/lm/lmsy6.pfb></usr/share/texmf/fonts/type1/public/lm/
lmsy8.pfb></usr/share/texmf/fonts/type1/public/lm/lmsy9.pfb></usr/share/texmf/f
onts/type1/public/lm/lmtk10.pfb></usr/share/texmf/fonts/type1/public/lm/lmtt12.
pfb></usr/share/texmf/fonts/type1/public/lm/lmtt9.pfb></usr/share/texmf/fonts/t
ype1/public/lm/lmtti10.pfb>
Output written on /var/www/clients/client1/web3/web/research-review-en/research
/deposit/build/manuscript-peer-review-ieee.pdf (30 pages, 758311 bytes).
Transcript written on /var/www/clients/client1/web3/web/research-review-en/rese
arch/deposit/build/manuscript-peer-review-ieee.log.
This is pdfTeX, Version 3.141592653-2.6-1.40.25 (TeX Live 2023/Debian) (preloaded format=pdflatex)
 restricted \write18 enabled.
entering extended mode

(/var/www/clients/client1/web3/web/research-review-en/research/deposit/build/ma
nuscript-peer-review-ieee.tex
LaTeX2e <2023-11-01> patch level 1
L3 programming layer <2024-01-22>

(/var/www/clients/client1/web3/web/research-review-en/research/latex/vendor/IEE
Etran/IEEEtran.cls
Document Class: IEEEtran 2015/08/26 V1.8b by Michael Shell
-- See the "IEEEtran_HOWTO" manual for usage information.
-- http://www.michaelshell.org/tex/ieeetran/
(/usr/share/texlive/texmf-dist/tex/latex/psnfss/ot1ptm.fd)
** ATTENTION: Single column mode is not typically used with IEEE publications.
-- Using 8.5in x 11in (letter) paper.
-- Using PDF output.
-- This is an 11 point document.
) (/usr/share/texlive/texmf-dist/tex/latex/amsmath/amsmath.sty
For additional information on amsmath, use the `?' option.
(/usr/share/texlive/texmf-dist/tex/latex/amsmath/amstext.sty
(/usr/share/texlive/texmf-dist/tex/latex/amsmath/amsgen.sty))
(/usr/share/texlive/texmf-dist/tex/latex/amsmath/amsbsy.sty)
(/usr/share/texlive/texmf-dist/tex/latex/amsmath/amsopn.sty))
(/usr/share/texlive/texmf-dist/tex/latex/amsfonts/amssymb.sty
(/usr/share/texlive/texmf-dist/tex/latex/amsfonts/amsfonts.sty))
(/usr/share/texlive/texmf-dist/tex/generic/iftex/iftex.sty)
(/usr/share/texlive/texmf-dist/tex/latex/base/fontenc.sty
(/usr/share/texlive/texmf-dist/tex/latex/psnfss/t1ptm.fd))
(/usr/share/texlive/texmf-dist/tex/latex/base/inputenc.sty)
(/usr/share/texlive/texmf-dist/tex/latex/base/textcomp.sty)
(/usr/share/texmf/tex/latex/lm/lmodern.sty)
(/usr/share/texlive/texmf-dist/tex/latex/upquote/upquote.sty)
(/usr/share/texlive/texmf-dist/tex/latex/microtype/microtype.sty
(/usr/share/texlive/texmf-dist/tex/latex/graphics/keyval.sty)
(/usr/share/texlive/texmf-dist/tex/latex/etoolbox/etoolbox.sty)
(/usr/share/texlive/texmf-dist/tex/latex/microtype/microtype-pdftex.def)
(/usr/share/texlive/texmf-dist/tex/latex/microtype/microtype.cfg))
(/usr/share/texlive/texmf-dist/tex/latex/parskip/parskip.sty
(/usr/share/texlive/texmf-dist/tex/latex/kvoptions/kvoptions.sty
(/usr/share/texlive/texmf-dist/tex/generic/ltxcmds/ltxcmds.sty)
(/usr/share/texlive/texmf-dist/tex/latex/kvsetkeys/kvsetkeys.sty)))
(/usr/share/texlive/texmf-dist/tex/latex/xcolor/xcolor.sty
(/usr/share/texlive/texmf-dist/tex/latex/graphics-cfg/color.cfg)
(/usr/share/texlive/texmf-dist/tex/latex/graphics-def/pdftex.def)
(/usr/share/texlive/texmf-dist/tex/latex/graphics/mathcolor.ltx))
(/usr/share/texlive/texmf-dist/tex/latex/listings/listings.sty
(/usr/share/texlive/texmf-dist/tex/latex/listings/lstmisc.sty)
(/usr/share/texlive/texmf-dist/tex/latex/listings/listings.cfg))
(/usr/share/texlive/texmf-dist/tex/latex/tools/longtable.sty)
(/usr/share/texlive/texmf-dist/tex/latex/booktabs/booktabs.sty)
(/usr/share/texlive/texmf-dist/tex/latex/tools/array.sty)
(/usr/share/texlive/texmf-dist/tex/latex/tools/calc.sty)
(/usr/share/texlive/texmf-dist/tex/latex/footnotehyper/footnotehyper.sty)
(/usr/share/texlive/texmf-dist/tex/latex/graphics/graphicx.sty
(/usr/share/texlive/texmf-dist/tex/latex/graphics/graphics.sty
(/usr/share/texlive/texmf-dist/tex/latex/graphics/trig.sty)
(/usr/share/texlive/texmf-dist/tex/latex/graphics-cfg/graphics.cfg)))
(/usr/share/texlive/texmf-dist/tex/latex/base/fontenc.sty
(/usr/share/texmf/tex/latex/lm/t1lmr.fd))
(/usr/share/texlive/texmf-dist/tex/latex/listingsutf8/listingsutf8.sty
(/usr/share/texlive/texmf-dist/tex/generic/pdftexcmds/pdftexcmds.sty
(/usr/share/texlive/texmf-dist/tex/generic/infwarerr/infwarerr.sty))
(/usr/share/texlive/texmf-dist/tex/generic/stringenc/stringenc.sty
(/usr/share/texlive/texmf-dist/tex/generic/pdfescape/pdfescape.sty)))
(/usr/share/texlive/texmf-dist/tex/latex/xurl/xurl.sty
(/usr/share/texlive/texmf-dist/tex/latex/url/url.sty))
(/usr/share/texlive/texmf-dist/tex/latex/adjustbox/adjustbox.sty
(/usr/share/texlive/texmf-dist/tex/latex/xkeyval/xkeyval.sty
(/usr/share/texlive/texmf-dist/tex/generic/xkeyval/xkeyval.tex
(/usr/share/texlive/texmf-dist/tex/generic/xkeyval/xkvutils.tex)))
(/usr/share/texlive/texmf-dist/tex/latex/adjustbox/adjcalc.sty)
(/usr/share/texlive/texmf-dist/tex/latex/adjustbox/trimclip.sty
(/usr/share/texlive/texmf-dist/tex/latex/collectbox/collectbox.sty)
(/usr/share/texlive/texmf-dist/tex/latex/adjustbox/tc-pdftex.def))
(/usr/share/texlive/texmf-dist/tex/latex/ifoddpage/ifoddpage.sty)
(/usr/share/texlive/texmf-dist/tex/latex/varwidth/varwidth.sty))
(/usr/share/texlive/texmf-dist/tex/latex/pdflscape/pdflscape.sty
(/usr/share/texlive/texmf-dist/tex/latex/pdflscape/pdflscape-nometadata.sty
(/usr/share/texlive/texmf-dist/tex/latex/graphics/lscape.sty)))
(/usr/share/texlive/texmf-dist/tex/latex/tools/tabularx.sty)
(/usr/share/texlive/texmf-dist/tex/latex/ragged2e/ragged2e.sty)
(/usr/share/texlive/texmf-dist/tex/latex/seqsplit/seqsplit.sty)
(/usr/share/texlive/texmf-dist/tex/latex/bookmark/bookmark.sty
(/usr/share/texlive/texmf-dist/tex/latex/hyperref/hyperref.sty
(/usr/share/texlive/texmf-dist/tex/generic/kvdefinekeys/kvdefinekeys.sty)
(/usr/share/texlive/texmf-dist/tex/latex/hycolor/hycolor.sty)
(/usr/share/texlive/texmf-dist/tex/latex/auxhook/auxhook.sty)
(/usr/share/texlive/texmf-dist/tex/latex/hyperref/nameref.sty
(/usr/share/texlive/texmf-dist/tex/latex/refcount/refcount.sty)
(/usr/share/texlive/texmf-dist/tex/generic/gettitlestring/gettitlestring.sty))
(/usr/share/texlive/texmf-dist/tex/latex/hyperref/pd1enc.def)
(/usr/share/texlive/texmf-dist/tex/generic/intcalc/intcalc.sty)
(/usr/share/texlive/texmf-dist/tex/latex/hyperref/puenc.def)
(/usr/share/texlive/texmf-dist/tex/generic/bitset/bitset.sty
(/usr/share/texlive/texmf-dist/tex/generic/bigintcalc/bigintcalc.sty))
(/usr/share/texlive/texmf-dist/tex/latex/base/atbegshi-ltx.sty))
(/usr/share/texlive/texmf-dist/tex/latex/hyperref/hpdftex.def
(/usr/share/texlive/texmf-dist/tex/latex/base/atveryend-ltx.sty)
(/usr/share/texlive/texmf-dist/tex/latex/rerunfilecheck/rerunfilecheck.sty
(/usr/share/texlive/texmf-dist/tex/generic/uniquecounter/uniquecounter.sty)))
(/usr/share/texlive/texmf-dist/tex/latex/bookmark/bkm-pdftex.def))
(/usr/share/texlive/texmf-dist/tex/latex/l3backend/l3backend-pdftex.def)
(/var/www/clients/client1/web3/web/research-review-en/research/deposit/build/ma
nuscript-peer-review-ieee.aux)
-- Lines per column: 52 (exact).
(/usr/share/texlive/texmf-dist/tex/latex/microtype/mt-cmr.cfg)
(/usr/share/texlive/texmf-dist/tex/context/base/mkii/supp-pdf.mkii
[Loading MPS to PDF converter (version 2006.09.02).]
) (/usr/share/texlive/texmf-dist/tex/latex/epstopdf-pkg/epstopdf-base.sty
(/usr/share/texlive/texmf-dist/tex/latex/latexconfig/epstopdf-sys.cfg))
(/usr/share/texmf/tex/latex/lm/ts1lmr.fd)
(/usr/share/texmf/tex/latex/lm/t1lmtt.fd)
(/usr/share/texmf/tex/latex/lm/ot1lmr.fd)
(/usr/share/texmf/tex/latex/lm/omllmm.fd)
(/usr/share/texmf/tex/latex/lm/omslmsy.fd)
(/usr/share/texmf/tex/latex/lm/omxlmex.fd)
(/usr/share/texlive/texmf-dist/tex/latex/amsfonts/umsa.fd)
(/usr/share/texlive/texmf-dist/tex/latex/microtype/mt-msa.cfg)
(/usr/share/texlive/texmf-dist/tex/latex/amsfonts/umsb.fd)
(/usr/share/texlive/texmf-dist/tex/latex/microtype/mt-msb.cfg) [0{/var/lib/texm
f/fonts/map/pdftex/updmap/pdftex.map}{/usr/share/texmf/fonts/enc/dvips/lm/lm-ec
.enc}{/usr/share/texmf/fonts/enc/dvips/lm/lm-ts1.enc}{/usr/share/texmf/fonts/en
c/dvips/lm/lm-rm.enc}{/usr/share/texmf/fonts/enc/dvips/lm/lm-mathit.enc}]
[1] [2 <./research/peer-review/figures-png/fig01-paradigm-shift.png> <./researc
h/peer-review/figures-png/fig06-benchmark-freshness.png>]
Underfull \hbox (badness 10000) in paragraph at lines 471--477


Underfull \hbox (badness 10000) in paragraph at lines 477--480

[3{/usr/share/texmf/fonts/enc/dvips/lm/lm-mathsy.enc} <./research/peer-review/f
igures-png/fig02-system-architecture.png>]
Underfull \hbox (badness 2213) in paragraph at lines 516--520
[]\T1/lmr/m/n/11 (+20) Let $[][] \OT1/lmr/m/n/11 (+20) = []([]\OML/lmm/m/it/11 
; \OT1/lmr/m/n/11 (+20) 0\OML/lmm/m/it/11 ; \OT1/lmr/m/n/11 (+20) 100)$\T1/lmr/
m/n/11 (+20) . With di-rec-tion flag ``higher raw is worse'', $[][] \OT1/lmr/m/
n/11 (+20) =
[4{/usr/share/texmf/fonts/enc/dvips/lm/lm-mathex.enc}]
(/usr/share/texmf/tex/latex/lm/ts1lmtt.fd) [5]
Underfull \hbox (badness 10000) in paragraph at lines 710--718
\T1/lmr/m/n/11 (+20) to the Layer[]4 keys $[]$, $[]$,
[6 <./research/peer-review/figures-png/fig03-nfsi-layers.png>]
Underfull \hbox (badness 10000) in alignment at lines 778--788
[] [] []

Underfull \hbox (badness 10000) in alignment at lines 788--790
[] [] []

Underfull \hbox (badness 10000) in alignment at lines 790--797
[] [] []
[7 <./research/peer-review/figures-png/fig05-stress-fault-tree.png>]
Underfull \hbox (badness 10000) in paragraph at lines 962--966
[][][][][][][][][][][][][][][][][][][][][][][][][][][][][][][][][][][][][][][][
][][][][][][]\T1/lmr/m/n/11 (+20) )
[8]
Underfull \hbox (badness 10000) in alignment at lines 976--986
[] [] []

Underfull \hbox (badness 10000) in alignment at lines 986--988
[] [] []

Underfull \hbox (badness 10000) in alignment at lines 988--1007
[] [] []

Overfull \hbox (6.3263pt too wide) in alignment at lines 1051--1054
[] [] [] [] [] []

Underfull \hbox (badness 10000) in paragraph at lines 1055--1055
[]|\T1/lmr/m/n/9 (+20) ACLED-style event fields

Underfull \hbox (badness 10000) in paragraph at lines 1055--1055
\T1/lmr/m/n/9 (+20) (\T1/lmtt/m/n/9 fatalities \T1/lmr/m/n/9 (+20) + event-type


Underfull \hbox (badness 2042) in paragraph at lines 1055--1056
[]|\T1/lmr/m/n/9 (+20) ACLED / fil-tered, ag-gre-

Underfull \hbox (badness 10000) in paragraph at lines 1056--1056
[]|\T1/lmr/m/n/9 (+20) ACLED-style event fields

Underfull \hbox (badness 10000) in paragraph at lines 1056--1056
\T1/lmr/m/n/9 (+20) (\T1/lmtt/m/n/9 fatalities \T1/lmr/m/n/9 (+20) + event-type


Underfull \hbox (badness 2042) in paragraph at lines 1056--1057
[]|\T1/lmr/m/n/9 (+20) ACLED / fil-tered, ag-gre-

Underfull \hbox (badness 2689) in paragraph at lines 1061--1062
[]|\T1/lmr/m/n/9 (+20) Cloudflare Terms of Use;

Underfull \hbox (badness 2689) in paragraph at lines 1063--1064
[]|\T1/lmr/m/n/9 (+20) Cloudflare Terms of Use;

Underfull \hbox (badness 2818) in paragraph at lines 1067--1067
[]|\T1/lmtt/m/n/9 value \T1/lmr/m/n/9 (+20) field for WB in-di-ca-tor

Underfull \hbox (badness 2818) in paragraph at lines 1068--1068
[]|\T1/lmtt/m/n/9 value \T1/lmr/m/n/9 (+20) field for WB in-di-ca-tor

Underfull \hbox (badness 2818) in paragraph at lines 1069--1069
[]|\T1/lmtt/m/n/9 value \T1/lmr/m/n/9 (+20) field for WB in-di-ca-tor

Underfull \hbox (badness 2818) in paragraph at lines 1070--1070
[]|\T1/lmtt/m/n/9 value \T1/lmr/m/n/9 (+20) field for WB in-di-ca-tor

Underfull \hbox (badness 2818) in paragraph at lines 1073--1073
[]|\T1/lmtt/m/n/9 value \T1/lmr/m/n/9 (+20) field for WB in-di-ca-tor

Underfull \hbox (badness 2818) in paragraph at lines 1074--1074
[]|\T1/lmtt/m/n/9 value \T1/lmr/m/n/9 (+20) field for WB in-di-ca-tor

Underfull \hbox (badness 2818) in paragraph at lines 1075--1075
[]|\T1/lmtt/m/n/9 value \T1/lmr/m/n/9 (+20) field for WB in-di-ca-tor

Underfull \hbox (badness 2818) in paragraph at lines 1076--1076
[]|\T1/lmtt/m/n/9 value \T1/lmr/m/n/9 (+20) field for WB in-di-ca-tor

Underfull \hbox (badness 2818) in paragraph at lines 1077--1077
[]|\T1/lmtt/m/n/9 value \T1/lmr/m/n/9 (+20) field for WB in-di-ca-tor

Underfull \hbox (badness 2818) in paragraph at lines 1078--1078
[]|\T1/lmtt/m/n/9 value \T1/lmr/m/n/9 (+20) field for WB in-di-ca-tor

Underfull \hbox (badness 2818) in paragraph at lines 1079--1079
[]|\T1/lmtt/m/n/9 value \T1/lmr/m/n/9 (+20) field for WB in-di-ca-tor

Underfull \hbox (badness 2818) in paragraph at lines 1080--1080
[]|\T1/lmtt/m/n/9 value \T1/lmr/m/n/9 (+20) field for WB in-di-ca-tor

Underfull \hbox (badness 2818) in paragraph at lines 1081--1081
[]|\T1/lmtt/m/n/9 value \T1/lmr/m/n/9 (+20) field for WB in-di-ca-tor

Underfull \hbox (badness 2818) in paragraph at lines 1082--1082
[]|\T1/lmtt/m/n/9 value \T1/lmr/m/n/9 (+20) field for WB in-di-ca-tor

Underfull \hbox (badness 2818) in paragraph at lines 1083--1083
[]|\T1/lmtt/m/n/9 value \T1/lmr/m/n/9 (+20) field for WB in-di-ca-tor

Underfull \hbox (badness 2818) in paragraph at lines 1084--1084
[]|\T1/lmtt/m/n/9 value \T1/lmr/m/n/9 (+20) field for WB in-di-ca-tor

Underfull \hbox (badness 10000) in paragraph at lines 1087--1088
[]|\T1/lmr/m/n/9 (+20) GDACS Terms of Use;

Underfull \hbox (badness 10000) in paragraph at lines 1088--1089
[]|\T1/lmr/m/n/9 (+20) Refer to Source Link;

Underfull \hbox (badness 10000) in paragraph at lines 1089--1090
[]|\T1/lmr/m/n/9 (+20) Refer to Source Link;

Underfull \hbox (badness 10000) in paragraph at lines 1090--1091
[]|\T1/lmr/m/n/9 (+20) Refer to Source Link;

Underfull \hbox (badness 10000) in paragraph at lines 1091--1092
[]|\T1/lmr/m/n/9 (+20) Refer to Source Link;

Underfull \hbox (badness 10000) in paragraph at lines 1092--1093
[]|\T1/lmr/m/n/9 (+20) Refer to Source Link;

Underfull \hbox (badness 10000) in paragraph at lines 1093--1094
[]|\T1/lmr/m/n/9 (+20) Refer to Source Link;

Underfull \hbox (badness 5475) in paragraph at lines 1094--1095
\T1/lmr/m/n/9 (+20) - Pub-lic Do-main (DOJ);

Underfull \hbox (badness 10000) in paragraph at lines 1097--1098
[]|\T1/lmr/m/n/9 (+20) Internal pro-cess-ing for

Underfull \hbox (badness 10000) in paragraph at lines 1097--1098
\T1/lmr/m/n/9 (+20) Na-tion-Files In-tel-li-gence;

Overfull \hbox (2.82463pt too wide) in paragraph at lines 1099--1099
[]|\T1/lmr/m/n/9 (-20) NfRawNewsSignalsEventRisk| 

Underfull \hbox (badness 10000) in paragraph at lines 1102--1103
[]|\T1/lmr/m/n/9 (+20) Refer to Source Link;

Underfull \hbox (badness 10000) in paragraph at lines 1103--1104
[]|\T1/lmr/m/n/9 (+20) Refer to Source Link;

Underfull \hbox (badness 10000) in paragraph at lines 1104--1105
[]|\T1/lmr/m/n/9 (+20) U.S. Gov-ern-ment Work;

Overfull \hbox (39.95456pt too wide) in paragraph at lines 1106--1106
[]|\T1/lmr/m/n/9 (-20) warning,partial_warning,situation_warning| 

Underfull \hbox (badness 10000) in paragraph at lines 1106--1107
[]|\T1/lmr/m/n/9 (+20) Refer to Source Link;

Underfull \hbox (badness 10000) in paragraph at lines 1107--1108
[]|\T1/lmr/m/n/9 (+20) Refer to Source Link;

Underfull \hbox (badness 10000) in paragraph at lines 1109--1110
[]|\T1/lmr/m/n/9 (+20) USGS Pub-lic Do-main;

Underfull \hbox (badness 10000) in paragraph at lines 1110--1111
[]|\T1/lmr/m/n/9 (+20) Refer to repos-i-tory;

Overfull \hbox (6.3263pt too wide) in alignment at lines 1054--1111
[] [] [] [] [] []
[9] [10] [11]
Underfull \hbox (badness 10000) in paragraph at lines 1139--1142


Underfull \hbox (badness 10000) in paragraph at lines 1142--1145

[12]
Overfull \hbox (8.75752pt too wide) in paragraph at lines 1363--1363
[]|[] 
[13]
Underfull \hbox (badness 10000) in alignment at lines 1418--1422
[] [] []

Underfull \hbox (badness 10000) in alignment at lines 1422--1424
[] [] []

Underfull \hbox (badness 10000) in alignment at lines 1424--1427
[] [] []

Underfull \hbox (badness 10000) in alignment at lines 1460--1470
[] [] []

Underfull \hbox (badness 10000) in alignment at lines 1470--1472
[] [] []

Underfull \hbox (badness 10000) in alignment at lines 1472--1479
[] [] []

Underfull \hbox (badness 10000) in alignment at lines 1499--1509
[] [] []

Underfull \hbox (badness 10000) in alignment at lines 1509--1511
[] [] []

Underfull \hbox (badness 10000) in alignment at lines 1511--1518
[] [] []
[14]
Underfull \hbox (badness 10000) in alignment at lines 1538--1552
[] [] [] [] []

Underfull \hbox (badness 10000) in alignment at lines 1552--1554
[] [] [] [] []

Underfull \hbox (badness 10000) in alignment at lines 1554--1570
[] [] [] [] []
[15] [16 <./research/peer-review/figures-png/fig08-sensitivity-mean-abs.png>]
[17] [18] [19] [20] [21] [22]
Overfull \hbox (7.6778pt too wide) in alignment at lines 2364--2367
[] [] [] []

Overfull \hbox (7.6778pt too wide) in alignment at lines 2367--2381
[] [] [] []

Overfull \hbox (7.6778pt too wide) in alignment at lines 2393--2396
[] [] [] []

Overfull \hbox (7.6778pt too wide) in alignment at lines 2396--2417
[] [] [] []
[23]
Overfull \hbox (7.6778pt too wide) in alignment at lines 2429--2432
[] [] [] []

Overfull \hbox (7.6778pt too wide) in alignment at lines 2432--2437
[] [] [] []
[24] [25]
Underfull \hbox (badness 10000) in alignment at lines 2561--2571
[] [] []

Underfull \hbox (badness 10000) in alignment at lines 2571--2573
[] [] []

Underfull \hbox (badness 10000) in alignment at lines 2573--2591
[] [] []
[26]
Underfull \hbox (badness 10000) in alignment at lines 2626--2636
[] [] []

Underfull \hbox (badness 10000) in alignment at lines 2636--2638
[] [] []

Overfull \hbox (46.92517pt too wide) in paragraph at lines 2669--2670
[][] 

Overfull \hbox (28.0252pt too wide) in paragraph at lines 2703--2704
[][] 

Overfull \hbox (42.20018pt too wide) in paragraph at lines 2706--2707
[][] 

Overfull \hbox (9.12524pt too wide) in paragraph at lines 2709--2710
[][] 

Overfull \hbox (9.12524pt too wide) in paragraph at lines 2712--2713
[][] 

Overfull \hbox (42.20018pt too wide) in paragraph at lines 2752--2753
[][] 

Overfull \hbox (18.57523pt too wide) in paragraph at lines 2755--2756
[][] 

Overfull \hbox (18.57523pt too wide) in paragraph at lines 2758--2759
[][] 

Overfull \hbox (32.7502pt too wide) in paragraph at lines 2761--2762
[][] 

Underfull \hbox (badness 10000) in alignment at lines 2638--2778
[] [] []
[27] [28] [29]
(/var/www/clients/client1/web3/web/research-review-en/research/deposit/build/ma
nuscript-peer-review-ieee.aux) )
(see the transcript file for additional information)</usr/share/texmf/fonts/typ
e1/public/lm/lmbx12.pfb></usr/share/texmf/fonts/type1/public/lm/lmbx9.pfb></usr
/share/texmf/fonts/type1/public/lm/lmbxi10.pfb></usr/share/texmf/fonts/type1/pu
blic/lm/lmcsc10.pfb></usr/share/texmf/fonts/type1/public/lm/lmex10.pfb></usr/sh
are/texmf/fonts/type1/public/lm/lmmi12.pfb></usr/share/texmf/fonts/type1/public
/lm/lmmi6.pfb></usr/share/texmf/fonts/type1/public/lm/lmmi8.pfb></usr/share/tex
mf/fonts/type1/public/lm/lmmi9.pfb></usr/share/texmf/fonts/type1/public/lm/lmr1
2.pfb></usr/share/texmf/fonts/type1/public/lm/lmr17.pfb></usr/share/texmf/fonts
/type1/public/lm/lmr6.pfb></usr/share/texmf/fonts/type1/public/lm/lmr8.pfb></us
r/share/texmf/fonts/type1/public/lm/lmr9.pfb></usr/share/texmf/fonts/type1/publ
ic/lm/lmri12.pfb></usr/share/texmf/fonts/type1/public/lm/lmsy10.pfb></usr/share
/texmf/fonts/type1/public/lm/lmsy6.pfb></usr/share/texmf/fonts/type1/public/lm/
lmsy8.pfb></usr/share/texmf/fonts/type1/public/lm/lmsy9.pfb></usr/share/texmf/f
onts/type1/public/lm/lmtk10.pfb></usr/share/texmf/fonts/type1/public/lm/lmtt12.
pfb></usr/share/texmf/fonts/type1/public/lm/lmtt9.pfb></usr/share/texmf/fonts/t
ype1/public/lm/lmtti10.pfb>
Output written on /var/www/clients/client1/web3/web/research-review-en/research
/deposit/build/manuscript-peer-review-ieee.pdf (30 pages, 759610 bytes).
Transcript written on /var/www/clients/client1/web3/web/research-review-en/rese
arch/deposit/build/manuscript-peer-review-ieee.log.
This is pdfTeX, Version 3.141592653-2.6-1.40.25 (TeX Live 2023/Debian) (preloaded format=pdflatex)
 restricted \write18 enabled.
entering extended mode

(/var/www/clients/client1/web3/web/research-review-en/research/deposit/build/ma
nuscript-peer-review-ieee.tex
LaTeX2e <2023-11-01> patch level 1
L3 programming layer <2024-01-22>

(/var/www/clients/client1/web3/web/research-review-en/research/latex/vendor/IEE
Etran/IEEEtran.cls
Document Class: IEEEtran 2015/08/26 V1.8b by Michael Shell
-- See the "IEEEtran_HOWTO" manual for usage information.
-- http://www.michaelshell.org/tex/ieeetran/
(/usr/share/texlive/texmf-dist/tex/latex/psnfss/ot1ptm.fd)
** ATTENTION: Single column mode is not typically used with IEEE publications.
-- Using 8.5in x 11in (letter) paper.
-- Using PDF output.
-- This is a 10 point document.
) (/usr/share/texlive/texmf-dist/tex/latex/amsmath/amsmath.sty
For additional information on amsmath, use the `?' option.
(/usr/share/texlive/texmf-dist/tex/latex/amsmath/amstext.sty
(/usr/share/texlive/texmf-dist/tex/latex/amsmath/amsgen.sty))
(/usr/share/texlive/texmf-dist/tex/latex/amsmath/amsbsy.sty)
(/usr/share/texlive/texmf-dist/tex/latex/amsmath/amsopn.sty))
(/usr/share/texlive/texmf-dist/tex/latex/amsfonts/amssymb.sty
(/usr/share/texlive/texmf-dist/tex/latex/amsfonts/amsfonts.sty))
(/usr/share/texlive/texmf-dist/tex/generic/iftex/iftex.sty)
(/usr/share/texlive/texmf-dist/tex/latex/base/fontenc.sty
(/usr/share/texlive/texmf-dist/tex/latex/psnfss/t1ptm.fd))
(/usr/share/texlive/texmf-dist/tex/latex/base/inputenc.sty)
(/usr/share/texlive/texmf-dist/tex/latex/base/textcomp.sty)
(/usr/share/texmf/tex/latex/lm/lmodern.sty)
(/usr/share/texlive/texmf-dist/tex/latex/upquote/upquote.sty)
(/usr/share/texlive/texmf-dist/tex/latex/microtype/microtype.sty
(/usr/share/texlive/texmf-dist/tex/latex/graphics/keyval.sty)
(/usr/share/texlive/texmf-dist/tex/latex/etoolbox/etoolbox.sty)
(/usr/share/texlive/texmf-dist/tex/latex/microtype/microtype-pdftex.def)
(/usr/share/texlive/texmf-dist/tex/latex/microtype/microtype.cfg))
(/usr/share/texlive/texmf-dist/tex/latex/parskip/parskip.sty
(/usr/share/texlive/texmf-dist/tex/latex/kvoptions/kvoptions.sty
(/usr/share/texlive/texmf-dist/tex/generic/ltxcmds/ltxcmds.sty)
(/usr/share/texlive/texmf-dist/tex/latex/kvsetkeys/kvsetkeys.sty)))
(/usr/share/texlive/texmf-dist/tex/latex/xcolor/xcolor.sty
(/usr/share/texlive/texmf-dist/tex/latex/graphics-cfg/color.cfg)
(/usr/share/texlive/texmf-dist/tex/latex/graphics-def/pdftex.def)
(/usr/share/texlive/texmf-dist/tex/latex/graphics/mathcolor.ltx))
(/usr/share/texlive/texmf-dist/tex/latex/listings/listings.sty
(/usr/share/texlive/texmf-dist/tex/latex/listings/lstmisc.sty)
(/usr/share/texlive/texmf-dist/tex/latex/listings/listings.cfg))
(/usr/share/texlive/texmf-dist/tex/latex/tools/longtable.sty)
(/usr/share/texlive/texmf-dist/tex/latex/booktabs/booktabs.sty)
(/usr/share/texlive/texmf-dist/tex/latex/tools/array.sty)
(/usr/share/texlive/texmf-dist/tex/latex/tools/calc.sty)
(/usr/share/texlive/texmf-dist/tex/latex/footnotehyper/footnotehyper.sty)
(/usr/share/texlive/texmf-dist/tex/latex/graphics/graphicx.sty
(/usr/share/texlive/texmf-dist/tex/latex/graphics/graphics.sty
(/usr/share/texlive/texmf-dist/tex/latex/graphics/trig.sty)
(/usr/share/texlive/texmf-dist/tex/latex/graphics-cfg/graphics.cfg)))
(/usr/share/texlive/texmf-dist/tex/latex/base/fontenc.sty
(/usr/share/texmf/tex/latex/lm/t1lmr.fd))
(/usr/share/texlive/texmf-dist/tex/latex/listingsutf8/listingsutf8.sty
(/usr/share/texlive/texmf-dist/tex/generic/pdftexcmds/pdftexcmds.sty
(/usr/share/texlive/texmf-dist/tex/generic/infwarerr/infwarerr.sty))
(/usr/share/texlive/texmf-dist/tex/generic/stringenc/stringenc.sty
(/usr/share/texlive/texmf-dist/tex/generic/pdfescape/pdfescape.sty)))
(/usr/share/texlive/texmf-dist/tex/latex/xurl/xurl.sty
(/usr/share/texlive/texmf-dist/tex/latex/url/url.sty))
(/usr/share/texlive/texmf-dist/tex/latex/adjustbox/adjustbox.sty
(/usr/share/texlive/texmf-dist/tex/latex/xkeyval/xkeyval.sty
(/usr/share/texlive/texmf-dist/tex/generic/xkeyval/xkeyval.tex
(/usr/share/texlive/texmf-dist/tex/generic/xkeyval/xkvutils.tex)))
(/usr/share/texlive/texmf-dist/tex/latex/adjustbox/adjcalc.sty)
(/usr/share/texlive/texmf-dist/tex/latex/adjustbox/trimclip.sty
(/usr/share/texlive/texmf-dist/tex/latex/collectbox/collectbox.sty)
(/usr/share/texlive/texmf-dist/tex/latex/adjustbox/tc-pdftex.def))
(/usr/share/texlive/texmf-dist/tex/latex/ifoddpage/ifoddpage.sty)
(/usr/share/texlive/texmf-dist/tex/latex/varwidth/varwidth.sty))
(/usr/share/texlive/texmf-dist/tex/latex/pdflscape/pdflscape.sty
(/usr/share/texlive/texmf-dist/tex/latex/pdflscape/pdflscape-nometadata.sty
(/usr/share/texlive/texmf-dist/tex/latex/graphics/lscape.sty)))
(/usr/share/texlive/texmf-dist/tex/latex/tools/tabularx.sty)
(/usr/share/texlive/texmf-dist/tex/latex/ragged2e/ragged2e.sty)
(/usr/share/texlive/texmf-dist/tex/latex/bookmark/bookmark.sty
(/usr/share/texlive/texmf-dist/tex/latex/hyperref/hyperref.sty
(/usr/share/texlive/texmf-dist/tex/generic/kvdefinekeys/kvdefinekeys.sty)
(/usr/share/texlive/texmf-dist/tex/latex/hycolor/hycolor.sty)
(/usr/share/texlive/texmf-dist/tex/latex/auxhook/auxhook.sty)
(/usr/share/texlive/texmf-dist/tex/latex/hyperref/nameref.sty
(/usr/share/texlive/texmf-dist/tex/latex/refcount/refcount.sty)
(/usr/share/texlive/texmf-dist/tex/generic/gettitlestring/gettitlestring.sty))
(/usr/share/texlive/texmf-dist/tex/latex/hyperref/pd1enc.def)
(/usr/share/texlive/texmf-dist/tex/generic/intcalc/intcalc.sty)
(/usr/share/texlive/texmf-dist/tex/latex/hyperref/puenc.def)
(/usr/share/texlive/texmf-dist/tex/generic/bitset/bitset.sty
(/usr/share/texlive/texmf-dist/tex/generic/bigintcalc/bigintcalc.sty))
(/usr/share/texlive/texmf-dist/tex/latex/base/atbegshi-ltx.sty))
(/usr/share/texlive/texmf-dist/tex/latex/hyperref/hpdftex.def
(/usr/share/texlive/texmf-dist/tex/latex/base/atveryend-ltx.sty)
(/usr/share/texlive/texmf-dist/tex/latex/rerunfilecheck/rerunfilecheck.sty
(/usr/share/texlive/texmf-dist/tex/generic/uniquecounter/uniquecounter.sty)))
(/usr/share/texlive/texmf-dist/tex/latex/bookmark/bkm-pdftex.def))
(/usr/share/texlive/texmf-dist/tex/latex/l3backend/l3backend-pdftex.def)
(/var/www/clients/client1/web3/web/research-review-en/research/deposit/build/ma
nuscript-peer-review-ieee.aux)
-- Lines per column: 58 (exact).
(/usr/share/texlive/texmf-dist/tex/latex/microtype/mt-cmr.cfg)
(/usr/share/texlive/texmf-dist/tex/context/base/mkii/supp-pdf.mkii
[Loading MPS to PDF converter (version 2006.09.02).]
) (/usr/share/texlive/texmf-dist/tex/latex/epstopdf-pkg/epstopdf-base.sty
(/usr/share/texlive/texmf-dist/tex/latex/latexconfig/epstopdf-sys.cfg))
(/usr/share/texmf/tex/latex/lm/ts1lmr.fd)
(/usr/share/texmf/tex/latex/lm/t1lmtt.fd)
(/usr/share/texmf/tex/latex/lm/ot1lmr.fd)
(/usr/share/texmf/tex/latex/lm/omllmm.fd)
(/usr/share/texmf/tex/latex/lm/omslmsy.fd)
(/usr/share/texmf/tex/latex/lm/omxlmex.fd)
(/usr/share/texlive/texmf-dist/tex/latex/amsfonts/umsa.fd)
(/usr/share/texlive/texmf-dist/tex/latex/microtype/mt-msa.cfg)
(/usr/share/texlive/texmf-dist/tex/latex/amsfonts/umsb.fd)
(/usr/share/texlive/texmf-dist/tex/latex/microtype/mt-msb.cfg) [0{/var/lib/texm
f/fonts/map/pdftex/updmap/pdftex.map}{/usr/share/texmf/fonts/enc/dvips/lm/lm-ec
.enc}{/usr/share/texmf/fonts/enc/dvips/lm/lm-ts1.enc}{/usr/share/texmf/fonts/en
c/dvips/lm/lm-rm.enc}{/usr/share/texmf/fonts/enc/dvips/lm/lm-mathit.enc}]
Overfull \hbox (26.68002pt too wide) in paragraph at lines 356--360
[]\T1/lmr/bx/n/10 (-20) Safety hooks: \T1/lmr/m/n/10 (-20) Layer[]4 \T1/lmr/bx/
n/10 (-20) crash mode \T1/lmr/m/n/10 (-20) by-passes in-er-tia when mea-sured s
e-cu-rity min-ima fall be-low []
[1] [2 <./research/peer-review/figures-png/fig01-paradigm-shift.png> <./researc
h/peer-review/figures-png/fig06-benchmark-freshness.png>]
Underfull \hbox (badness 10000) in paragraph at lines 466--472


Underfull \hbox (badness 10000) in paragraph at lines 472--475


Overfull \hbox (49.24364pt too wide) in paragraph at lines 511--515
[]\T1/lmr/m/n/10 (-20) Let $[][] \OT1/lmr/m/n/10 (-20) = []([]\OML/lmm/m/it/10 
; \OT1/lmr/m/n/10 (-20) 0\OML/lmm/m/it/10 ; \OT1/lmr/m/n/10 (-20) 100)$\T1/lmr/
m/n/10 (-20) . With di-rec-tion flag ``higher raw is worse'', $[][] \OT1/lmr/m/
n/10 (-20) = []  []$\T1/lmr/m/n/10 (-20) ;
[3{/usr/share/texmf/fonts/enc/dvips/lm/lm-mathsy.enc}{/usr/share/texmf/fonts/en
c/dvips/lm/lm-mathex.enc} <./research/peer-review/figures-png/fig02-system-arch
itecture.png>] (/usr/share/texmf/tex/latex/lm/ts1lmtt.fd) [4] [5 <./research/pe
er-review/figures-png/fig03-nfsi-layers.png>]
Underfull \hbox (badness 10000) in alignment at lines 773--783
[] [] []

Underfull \hbox (badness 10000) in alignment at lines 783--785
[] [] []

Underfull \hbox (badness 10000) in alignment at lines 785--792
[] [] []
[6 <./research/peer-review/figures-png/fig05-stress-fault-tree.png>]
Underfull \hbox (badness 10000) in alignment at lines 971--981
[] [] []

Underfull \hbox (badness 10000) in alignment at lines 981--983
[] [] []

Underfull \hbox (badness 10000) in alignment at lines 983--1002
[] [] []
[7]
Underfull \hbox (badness 10000) in alignment at lines 1048--1064
[] [] [] [] [] []

Underfull \hbox (badness 10000) in alignment at lines 1064--1066
[] [] [] [] [] []

Overfull \hbox (5.1485pt too wide) in paragraph at lines 1069--1069
[]|[] 

Overfull \hbox (0.93478pt too wide) in paragraph at lines 1072--1072
[]|\T1/lmr/m/n/8 (-20) AcledMonthAllOverview|  

Overfull \hbox (39.1485pt too wide) in paragraph at lines 1074--1074
[]|[] 

Overfull \hbox (9.3932pt too wide) in paragraph at lines 1077--1077
[]|\T1/lmr/m/n/8 (-20) CountriesConflictUcdpGed|  

Overfull \hbox (51.8985pt too wide) in paragraph at lines 1078--1078
[]|[] 

Overfull \hbox (8.17169pt too wide) in paragraph at lines 1081--1081
[]|\T1/lmr/m/n/8 (-20) CountriesCurrencyFromFa|  

Overfull \hbox (13.6485pt too wide) in paragraph at lines 1082--1082
[]|[] 

Overfull \hbox (7.02942pt too wide) in paragraph at lines 1084--1084
[]|\T1/lmr/m/n/8 (-20) CountriesGdeltGlobRadar|  

Overfull \hbox (47.6485pt too wide) in paragraph at lines 1085--1085
[]|[] 

Overfull \hbox (0.91771pt too wide) in paragraph at lines 1087--1087
[]|\T1/lmr/m/n/8 (-20) CountriesNetAbuseIpDb|  

Overfull \hbox (39.1485pt too wide) in paragraph at lines 1088--1088
[]|[] 

Overfull \hbox (11.00414pt too wide) in paragraph at lines 1090--1090
[]|\T1/lmr/m/n/8 (-20) CountriesNetGrpTrfcAnom|  

Overfull \hbox (47.6485pt too wide) in paragraph at lines 1091--1091
[]|[] 

Overfull \hbox (26.3985pt too wide) in paragraph at lines 1094--1094
[]|[] 

Overfull \hbox (34.8985pt too wide) in paragraph at lines 1097--1097
[]|[] 

Overfull \hbox (0.89499pt too wide) in paragraph at lines 1099--1099
[]|\T1/lmr/m/n/8 (-20) Prison_population_rate|  

Overfull \hbox (39.1485pt too wide) in paragraph at lines 1100--1100
[]|[] 

Overfull \hbox (5.75569pt too wide) in paragraph at lines 1102--1102
[]|\T1/lmr/m/n/8 (-20) CountriesVatRatesApiVer|  

Overfull \hbox (47.6485pt too wide) in paragraph at lines 1103--1103
[]|[] 

Overfull \hbox (7.48799pt too wide) in paragraph at lines 1105--1105
[]|\T1/lmr/m/n/8 (-20) CountriesVatRatesVatLup|  

Overfull \hbox (47.6485pt too wide) in paragraph at lines 1106--1106
[]|[] 

Overfull \hbox (13.6465pt too wide) in paragraph at lines 1110--1110
[]|[] 

Overfull \hbox (22.1485pt too wide) in paragraph at lines 1114--1114
[]|[] 

Overfull \hbox (17.8985pt too wide) in paragraph at lines 1118--1118
[]|[] 

Overfull \hbox (22.1485pt too wide) in paragraph at lines 1122--1122
[]|[] 

Overfull \hbox (34.8985pt too wide) in paragraph at lines 1126--1126
[]|[] 

Overfull \hbox (34.8985pt too wide) in paragraph at lines 1130--1130
[]|[] 

Overfull \hbox (13.6485pt too wide) in paragraph at lines 1134--1134
[]|[] 

Overfull \hbox (26.3985pt too wide) in paragraph at lines 1138--1138
[]|[] 

Overfull \hbox (26.3985pt too wide) in paragraph at lines 1142--1142
[]|[] 

Overfull \hbox (26.3985pt too wide) in paragraph at lines 1146--1146
[]|[] 

Overfull \hbox (26.3985pt too wide) in paragraph at lines 1150--1150
[]|[] 

Overfull \hbox (26.3985pt too wide) in paragraph at lines 1154--1154
[]|[] 

Overfull \hbox (22.1485pt too wide) in paragraph at lines 1158--1158
[]|[] 

Overfull \hbox (34.8985pt too wide) in paragraph at lines 1162--1162
[]|[] 

Overfull \hbox (17.8985pt too wide) in paragraph at lines 1166--1166
[]|[] 

Overfull \hbox (26.3985pt too wide) in paragraph at lines 1170--1170
[]|[] 

Overfull \hbox (26.3985pt too wide) in paragraph at lines 1174--1174
[]|[] 

Overfull \hbox (17.8985pt too wide) in paragraph at lines 1178--1178
[]|[] 

Overfull \hbox (2.3645pt too wide) in paragraph at lines 1180--1180
[]|\T1/lmr/m/n/8 (-20) CountriesWbWgiPvCcRl|  

Overfull \hbox (34.8985pt too wide) in paragraph at lines 1182--1182
[]|[] 

Overfull \hbox (34.8985pt too wide) in paragraph at lines 1185--1185
[]|[] 

Overfull \hbox (30.6485pt too wide) in paragraph at lines 1188--1188
[]|[] 

Overfull \hbox (9.275pt too wide) in paragraph at lines 1190--1190
[]|\T1/lmr/m/n/8 (-20) EconFredHerCountScOvSc|  

Overfull \hbox (43.3985pt too wide) in paragraph at lines 1191--1191
[]|[] 

Overfull \hbox (12.67265pt too wide) in paragraph at lines 1193--1193
[]|\T1/lmr/m/n/8 (-20) EconFredHerCountScRanks|  

Overfull \hbox (47.6485pt too wide) in paragraph at lines 1194--1194
[]|[] 

Overfull \hbox (13.59375pt too wide) in paragraph at lines 1196--1196
[]|\T1/lmr/m/n/8 (-20) EconFredHerCountScRights|  

Overfull \hbox (51.8985pt too wide) in paragraph at lines 1197--1197
[]|[] 

Overfull \hbox (3.93877pt too wide) in paragraph at lines 1199--1199
[]|\T1/lmr/m/n/8 (-20) EconFredHerCountScTax|  

Overfull \hbox (39.1485pt too wide) in paragraph at lines 1200--1200
[]|[] 

Overfull \hbox (26.3985pt too wide) in paragraph at lines 1203--1203
[]|[] 

Overfull \hbox (13.6485pt too wide) in paragraph at lines 1206--1206
[]|[] 

Overfull \hbox (5.1485pt too wide) in paragraph at lines 1217--1217
[]|[] 

Overfull \hbox (2.24255pt too wide) in paragraph at lines 1219--1219
[]|\T1/lmr/m/n/8 (-20) mlmv_actor_day_stress|  

Overfull \hbox (60.3985pt too wide) in paragraph at lines 1220--1220
[]|[] 

Overfull \hbox (13.6485pt too wide) in paragraph at lines 1224--1224
[]|[] 

Overfull \hbox (18.53322pt too wide) in paragraph at lines 1226--1226
[]|\T1/lmr/m/n/8 (-20) NfRawNewsSignalsEventRisk|  

Overfull \hbox (56.1485pt too wide) in paragraph at lines 1227--1227
[]|[] 

Overfull \hbox (26.3985pt too wide) in paragraph at lines 1230--1230
[]|[] 

Overfull \hbox (26.3985pt too wide) in paragraph at lines 1233--1233
[]|[] 

Overfull \hbox (26.3985pt too wide) in paragraph at lines 1236--1236
[]|[] 

Overfull \hbox (39.1485pt too wide) in paragraph at lines 1241--1241
[]|[] 

Overfull \hbox (9.3985pt too wide) in paragraph at lines 1246--1246
[]|[] 

Overfull \hbox (5.1485pt too wide) in paragraph at lines 1249--1249
[]|[] 

Overfull \hbox (71.58401pt too wide) in paragraph at lines 1251--1251
[]|\T1/lmr/m/n/8 (-20) warning,partial_warning,situation_warning|  

Overfull \hbox (9.3985pt too wide) in paragraph at lines 1255--1255
[]|[] 

Overfull \hbox (30.6485pt too wide) in paragraph at lines 1261--1261
[]|[] 

Overfull \hbox (34.8985pt too wide) in paragraph at lines 1266--1266
[]|[] 

Underfull \hbox (badness 10000) in alignment at lines 1066--1268
[] [] [] [] [] []
[8] [9]
Underfull \hbox (badness 10000) in paragraph at lines 1295--1298

[10]
Underfull \hbox (badness 10000) in paragraph at lines 1298--1301

[11]
Underfull \hbox (badness 10000) in alignment at lines 1574--1578
[] [] []

Underfull \hbox (badness 10000) in alignment at lines 1578--1580
[] [] []

Underfull \hbox (badness 10000) in alignment at lines 1580--1583
[] [] []
[12]
Underfull \hbox (badness 10000) in alignment at lines 1616--1626
[] [] []

Underfull \hbox (badness 10000) in alignment at lines 1626--1628
[] [] []

Underfull \hbox (badness 10000) in alignment at lines 1628--1635
[] [] []

Underfull \hbox (badness 10000) in alignment at lines 1655--1665
[] [] []

Underfull \hbox (badness 10000) in alignment at lines 1665--1667
[] [] []

Underfull \hbox (badness 10000) in alignment at lines 1667--1674
[] [] []

Underfull \hbox (badness 10000) in alignment at lines 1694--1708
[] [] [] [] []

Underfull \hbox (badness 10000) in alignment at lines 1708--1710
[] [] [] [] []

Underfull \hbox (badness 10000) in alignment at lines 1710--1726
[] [] [] [] []
[13] [14 <./research/peer-review/figures-png/fig08-sensitivity-mean-abs.png>]
[15] [16] [17] [18] [19]
Overfull \hbox (11.5pt too wide) in paragraph at lines 2549--2549
[]|[] 

Overfull \hbox (28.5pt too wide) in paragraph at lines 2570--2570
[]|[] 

Overfull \hbox (3.0pt too wide) in paragraph at lines 2575--2575
[]|[] 
[20]
Overfull \hbox (15.75pt too wide) in paragraph at lines 2611--2611
[]|[] 

Overfull \hbox (11.5pt too wide) in paragraph at lines 2652--2652
[]|[] 

Overfull \hbox (3.0pt too wide) in paragraph at lines 2658--2658
[]|[] 

Overfull \hbox (15.75pt too wide) in paragraph at lines 2698--2698
[]|[] 

Overfull \hbox (11.5pt too wide) in paragraph at lines 2706--2706
[]|[] 
[21] [22]
Underfull \hbox (badness 10000) in alignment at lines 2832--2842
[] [] []

Underfull \hbox (badness 10000) in alignment at lines 2842--2844
[] [] []

Underfull \hbox (badness 10000) in alignment at lines 2844--2862
[] [] []
[23]
Underfull \hbox (badness 10000) in alignment at lines 2897--2907
[] [] []

Underfull \hbox (badness 10000) in alignment at lines 2907--2909
[] [] []

Overfull \hbox (31.72546pt too wide) in paragraph at lines 2940--2941
[][] 

Overfull \hbox (14.72546pt too wide) in paragraph at lines 2974--2975
[][] 

Overfull \hbox (27.47546pt too wide) in paragraph at lines 2977--2978
[][] 

Overfull \hbox (27.47546pt too wide) in paragraph at lines 3023--3024
[][] 

Overfull \hbox (6.22546pt too wide) in paragraph at lines 3026--3027
[][] 

Overfull \hbox (6.22546pt too wide) in paragraph at lines 3029--3030
[][] 

Overfull \hbox (18.97546pt too wide) in paragraph at lines 3032--3033
[][] 

Underfull \hbox (badness 10000) in alignment at lines 2909--3049
[] [] []
[24] [25] [26]
(/var/www/clients/client1/web3/web/research-review-en/research/deposit/build/ma
nuscript-peer-review-ieee.aux) )
(see the transcript file for additional information)</usr/share/texmf/fonts/typ
e1/public/lm/lmbx10.pfb></usr/share/texmf/fonts/type1/public/lm/lmbx8.pfb></usr
/share/texmf/fonts/type1/public/lm/lmbxi10.pfb></usr/share/texmf/fonts/type1/pu
blic/lm/lmcsc10.pfb></usr/share/texmf/fonts/type1/public/lm/lmex10.pfb></usr/sh
are/texmf/fonts/type1/public/lm/lmmi10.pfb></usr/share/texmf/fonts/type1/public
/lm/lmmi5.pfb></usr/share/texmf/fonts/type1/public/lm/lmmi6.pfb></usr/share/tex
mf/fonts/type1/public/lm/lmmi7.pfb></usr/share/texmf/fonts/type1/public/lm/lmmi
8.pfb></usr/share/texmf/fonts/type1/public/lm/lmr10.pfb></usr/share/texmf/fonts
/type1/public/lm/lmr17.pfb></usr/share/texmf/fonts/type1/public/lm/lmr5.pfb></u
sr/share/texmf/fonts/type1/public/lm/lmr6.pfb></usr/share/texmf/fonts/type1/pub
lic/lm/lmr7.pfb></usr/share/texmf/fonts/type1/public/lm/lmr8.pfb></usr/share/te
xmf/fonts/type1/public/lm/lmri10.pfb></usr/share/texmf/fonts/type1/public/lm/lm
sy10.pfb></usr/share/texmf/fonts/type1/public/lm/lmsy6.pfb></usr/share/texmf/fo
nts/type1/public/lm/lmsy7.pfb></usr/share/texmf/fonts/type1/public/lm/lmsy8.pfb
></usr/share/texmf/fonts/type1/public/lm/lmtk10.pfb></usr/share/texmf/fonts/typ
e1/public/lm/lmtt10.pfb></usr/share/texmf/fonts/type1/public/lm/lmtt8.pfb></usr
/share/texmf/fonts/type1/public/lm/lmtti10.pfb>
Output written on /var/www/clients/client1/web3/web/research-review-en/research
/deposit/build/manuscript-peer-review-ieee.pdf (27 pages, 784386 bytes).
Transcript written on /var/www/clients/client1/web3/web/research-review-en/rese
arch/deposit/build/manuscript-peer-review-ieee.log.
This is pdfTeX, Version 3.141592653-2.6-1.40.25 (TeX Live 2023/Debian) (preloaded format=pdflatex)
 restricted \write18 enabled.
entering extended mode

(/var/www/clients/client1/web3/web/research-review-en/research/deposit/build/ma
nuscript-peer-review-ieee.tex
LaTeX2e <2023-11-01> patch level 1
L3 programming layer <2024-01-22>

(/var/www/clients/client1/web3/web/research-review-en/research/latex/vendor/IEE
Etran/IEEEtran.cls
Document Class: IEEEtran 2015/08/26 V1.8b by Michael Shell
-- See the "IEEEtran_HOWTO" manual for usage information.
-- http://www.michaelshell.org/tex/ieeetran/
(/usr/share/texlive/texmf-dist/tex/latex/psnfss/ot1ptm.fd)
** ATTENTION: Single column mode is not typically used with IEEE publications.
-- Using 8.5in x 11in (letter) paper.
-- Using PDF output.
-- This is an 11 point document.
) (/usr/share/texlive/texmf-dist/tex/latex/amsmath/amsmath.sty
For additional information on amsmath, use the `?' option.
(/usr/share/texlive/texmf-dist/tex/latex/amsmath/amstext.sty
(/usr/share/texlive/texmf-dist/tex/latex/amsmath/amsgen.sty))
(/usr/share/texlive/texmf-dist/tex/latex/amsmath/amsbsy.sty)
(/usr/share/texlive/texmf-dist/tex/latex/amsmath/amsopn.sty))
(/usr/share/texlive/texmf-dist/tex/latex/amsfonts/amssymb.sty
(/usr/share/texlive/texmf-dist/tex/latex/amsfonts/amsfonts.sty))
(/usr/share/texlive/texmf-dist/tex/generic/iftex/iftex.sty)
(/usr/share/texlive/texmf-dist/tex/latex/base/fontenc.sty
(/usr/share/texlive/texmf-dist/tex/latex/psnfss/t1ptm.fd))
(/usr/share/texlive/texmf-dist/tex/latex/base/inputenc.sty)
(/usr/share/texlive/texmf-dist/tex/latex/base/textcomp.sty)
(/usr/share/texmf/tex/latex/lm/lmodern.sty)
(/usr/share/texlive/texmf-dist/tex/latex/upquote/upquote.sty)
(/usr/share/texlive/texmf-dist/tex/latex/microtype/microtype.sty
(/usr/share/texlive/texmf-dist/tex/latex/graphics/keyval.sty)
(/usr/share/texlive/texmf-dist/tex/latex/etoolbox/etoolbox.sty)
(/usr/share/texlive/texmf-dist/tex/latex/microtype/microtype-pdftex.def)
(/usr/share/texlive/texmf-dist/tex/latex/microtype/microtype.cfg))
(/usr/share/texlive/texmf-dist/tex/latex/parskip/parskip.sty
(/usr/share/texlive/texmf-dist/tex/latex/kvoptions/kvoptions.sty
(/usr/share/texlive/texmf-dist/tex/generic/ltxcmds/ltxcmds.sty)
(/usr/share/texlive/texmf-dist/tex/latex/kvsetkeys/kvsetkeys.sty)))
(/usr/share/texlive/texmf-dist/tex/latex/xcolor/xcolor.sty
(/usr/share/texlive/texmf-dist/tex/latex/graphics-cfg/color.cfg)
(/usr/share/texlive/texmf-dist/tex/latex/graphics-def/pdftex.def)
(/usr/share/texlive/texmf-dist/tex/latex/graphics/mathcolor.ltx))
(/usr/share/texlive/texmf-dist/tex/latex/listings/listings.sty
(/usr/share/texlive/texmf-dist/tex/latex/listings/lstmisc.sty)
(/usr/share/texlive/texmf-dist/tex/latex/listings/listings.cfg))
(/usr/share/texlive/texmf-dist/tex/latex/tools/longtable.sty)
(/usr/share/texlive/texmf-dist/tex/latex/booktabs/booktabs.sty)
(/usr/share/texlive/texmf-dist/tex/latex/tools/array.sty)
(/usr/share/texlive/texmf-dist/tex/latex/tools/calc.sty)
(/usr/share/texlive/texmf-dist/tex/latex/footnotehyper/footnotehyper.sty)
(/usr/share/texlive/texmf-dist/tex/latex/graphics/graphicx.sty
(/usr/share/texlive/texmf-dist/tex/latex/graphics/graphics.sty
(/usr/share/texlive/texmf-dist/tex/latex/graphics/trig.sty)
(/usr/share/texlive/texmf-dist/tex/latex/graphics-cfg/graphics.cfg)))
(/usr/share/texlive/texmf-dist/tex/latex/base/fontenc.sty
(/usr/share/texmf/tex/latex/lm/t1lmr.fd))
(/usr/share/texlive/texmf-dist/tex/latex/listingsutf8/listingsutf8.sty
(/usr/share/texlive/texmf-dist/tex/generic/pdftexcmds/pdftexcmds.sty
(/usr/share/texlive/texmf-dist/tex/generic/infwarerr/infwarerr.sty))
(/usr/share/texlive/texmf-dist/tex/generic/stringenc/stringenc.sty
(/usr/share/texlive/texmf-dist/tex/generic/pdfescape/pdfescape.sty)))
(/usr/share/texlive/texmf-dist/tex/latex/xurl/xurl.sty
(/usr/share/texlive/texmf-dist/tex/latex/url/url.sty))
(/usr/share/texlive/texmf-dist/tex/latex/adjustbox/adjustbox.sty
(/usr/share/texlive/texmf-dist/tex/latex/xkeyval/xkeyval.sty
(/usr/share/texlive/texmf-dist/tex/generic/xkeyval/xkeyval.tex
(/usr/share/texlive/texmf-dist/tex/generic/xkeyval/xkvutils.tex)))
(/usr/share/texlive/texmf-dist/tex/latex/adjustbox/adjcalc.sty)
(/usr/share/texlive/texmf-dist/tex/latex/adjustbox/trimclip.sty
(/usr/share/texlive/texmf-dist/tex/latex/collectbox/collectbox.sty)
(/usr/share/texlive/texmf-dist/tex/latex/adjustbox/tc-pdftex.def))
(/usr/share/texlive/texmf-dist/tex/latex/ifoddpage/ifoddpage.sty)
(/usr/share/texlive/texmf-dist/tex/latex/varwidth/varwidth.sty))
(/usr/share/texlive/texmf-dist/tex/latex/pdflscape/pdflscape.sty
(/usr/share/texlive/texmf-dist/tex/latex/pdflscape/pdflscape-nometadata.sty
(/usr/share/texlive/texmf-dist/tex/latex/graphics/lscape.sty)))
(/usr/share/texlive/texmf-dist/tex/latex/tools/tabularx.sty)
(/usr/share/texlive/texmf-dist/tex/latex/ragged2e/ragged2e.sty)
(/usr/share/texlive/texmf-dist/tex/latex/bookmark/bookmark.sty
(/usr/share/texlive/texmf-dist/tex/latex/hyperref/hyperref.sty
(/usr/share/texlive/texmf-dist/tex/generic/kvdefinekeys/kvdefinekeys.sty)
(/usr/share/texlive/texmf-dist/tex/latex/hycolor/hycolor.sty)
(/usr/share/texlive/texmf-dist/tex/latex/auxhook/auxhook.sty)
(/usr/share/texlive/texmf-dist/tex/latex/hyperref/nameref.sty
(/usr/share/texlive/texmf-dist/tex/latex/refcount/refcount.sty)
(/usr/share/texlive/texmf-dist/tex/generic/gettitlestring/gettitlestring.sty))
(/usr/share/texlive/texmf-dist/tex/latex/hyperref/pd1enc.def)
(/usr/share/texlive/texmf-dist/tex/generic/intcalc/intcalc.sty)
(/usr/share/texlive/texmf-dist/tex/latex/hyperref/puenc.def)
(/usr/share/texlive/texmf-dist/tex/generic/bitset/bitset.sty
(/usr/share/texlive/texmf-dist/tex/generic/bigintcalc/bigintcalc.sty))
(/usr/share/texlive/texmf-dist/tex/latex/base/atbegshi-ltx.sty))
(/usr/share/texlive/texmf-dist/tex/latex/hyperref/hpdftex.def
(/usr/share/texlive/texmf-dist/tex/latex/base/atveryend-ltx.sty)
(/usr/share/texlive/texmf-dist/tex/latex/rerunfilecheck/rerunfilecheck.sty
(/usr/share/texlive/texmf-dist/tex/generic/uniquecounter/uniquecounter.sty)))
(/usr/share/texlive/texmf-dist/tex/latex/bookmark/bkm-pdftex.def))
(/usr/share/texlive/texmf-dist/tex/latex/l3backend/l3backend-pdftex.def)
(/var/www/clients/client1/web3/web/research-review-en/research/deposit/build/ma
nuscript-peer-review-ieee.aux)
-- Lines per column: 52 (exact).
(/usr/share/texlive/texmf-dist/tex/latex/microtype/mt-cmr.cfg)
(/usr/share/texlive/texmf-dist/tex/context/base/mkii/supp-pdf.mkii
[Loading MPS to PDF converter (version 2006.09.02).]
) (/usr/share/texlive/texmf-dist/tex/latex/epstopdf-pkg/epstopdf-base.sty
(/usr/share/texlive/texmf-dist/tex/latex/latexconfig/epstopdf-sys.cfg))
(/usr/share/texmf/tex/latex/lm/ts1lmr.fd)
(/usr/share/texmf/tex/latex/lm/t1lmtt.fd)
(/usr/share/texmf/tex/latex/lm/ot1lmr.fd)
(/usr/share/texmf/tex/latex/lm/omllmm.fd)
(/usr/share/texmf/tex/latex/lm/omslmsy.fd)
(/usr/share/texmf/tex/latex/lm/omxlmex.fd)
(/usr/share/texlive/texmf-dist/tex/latex/amsfonts/umsa.fd)
(/usr/share/texlive/texmf-dist/tex/latex/microtype/mt-msa.cfg)
(/usr/share/texlive/texmf-dist/tex/latex/amsfonts/umsb.fd)
(/usr/share/texlive/texmf-dist/tex/latex/microtype/mt-msb.cfg) [0{/var/lib/texm
f/fonts/map/pdftex/updmap/pdftex.map}{/usr/share/texmf/fonts/enc/dvips/lm/lm-ec
.enc}{/usr/share/texmf/fonts/enc/dvips/lm/lm-ts1.enc}{/usr/share/texmf/fonts/en
c/dvips/lm/lm-rm.enc}{/usr/share/texmf/fonts/enc/dvips/lm/lm-mathit.enc}]
[1] [2 <./research/peer-review/figures-png/fig01-paradigm-shift.png> <./researc
h/peer-review/figures-png/fig06-benchmark-freshness.png>]
Underfull \hbox (badness 10000) in paragraph at lines 466--472


Underfull \hbox (badness 10000) in paragraph at lines 472--475

[3{/usr/share/texmf/fonts/enc/dvips/lm/lm-mathsy.enc} <./research/peer-review/f
igures-png/fig02-system-architecture.png>]
Underfull \hbox (badness 2213) in paragraph at lines 511--515
[]\T1/lmr/m/n/11 (+20) Let $[][] \OT1/lmr/m/n/11 (+20) = []([]\OML/lmm/m/it/11 
; \OT1/lmr/m/n/11 (+20) 0\OML/lmm/m/it/11 ; \OT1/lmr/m/n/11 (+20) 100)$\T1/lmr/
m/n/11 (+20) . With di-rec-tion flag ``higher raw is worse'', $[][] \OT1/lmr/m/
n/11 (+20) =
[4{/usr/share/texmf/fonts/enc/dvips/lm/lm-mathex.enc}]
(/usr/share/texmf/tex/latex/lm/ts1lmtt.fd) [5]
Underfull \hbox (badness 10000) in paragraph at lines 705--713
\T1/lmr/m/n/11 (+20) to the Layer[]4 keys $[]$, $[]$,
[6 <./research/peer-review/figures-png/fig03-nfsi-layers.png>]
Underfull \hbox (badness 10000) in alignment at lines 773--783
[] [] []

Underfull \hbox (badness 10000) in alignment at lines 783--785
[] [] []

Underfull \hbox (badness 10000) in alignment at lines 785--792
[] [] []
[7 <./research/peer-review/figures-png/fig05-stress-fault-tree.png>]
Underfull \hbox (badness 10000) in paragraph at lines 957--961
[][][][][][][][][][][][][][][][][][][][][][][][][][][][][][][][][][][][][][][][
][][][][][][]\T1/lmr/m/n/11 (+20) )
[8]
Underfull \hbox (badness 10000) in alignment at lines 971--981
[] [] []

Underfull \hbox (badness 10000) in alignment at lines 981--983
[] [] []

Underfull \hbox (badness 10000) in alignment at lines 983--1002
[] [] []
[9]
Underfull \hbox (badness 10000) in alignment at lines 1051--1067
[] [] [] [] [] []

Underfull \hbox (badness 10000) in alignment at lines 1067--1069
[] [] [] [] [] []

Overfull \hbox (20.67561pt too wide) in paragraph at lines 1077--1077
[]|[] 

Overfull \hbox (34.85059pt too wide) in paragraph at lines 1081--1081
[]|[] 

Overfull \hbox (30.1256pt too wide) in paragraph at lines 1088--1088
[]|[] 

Overfull \hbox (20.67561pt too wide) in paragraph at lines 1091--1091
[]|[] 

Overfull \hbox (30.1256pt too wide) in paragraph at lines 1094--1094
[]|[] 

Overfull \hbox (6.50064pt too wide) in paragraph at lines 1097--1097
[]|[] 

Overfull \hbox (15.95062pt too wide) in paragraph at lines 1100--1100
[]|[] 

Overfull \hbox (20.67561pt too wide) in paragraph at lines 1103--1103
[]|[] 

Overfull \hbox (30.1256pt too wide) in paragraph at lines 1106--1106
[]|[] 

Overfull \hbox (30.1256pt too wide) in paragraph at lines 1109--1109
[]|[] 

Overfull \hbox (1.77565pt too wide) in paragraph at lines 1117--1117
[]|[] 

Overfull \hbox (1.77565pt too wide) in paragraph at lines 1125--1125
[]|[] 

Overfull \hbox (15.95062pt too wide) in paragraph at lines 1129--1129
[]|[] 

Overfull \hbox (15.95062pt too wide) in paragraph at lines 1133--1133
[]|[] 

Overfull \hbox (6.50064pt too wide) in paragraph at lines 1141--1141
[]|[] 

Overfull \hbox (6.50064pt too wide) in paragraph at lines 1145--1145
[]|[] 

Overfull \hbox (6.50064pt too wide) in paragraph at lines 1149--1149
[]|[] 

Overfull \hbox (6.50064pt too wide) in paragraph at lines 1153--1153
[]|[] 

Overfull \hbox (6.50064pt too wide) in paragraph at lines 1157--1157
[]|[] 

Overfull \hbox (1.77565pt too wide) in paragraph at lines 1161--1161
[]|[] 

Overfull \hbox (15.95062pt too wide) in paragraph at lines 1165--1165
[]|[] 

Overfull \hbox (6.50064pt too wide) in paragraph at lines 1173--1173
[]|[] 

Overfull \hbox (6.50064pt too wide) in paragraph at lines 1177--1177
[]|[] 

Overfull \hbox (15.95062pt too wide) in paragraph at lines 1185--1185
[]|[] 

Overfull \hbox (15.95062pt too wide) in paragraph at lines 1188--1188
[]|[] 

Overfull \hbox (11.22563pt too wide) in paragraph at lines 1191--1191
[]|[] 

Overfull \hbox (25.4006pt too wide) in paragraph at lines 1194--1194
[]|[] 

Overfull \hbox (30.1256pt too wide) in paragraph at lines 1197--1197
[]|[] 

Overfull \hbox (34.85059pt too wide) in paragraph at lines 1200--1200
[]|[] 

Overfull \hbox (20.67561pt too wide) in paragraph at lines 1203--1203
[]|[] 

Overfull \hbox (6.50064pt too wide) in paragraph at lines 1206--1206
[]|[] 

Overfull \hbox (44.30057pt too wide) in paragraph at lines 1223--1223
[]|[] 

Overfull \hbox (39.57558pt too wide) in paragraph at lines 1230--1230
[]|[] 

Overfull \hbox (6.50064pt too wide) in paragraph at lines 1233--1233
[]|[] 

Overfull \hbox (6.50064pt too wide) in paragraph at lines 1236--1236
[]|[] 

Overfull \hbox (6.50064pt too wide) in paragraph at lines 1239--1239
[]|[] 

Overfull \hbox (20.67561pt too wide) in paragraph at lines 1244--1244
[]|[] 

Overfull \hbox (53.03761pt too wide) in paragraph at lines 1254--1254
[]|\T1/lmr/m/n/9 (-20) warning,partial_warning,situation_warning|  

Overfull \hbox (11.22563pt too wide) in paragraph at lines 1264--1264
[]|[] 

Overfull \hbox (15.95062pt too wide) in paragraph at lines 1269--1269
[]|[] 

Underfull \hbox (badness 10000) in alignment at lines 1069--1271
[] [] [] [] [] []
[10] [11] [12]
Underfull \hbox (badness 10000) in paragraph at lines 1301--1304


Underfull \hbox (badness 10000) in paragraph at lines 1304--1307

[13]
Overfull \hbox (8.75752pt too wide) in paragraph at lines 1525--1525
[]|[] 
[14]
Underfull \hbox (badness 10000) in alignment at lines 1580--1584
[] [] []

Underfull \hbox (badness 10000) in alignment at lines 1584--1586
[] [] []

Underfull \hbox (badness 10000) in alignment at lines 1586--1589
[] [] []

Underfull \hbox (badness 10000) in alignment at lines 1622--1632
[] [] []

Underfull \hbox (badness 10000) in alignment at lines 1632--1634
[] [] []

Underfull \hbox (badness 10000) in alignment at lines 1634--1641
[] [] []
[15]
Underfull \hbox (badness 10000) in alignment at lines 1661--1671
[] [] []

Underfull \hbox (badness 10000) in alignment at lines 1671--1673
[] [] []

Underfull \hbox (badness 10000) in alignment at lines 1673--1680
[] [] []

Underfull \hbox (badness 10000) in alignment at lines 1700--1714
[] [] [] [] []

Underfull \hbox (badness 10000) in alignment at lines 1714--1716
[] [] [] [] []

Underfull \hbox (badness 10000) in alignment at lines 1716--1732
[] [] [] [] []
[16] [17 <./research/peer-review/figures-png/fig08-sensitivity-mean-abs.png>]
[18] [19] [20] [21] [22] [23]
Overfull \hbox (12.52473pt too wide) in paragraph at lines 2549--2549
[]|[] 

Overfull \hbox (26.6997pt too wide) in paragraph at lines 2555--2555
[]|[] 

Overfull \hbox (12.52473pt too wide) in paragraph at lines 2558--2558
[]|[] 

Overfull \hbox (45.59967pt too wide) in paragraph at lines 2576--2576
[]|[] 

Overfull \hbox (17.24973pt too wide) in paragraph at lines 2581--2581
[]|[] 

Overfull \hbox (7.79974pt too wide) in paragraph at lines 2611--2611
[]|[] 

Overfull \hbox (31.4247pt too wide) in paragraph at lines 2617--2617
[]|[] 

Overfull \hbox (7.79974pt too wide) in paragraph at lines 2630--2630
[]|[] 

Overfull \hbox (12.52473pt too wide) in paragraph at lines 2642--2642
[]|[] 

Overfull \hbox (3.07475pt too wide) in paragraph at lines 2649--2649
[]|[] 

Overfull \hbox (26.6997pt too wide) in paragraph at lines 2658--2658
[]|[] 

Overfull \hbox (17.24973pt too wide) in paragraph at lines 2664--2664
[]|[] 

Overfull \hbox (3.07475pt too wide) in paragraph at lines 2667--2667
[]|[] 
[24]
Overfull \hbox (31.4247pt too wide) in paragraph at lines 2704--2704
[]|[] 

Overfull \hbox (26.6997pt too wide) in paragraph at lines 2712--2712
[]|[] 
[25] [26]
Underfull \hbox (badness 10000) in alignment at lines 2838--2848
[] [] []

Underfull \hbox (badness 10000) in alignment at lines 2848--2850
[] [] []

Underfull \hbox (badness 10000) in alignment at lines 2850--2868
[] [] []
[27]
Underfull \hbox (badness 10000) in alignment at lines 2903--2913
[] [] []

Underfull \hbox (badness 10000) in alignment at lines 2913--2915
[] [] []

Overfull \hbox (46.92517pt too wide) in paragraph at lines 2946--2947
[][] 

Overfull \hbox (28.0252pt too wide) in paragraph at lines 2980--2981
[][] 

Overfull \hbox (42.20018pt too wide) in paragraph at lines 2983--2984
[][] 

Overfull \hbox (9.12524pt too wide) in paragraph at lines 2986--2987
[][] 

Overfull \hbox (9.12524pt too wide) in paragraph at lines 2989--2990
[][] 

Overfull \hbox (42.20018pt too wide) in paragraph at lines 3029--3030
[][] 

Overfull \hbox (18.57523pt too wide) in paragraph at lines 3032--3033
[][] 

Overfull \hbox (18.57523pt too wide) in paragraph at lines 3035--3036
[][] 

Overfull \hbox (32.7502pt too wide) in paragraph at lines 3038--3039
[][] 

Underfull \hbox (badness 10000) in alignment at lines 2915--3055
[] [] []
[28] [29] [30]
(/var/www/clients/client1/web3/web/research-review-en/research/deposit/build/ma
nuscript-peer-review-ieee.aux) )
(see the transcript file for additional information)</usr/share/texmf/fonts/typ
e1/public/lm/lmbx12.pfb></usr/share/texmf/fonts/type1/public/lm/lmbx8.pfb></usr
/share/texmf/fonts/type1/public/lm/lmbx9.pfb></usr/share/texmf/fonts/type1/publ
ic/lm/lmbxi10.pfb></usr/share/texmf/fonts/type1/public/lm/lmcsc10.pfb></usr/sha
re/texmf/fonts/type1/public/lm/lmex10.pfb></usr/share/texmf/fonts/type1/public/
lm/lmmi12.pfb></usr/share/texmf/fonts/type1/public/lm/lmmi6.pfb></usr/share/tex
mf/fonts/type1/public/lm/lmmi8.pfb></usr/share/texmf/fonts/type1/public/lm/lmmi
9.pfb></usr/share/texmf/fonts/type1/public/lm/lmr12.pfb></usr/share/texmf/fonts
/type1/public/lm/lmr17.pfb></usr/share/texmf/fonts/type1/public/lm/lmr6.pfb></u
sr/share/texmf/fonts/type1/public/lm/lmr8.pfb></usr/share/texmf/fonts/type1/pub
lic/lm/lmr9.pfb></usr/share/texmf/fonts/type1/public/lm/lmri12.pfb></usr/share/
texmf/fonts/type1/public/lm/lmsy10.pfb></usr/share/texmf/fonts/type1/public/lm/
lmsy6.pfb></usr/share/texmf/fonts/type1/public/lm/lmsy8.pfb></usr/share/texmf/f
onts/type1/public/lm/lmsy9.pfb></usr/share/texmf/fonts/type1/public/lm/lmtk10.p
fb></usr/share/texmf/fonts/type1/public/lm/lmtt12.pfb></usr/share/texmf/fonts/t
ype1/public/lm/lmtt9.pfb></usr/share/texmf/fonts/type1/public/lm/lmtti10.pfb>
Output written on /var/www/clients/client1/web3/web/research-review-en/research
/deposit/build/manuscript-peer-review-ieee.pdf (31 pages, 782780 bytes).
Transcript written on /var/www/clients/client1/web3/web/research-review-en/rese
arch/deposit/build/manuscript-peer-review-ieee.log.
This is pdfTeX, Version 3.141592653-2.6-1.40.25 (TeX Live 2023/Debian) (preloaded format=pdflatex)
 restricted \write18 enabled.
entering extended mode

(/var/www/clients/client1/web3/web/research-review-en/research/deposit/build/ma
nuscript-peer-review-ieee.tex
LaTeX2e <2023-11-01> patch level 1
L3 programming layer <2024-01-22>

(/var/www/clients/client1/web3/web/research-review-en/research/latex/vendor/IEE
Etran/IEEEtran.cls
Document Class: IEEEtran 2015/08/26 V1.8b by Michael Shell
-- See the "IEEEtran_HOWTO" manual for usage information.
-- http://www.michaelshell.org/tex/ieeetran/
(/usr/share/texlive/texmf-dist/tex/latex/psnfss/ot1ptm.fd)
** ATTENTION: Single column mode is not typically used with IEEE publications.
-- Using 8.5in x 11in (letter) paper.
-- Using PDF output.
-- This is an 11 point document.
) (/usr/share/texlive/texmf-dist/tex/latex/amsmath/amsmath.sty
For additional information on amsmath, use the `?' option.
(/usr/share/texlive/texmf-dist/tex/latex/amsmath/amstext.sty
(/usr/share/texlive/texmf-dist/tex/latex/amsmath/amsgen.sty))
(/usr/share/texlive/texmf-dist/tex/latex/amsmath/amsbsy.sty)
(/usr/share/texlive/texmf-dist/tex/latex/amsmath/amsopn.sty))
(/usr/share/texlive/texmf-dist/tex/latex/amsfonts/amssymb.sty
(/usr/share/texlive/texmf-dist/tex/latex/amsfonts/amsfonts.sty))
(/usr/share/texlive/texmf-dist/tex/generic/iftex/iftex.sty)
(/usr/share/texlive/texmf-dist/tex/latex/base/fontenc.sty
(/usr/share/texlive/texmf-dist/tex/latex/psnfss/t1ptm.fd))
(/usr/share/texlive/texmf-dist/tex/latex/base/inputenc.sty)
(/usr/share/texlive/texmf-dist/tex/latex/base/textcomp.sty)
(/usr/share/texmf/tex/latex/lm/lmodern.sty)
(/usr/share/texlive/texmf-dist/tex/latex/upquote/upquote.sty)
(/usr/share/texlive/texmf-dist/tex/latex/microtype/microtype.sty
(/usr/share/texlive/texmf-dist/tex/latex/graphics/keyval.sty)
(/usr/share/texlive/texmf-dist/tex/latex/etoolbox/etoolbox.sty)
(/usr/share/texlive/texmf-dist/tex/latex/microtype/microtype-pdftex.def)
(/usr/share/texlive/texmf-dist/tex/latex/microtype/microtype.cfg))
(/usr/share/texlive/texmf-dist/tex/latex/parskip/parskip.sty
(/usr/share/texlive/texmf-dist/tex/latex/kvoptions/kvoptions.sty
(/usr/share/texlive/texmf-dist/tex/generic/ltxcmds/ltxcmds.sty)
(/usr/share/texlive/texmf-dist/tex/latex/kvsetkeys/kvsetkeys.sty)))
(/usr/share/texlive/texmf-dist/tex/latex/xcolor/xcolor.sty
(/usr/share/texlive/texmf-dist/tex/latex/graphics-cfg/color.cfg)
(/usr/share/texlive/texmf-dist/tex/latex/graphics-def/pdftex.def)
(/usr/share/texlive/texmf-dist/tex/latex/graphics/mathcolor.ltx))
(/usr/share/texlive/texmf-dist/tex/latex/listings/listings.sty
(/usr/share/texlive/texmf-dist/tex/latex/listings/lstmisc.sty)
(/usr/share/texlive/texmf-dist/tex/latex/listings/listings.cfg))
(/usr/share/texlive/texmf-dist/tex/latex/tools/longtable.sty)
(/usr/share/texlive/texmf-dist/tex/latex/booktabs/booktabs.sty)
(/usr/share/texlive/texmf-dist/tex/latex/tools/array.sty)
(/usr/share/texlive/texmf-dist/tex/latex/tools/calc.sty)
(/usr/share/texlive/texmf-dist/tex/latex/footnotehyper/footnotehyper.sty)
(/usr/share/texlive/texmf-dist/tex/latex/graphics/graphicx.sty
(/usr/share/texlive/texmf-dist/tex/latex/graphics/graphics.sty
(/usr/share/texlive/texmf-dist/tex/latex/graphics/trig.sty)
(/usr/share/texlive/texmf-dist/tex/latex/graphics-cfg/graphics.cfg)))
(/usr/share/texlive/texmf-dist/tex/latex/base/fontenc.sty
(/usr/share/texmf/tex/latex/lm/t1lmr.fd))
(/usr/share/texlive/texmf-dist/tex/latex/listingsutf8/listingsutf8.sty
(/usr/share/texlive/texmf-dist/tex/generic/pdftexcmds/pdftexcmds.sty
(/usr/share/texlive/texmf-dist/tex/generic/infwarerr/infwarerr.sty))
(/usr/share/texlive/texmf-dist/tex/generic/stringenc/stringenc.sty
(/usr/share/texlive/texmf-dist/tex/generic/pdfescape/pdfescape.sty)))
(/usr/share/texlive/texmf-dist/tex/latex/xurl/xurl.sty
(/usr/share/texlive/texmf-dist/tex/latex/url/url.sty))
(/usr/share/texlive/texmf-dist/tex/latex/adjustbox/adjustbox.sty
(/usr/share/texlive/texmf-dist/tex/latex/xkeyval/xkeyval.sty
(/usr/share/texlive/texmf-dist/tex/generic/xkeyval/xkeyval.tex
(/usr/share/texlive/texmf-dist/tex/generic/xkeyval/xkvutils.tex)))
(/usr/share/texlive/texmf-dist/tex/latex/adjustbox/adjcalc.sty)
(/usr/share/texlive/texmf-dist/tex/latex/adjustbox/trimclip.sty
(/usr/share/texlive/texmf-dist/tex/latex/collectbox/collectbox.sty)
(/usr/share/texlive/texmf-dist/tex/latex/adjustbox/tc-pdftex.def))
(/usr/share/texlive/texmf-dist/tex/latex/ifoddpage/ifoddpage.sty)
(/usr/share/texlive/texmf-dist/tex/latex/varwidth/varwidth.sty))
(/usr/share/texlive/texmf-dist/tex/latex/pdflscape/pdflscape.sty
(/usr/share/texlive/texmf-dist/tex/latex/pdflscape/pdflscape-nometadata.sty
(/usr/share/texlive/texmf-dist/tex/latex/graphics/lscape.sty)))
(/usr/share/texlive/texmf-dist/tex/latex/tools/tabularx.sty)
(/usr/share/texlive/texmf-dist/tex/latex/ragged2e/ragged2e.sty)
(/usr/share/texlive/texmf-dist/tex/latex/bookmark/bookmark.sty
(/usr/share/texlive/texmf-dist/tex/latex/hyperref/hyperref.sty
(/usr/share/texlive/texmf-dist/tex/generic/kvdefinekeys/kvdefinekeys.sty)
(/usr/share/texlive/texmf-dist/tex/latex/hycolor/hycolor.sty)
(/usr/share/texlive/texmf-dist/tex/latex/auxhook/auxhook.sty)
(/usr/share/texlive/texmf-dist/tex/latex/hyperref/nameref.sty
(/usr/share/texlive/texmf-dist/tex/latex/refcount/refcount.sty)
(/usr/share/texlive/texmf-dist/tex/generic/gettitlestring/gettitlestring.sty))
(/usr/share/texlive/texmf-dist/tex/latex/hyperref/pd1enc.def)
(/usr/share/texlive/texmf-dist/tex/generic/intcalc/intcalc.sty)
(/usr/share/texlive/texmf-dist/tex/latex/hyperref/puenc.def)
(/usr/share/texlive/texmf-dist/tex/generic/bitset/bitset.sty
(/usr/share/texlive/texmf-dist/tex/generic/bigintcalc/bigintcalc.sty))
(/usr/share/texlive/texmf-dist/tex/latex/base/atbegshi-ltx.sty))
(/usr/share/texlive/texmf-dist/tex/latex/hyperref/hpdftex.def
(/usr/share/texlive/texmf-dist/tex/latex/base/atveryend-ltx.sty)
(/usr/share/texlive/texmf-dist/tex/latex/rerunfilecheck/rerunfilecheck.sty
(/usr/share/texlive/texmf-dist/tex/generic/uniquecounter/uniquecounter.sty)))
(/usr/share/texlive/texmf-dist/tex/latex/bookmark/bkm-pdftex.def))
(/usr/share/texlive/texmf-dist/tex/latex/l3backend/l3backend-pdftex.def)
(/var/www/clients/client1/web3/web/research-review-en/research/deposit/build/ma
nuscript-peer-review-ieee.aux)
-- Lines per column: 52 (exact).
(/usr/share/texlive/texmf-dist/tex/latex/microtype/mt-cmr.cfg)
(/usr/share/texlive/texmf-dist/tex/context/base/mkii/supp-pdf.mkii
[Loading MPS to PDF converter (version 2006.09.02).]
) (/usr/share/texlive/texmf-dist/tex/latex/epstopdf-pkg/epstopdf-base.sty
(/usr/share/texlive/texmf-dist/tex/latex/latexconfig/epstopdf-sys.cfg))
(/usr/share/texmf/tex/latex/lm/ts1lmr.fd)
(/usr/share/texmf/tex/latex/lm/t1lmtt.fd)
(/usr/share/texmf/tex/latex/lm/ot1lmr.fd)
(/usr/share/texmf/tex/latex/lm/omllmm.fd)
(/usr/share/texmf/tex/latex/lm/omslmsy.fd)
(/usr/share/texmf/tex/latex/lm/omxlmex.fd)
(/usr/share/texlive/texmf-dist/tex/latex/amsfonts/umsa.fd)
(/usr/share/texlive/texmf-dist/tex/latex/microtype/mt-msa.cfg)
(/usr/share/texlive/texmf-dist/tex/latex/amsfonts/umsb.fd)
(/usr/share/texlive/texmf-dist/tex/latex/microtype/mt-msb.cfg) [0{/var/lib/texm
f/fonts/map/pdftex/updmap/pdftex.map}{/usr/share/texmf/fonts/enc/dvips/lm/lm-ec
.enc}{/usr/share/texmf/fonts/enc/dvips/lm/lm-ts1.enc}{/usr/share/texmf/fonts/en
c/dvips/lm/lm-rm.enc}{/usr/share/texmf/fonts/enc/dvips/lm/lm-mathit.enc}]
[1] [2 <./research/peer-review/figures-png/fig01-paradigm-shift.png> <./researc
h/peer-review/figures-png/fig06-benchmark-freshness.png>]
Underfull \hbox (badness 10000) in paragraph at lines 467--473


Underfull \hbox (badness 10000) in paragraph at lines 473--476

[3{/usr/share/texmf/fonts/enc/dvips/lm/lm-mathsy.enc} <./research/peer-review/f
igures-png/fig02-system-architecture.png>]
Underfull \hbox (badness 2213) in paragraph at lines 512--516
[]\T1/lmr/m/n/11 (+20) Let $[][] \OT1/lmr/m/n/11 (+20) = []([]\OML/lmm/m/it/11 
; \OT1/lmr/m/n/11 (+20) 0\OML/lmm/m/it/11 ; \OT1/lmr/m/n/11 (+20) 100)$\T1/lmr/
m/n/11 (+20) . With di-rec-tion flag ``higher raw is worse'', $[][] \OT1/lmr/m/
n/11 (+20) =
[4{/usr/share/texmf/fonts/enc/dvips/lm/lm-mathex.enc}]
(/usr/share/texmf/tex/latex/lm/ts1lmtt.fd) [5]
Underfull \hbox (badness 10000) in paragraph at lines 706--714
\T1/lmr/m/n/11 (+20) to the Layer[]4 keys $[]$, $[]$,
[6 <./research/peer-review/figures-png/fig03-nfsi-layers.png>]
Underfull \hbox (badness 10000) in alignment at lines 774--784
[] [] []

Underfull \hbox (badness 10000) in alignment at lines 784--786
[] [] []

Underfull \hbox (badness 10000) in alignment at lines 786--793
[] [] []
[7 <./research/peer-review/figures-png/fig05-stress-fault-tree.png>]
Underfull \hbox (badness 10000) in paragraph at lines 958--962
[][][][][][][][][][][][][][][][][][][][][][][][][][][][][][][][][][][][][][][][
][][][][][][]\T1/lmr/m/n/11 (+20) )
[8]
Underfull \hbox (badness 10000) in alignment at lines 972--982
[] [] []

Underfull \hbox (badness 10000) in alignment at lines 982--984
[] [] []

Underfull \hbox (badness 10000) in alignment at lines 984--1003
[] [] []
[9]
Underfull \hbox (badness 10000) in alignment at lines 1052--1068
[] [] [] [] [] []

Underfull \hbox (badness 10000) in alignment at lines 1068--1070
[] [] [] [] [] []

Overfull \hbox (20.67561pt too wide) in paragraph at lines 1078--1078
[]|[] 

Overfull \hbox (34.85059pt too wide) in paragraph at lines 1082--1082
[]|[] 

Overfull \hbox (30.1256pt too wide) in paragraph at lines 1089--1089
[]|[] 

Overfull \hbox (20.67561pt too wide) in paragraph at lines 1092--1092
[]|[] 

Overfull \hbox (30.1256pt too wide) in paragraph at lines 1095--1095
[]|[] 

Overfull \hbox (6.50064pt too wide) in paragraph at lines 1098--1098
[]|[] 

Overfull \hbox (15.95062pt too wide) in paragraph at lines 1101--1101
[]|[] 

Overfull \hbox (20.67561pt too wide) in paragraph at lines 1104--1104
[]|[] 

Overfull \hbox (30.1256pt too wide) in paragraph at lines 1107--1107
[]|[] 

Overfull \hbox (30.1256pt too wide) in paragraph at lines 1110--1110
[]|[] 

Overfull \hbox (1.77565pt too wide) in paragraph at lines 1118--1118
[]|[] 

Overfull \hbox (1.77565pt too wide) in paragraph at lines 1126--1126
[]|[] 

Overfull \hbox (15.95062pt too wide) in paragraph at lines 1130--1130
[]|[] 

Overfull \hbox (15.95062pt too wide) in paragraph at lines 1134--1134
[]|[] 

Overfull \hbox (6.50064pt too wide) in paragraph at lines 1142--1142
[]|[] 

Overfull \hbox (6.50064pt too wide) in paragraph at lines 1146--1146
[]|[] 

Overfull \hbox (6.50064pt too wide) in paragraph at lines 1150--1150
[]|[] 

Overfull \hbox (6.50064pt too wide) in paragraph at lines 1154--1154
[]|[] 

Overfull \hbox (6.50064pt too wide) in paragraph at lines 1158--1158
[]|[] 

Overfull \hbox (1.77565pt too wide) in paragraph at lines 1162--1162
[]|[] 

Overfull \hbox (15.95062pt too wide) in paragraph at lines 1166--1166
[]|[] 

Overfull \hbox (6.50064pt too wide) in paragraph at lines 1174--1174
[]|[] 

Overfull \hbox (6.50064pt too wide) in paragraph at lines 1178--1178
[]|[] 

Overfull \hbox (15.95062pt too wide) in paragraph at lines 1186--1186
[]|[] 

Overfull \hbox (15.95062pt too wide) in paragraph at lines 1189--1189
[]|[] 

Overfull \hbox (11.22563pt too wide) in paragraph at lines 1192--1192
[]|[] 

Overfull \hbox (25.4006pt too wide) in paragraph at lines 1195--1195
[]|[] 

Overfull \hbox (30.1256pt too wide) in paragraph at lines 1198--1198
[]|[] 

Overfull \hbox (34.85059pt too wide) in paragraph at lines 1201--1201
[]|[] 

Overfull \hbox (20.67561pt too wide) in paragraph at lines 1204--1204
[]|[] 

Overfull \hbox (6.50064pt too wide) in paragraph at lines 1207--1207
[]|[] 

Overfull \hbox (44.30057pt too wide) in paragraph at lines 1224--1224
[]|[] 

Overfull \hbox (39.57558pt too wide) in paragraph at lines 1231--1231
[]|[] 

Overfull \hbox (6.50064pt too wide) in paragraph at lines 1234--1234
[]|[] 

Overfull \hbox (6.50064pt too wide) in paragraph at lines 1237--1237
[]|[] 

Overfull \hbox (6.50064pt too wide) in paragraph at lines 1240--1240
[]|[] 

Overfull \hbox (20.67561pt too wide) in paragraph at lines 1245--1245
[]|[] 

Overfull \hbox (53.03761pt too wide) in paragraph at lines 1255--1255
[]|\T1/lmr/m/n/9 (-20) warning,partial_warning,situation_warning|  

Overfull \hbox (11.22563pt too wide) in paragraph at lines 1265--1265
[]|[] 

Overfull \hbox (15.95062pt too wide) in paragraph at lines 1270--1270
[]|[] 

Underfull \hbox (badness 10000) in alignment at lines 1070--1272
[] [] [] [] [] []
[10] [11] [12]
Underfull \hbox (badness 10000) in paragraph at lines 1302--1305


Underfull \hbox (badness 10000) in paragraph at lines 1305--1308

[13]
Overfull \hbox (8.75752pt too wide) in paragraph at lines 1526--1526
[]|[] 
[14]
Underfull \hbox (badness 10000) in alignment at lines 1581--1585
[] [] []

Underfull \hbox (badness 10000) in alignment at lines 1585--1587
[] [] []

Underfull \hbox (badness 10000) in alignment at lines 1587--1590
[] [] []

Underfull \hbox (badness 10000) in alignment at lines 1623--1633
[] [] []

Underfull \hbox (badness 10000) in alignment at lines 1633--1635
[] [] []

Underfull \hbox (badness 10000) in alignment at lines 1635--1642
[] [] []
[15]
Underfull \hbox (badness 10000) in alignment at lines 1662--1672
[] [] []

Underfull \hbox (badness 10000) in alignment at lines 1672--1674
[] [] []

Underfull \hbox (badness 10000) in alignment at lines 1674--1681
[] [] []

Underfull \hbox (badness 10000) in alignment at lines 1701--1715
[] [] [] [] []

Underfull \hbox (badness 10000) in alignment at lines 1715--1717
[] [] [] [] []

Underfull \hbox (badness 10000) in alignment at lines 1717--1733
[] [] [] [] []
[16] [17 <./research/peer-review/figures-png/fig08-sensitivity-mean-abs.png>]
[18] [19] [20] [21] [22] [23]
Overfull \hbox (12.52473pt too wide) in paragraph at lines 2550--2550
[]|[] 

Overfull \hbox (26.6997pt too wide) in paragraph at lines 2556--2556
[]|[] 

Overfull \hbox (12.52473pt too wide) in paragraph at lines 2559--2559
[]|[] 

Overfull \hbox (45.59967pt too wide) in paragraph at lines 2577--2577
[]|[] 

Overfull \hbox (17.24973pt too wide) in paragraph at lines 2582--2582
[]|[] 

Overfull \hbox (7.79974pt too wide) in paragraph at lines 2612--2612
[]|[] 

Overfull \hbox (31.4247pt too wide) in paragraph at lines 2618--2618
[]|[] 

Overfull \hbox (7.79974pt too wide) in paragraph at lines 2631--2631
[]|[] 

Overfull \hbox (12.52473pt too wide) in paragraph at lines 2643--2643
[]|[] 

Overfull \hbox (3.07475pt too wide) in paragraph at lines 2650--2650
[]|[] 

Overfull \hbox (26.6997pt too wide) in paragraph at lines 2659--2659
[]|[] 

Overfull \hbox (17.24973pt too wide) in paragraph at lines 2665--2665
[]|[] 

Overfull \hbox (3.07475pt too wide) in paragraph at lines 2668--2668
[]|[] 
[24]
Overfull \hbox (31.4247pt too wide) in paragraph at lines 2705--2705
[]|[] 

Overfull \hbox (26.6997pt too wide) in paragraph at lines 2713--2713
[]|[] 
[25] [26]
Underfull \hbox (badness 10000) in alignment at lines 2839--2849
[] [] []

Underfull \hbox (badness 10000) in alignment at lines 2849--2851
[] [] []

Underfull \hbox (badness 10000) in alignment at lines 2851--2869
[] [] []
[27]
Underfull \hbox (badness 10000) in alignment at lines 2904--2914
[] [] []

Underfull \hbox (badness 10000) in alignment at lines 2914--2916
[] [] []

Overfull \hbox (46.92517pt too wide) in paragraph at lines 2947--2948
[][] 

Overfull \hbox (28.0252pt too wide) in paragraph at lines 2981--2982
[][] 

Overfull \hbox (42.20018pt too wide) in paragraph at lines 2984--2985
[][] 

Overfull \hbox (9.12524pt too wide) in paragraph at lines 2987--2988
[][] 

Overfull \hbox (9.12524pt too wide) in paragraph at lines 2990--2991
[][] 

Overfull \hbox (42.20018pt too wide) in paragraph at lines 3030--3031
[][] 

Overfull \hbox (18.57523pt too wide) in paragraph at lines 3033--3034
[][] 

Overfull \hbox (18.57523pt too wide) in paragraph at lines 3036--3037
[][] 

Overfull \hbox (32.7502pt too wide) in paragraph at lines 3039--3040
[][] 

Underfull \hbox (badness 10000) in alignment at lines 2916--3056
[] [] []
[28] [29] [30]
(/var/www/clients/client1/web3/web/research-review-en/research/deposit/build/ma
nuscript-peer-review-ieee.aux) )
(see the transcript file for additional information)</usr/share/texmf/fonts/typ
e1/public/lm/lmbx12.pfb></usr/share/texmf/fonts/type1/public/lm/lmbx8.pfb></usr
/share/texmf/fonts/type1/public/lm/lmbx9.pfb></usr/share/texmf/fonts/type1/publ
ic/lm/lmbxi10.pfb></usr/share/texmf/fonts/type1/public/lm/lmcsc10.pfb></usr/sha
re/texmf/fonts/type1/public/lm/lmex10.pfb></usr/share/texmf/fonts/type1/public/
lm/lmmi12.pfb></usr/share/texmf/fonts/type1/public/lm/lmmi6.pfb></usr/share/tex
mf/fonts/type1/public/lm/lmmi8.pfb></usr/share/texmf/fonts/type1/public/lm/lmmi
9.pfb></usr/share/texmf/fonts/type1/public/lm/lmr12.pfb></usr/share/texmf/fonts
/type1/public/lm/lmr17.pfb></usr/share/texmf/fonts/type1/public/lm/lmr6.pfb></u
sr/share/texmf/fonts/type1/public/lm/lmr8.pfb></usr/share/texmf/fonts/type1/pub
lic/lm/lmr9.pfb></usr/share/texmf/fonts/type1/public/lm/lmri12.pfb></usr/share/
texmf/fonts/type1/public/lm/lmsy10.pfb></usr/share/texmf/fonts/type1/public/lm/
lmsy6.pfb></usr/share/texmf/fonts/type1/public/lm/lmsy8.pfb></usr/share/texmf/f
onts/type1/public/lm/lmsy9.pfb></usr/share/texmf/fonts/type1/public/lm/lmtk10.p
fb></usr/share/texmf/fonts/type1/public/lm/lmtt12.pfb></usr/share/texmf/fonts/t
ype1/public/lm/lmtt9.pfb></usr/share/texmf/fonts/type1/public/lm/lmtti10.pfb>
Output written on /var/www/clients/client1/web3/web/research-review-en/research
/deposit/build/manuscript-peer-review-ieee.pdf (31 pages, 782780 bytes).
Transcript written on /var/www/clients/client1/web3/web/research-review-en/rese
arch/deposit/build/manuscript-peer-review-ieee.log.
This is pdfTeX, Version 3.141592653-2.6-1.40.25 (TeX Live 2023/Debian) (preloaded format=pdflatex)
 restricted \write18 enabled.
entering extended mode

(/var/www/clients/client1/web3/web/research-review-en/research/deposit/build/ma
nuscript-peer-review-ieee.tex
LaTeX2e <2023-11-01> patch level 1
L3 programming layer <2024-01-22>

(/var/www/clients/client1/web3/web/research-review-en/research/latex/vendor/IEE
Etran/IEEEtran.cls
Document Class: IEEEtran 2015/08/26 V1.8b by Michael Shell
-- See the "IEEEtran_HOWTO" manual for usage information.
-- http://www.michaelshell.org/tex/ieeetran/
(/usr/share/texlive/texmf-dist/tex/latex/psnfss/ot1ptm.fd)
** ATTENTION: Single column mode is not typically used with IEEE publications.
-- Using 8.5in x 11in (letter) paper.
-- Using PDF output.
-- This is an 11 point document.
) (/usr/share/texlive/texmf-dist/tex/latex/amsmath/amsmath.sty
For additional information on amsmath, use the `?' option.
(/usr/share/texlive/texmf-dist/tex/latex/amsmath/amstext.sty
(/usr/share/texlive/texmf-dist/tex/latex/amsmath/amsgen.sty))
(/usr/share/texlive/texmf-dist/tex/latex/amsmath/amsbsy.sty)
(/usr/share/texlive/texmf-dist/tex/latex/amsmath/amsopn.sty))
(/usr/share/texlive/texmf-dist/tex/latex/amsfonts/amssymb.sty
(/usr/share/texlive/texmf-dist/tex/latex/amsfonts/amsfonts.sty))
(/usr/share/texlive/texmf-dist/tex/generic/iftex/iftex.sty)
(/usr/share/texlive/texmf-dist/tex/latex/base/fontenc.sty
(/usr/share/texlive/texmf-dist/tex/latex/psnfss/t1ptm.fd))
(/usr/share/texlive/texmf-dist/tex/latex/base/inputenc.sty)
(/usr/share/texlive/texmf-dist/tex/latex/base/textcomp.sty)
(/usr/share/texmf/tex/latex/lm/lmodern.sty)
(/usr/share/texlive/texmf-dist/tex/latex/upquote/upquote.sty)
(/usr/share/texlive/texmf-dist/tex/latex/microtype/microtype.sty
(/usr/share/texlive/texmf-dist/tex/latex/graphics/keyval.sty)
(/usr/share/texlive/texmf-dist/tex/latex/etoolbox/etoolbox.sty)
(/usr/share/texlive/texmf-dist/tex/latex/microtype/microtype-pdftex.def)
(/usr/share/texlive/texmf-dist/tex/latex/microtype/microtype.cfg))
(/usr/share/texlive/texmf-dist/tex/latex/parskip/parskip.sty
(/usr/share/texlive/texmf-dist/tex/latex/kvoptions/kvoptions.sty
(/usr/share/texlive/texmf-dist/tex/generic/ltxcmds/ltxcmds.sty)
(/usr/share/texlive/texmf-dist/tex/latex/kvsetkeys/kvsetkeys.sty)))
(/usr/share/texlive/texmf-dist/tex/latex/xcolor/xcolor.sty
(/usr/share/texlive/texmf-dist/tex/latex/graphics-cfg/color.cfg)
(/usr/share/texlive/texmf-dist/tex/latex/graphics-def/pdftex.def)
(/usr/share/texlive/texmf-dist/tex/latex/graphics/mathcolor.ltx))
(/usr/share/texlive/texmf-dist/tex/latex/listings/listings.sty
(/usr/share/texlive/texmf-dist/tex/latex/listings/lstmisc.sty)
(/usr/share/texlive/texmf-dist/tex/latex/listings/listings.cfg))
(/usr/share/texlive/texmf-dist/tex/latex/tools/longtable.sty)
(/usr/share/texlive/texmf-dist/tex/latex/booktabs/booktabs.sty)
(/usr/share/texlive/texmf-dist/tex/latex/tools/array.sty)
(/usr/share/texlive/texmf-dist/tex/latex/tools/calc.sty)
(/usr/share/texlive/texmf-dist/tex/latex/footnotehyper/footnotehyper.sty)
(/usr/share/texlive/texmf-dist/tex/latex/graphics/graphicx.sty
(/usr/share/texlive/texmf-dist/tex/latex/graphics/graphics.sty
(/usr/share/texlive/texmf-dist/tex/latex/graphics/trig.sty)
(/usr/share/texlive/texmf-dist/tex/latex/graphics-cfg/graphics.cfg)))
(/usr/share/texlive/texmf-dist/tex/latex/base/fontenc.sty
(/usr/share/texmf/tex/latex/lm/t1lmr.fd))
(/usr/share/texlive/texmf-dist/tex/latex/listingsutf8/listingsutf8.sty
(/usr/share/texlive/texmf-dist/tex/generic/pdftexcmds/pdftexcmds.sty
(/usr/share/texlive/texmf-dist/tex/generic/infwarerr/infwarerr.sty))
(/usr/share/texlive/texmf-dist/tex/generic/stringenc/stringenc.sty
(/usr/share/texlive/texmf-dist/tex/generic/pdfescape/pdfescape.sty)))
(/usr/share/texlive/texmf-dist/tex/latex/xurl/xurl.sty
(/usr/share/texlive/texmf-dist/tex/latex/url/url.sty))
(/usr/share/texlive/texmf-dist/tex/latex/adjustbox/adjustbox.sty
(/usr/share/texlive/texmf-dist/tex/latex/xkeyval/xkeyval.sty
(/usr/share/texlive/texmf-dist/tex/generic/xkeyval/xkeyval.tex
(/usr/share/texlive/texmf-dist/tex/generic/xkeyval/xkvutils.tex)))
(/usr/share/texlive/texmf-dist/tex/latex/adjustbox/adjcalc.sty)
(/usr/share/texlive/texmf-dist/tex/latex/adjustbox/trimclip.sty
(/usr/share/texlive/texmf-dist/tex/latex/collectbox/collectbox.sty)
(/usr/share/texlive/texmf-dist/tex/latex/adjustbox/tc-pdftex.def))
(/usr/share/texlive/texmf-dist/tex/latex/ifoddpage/ifoddpage.sty)
(/usr/share/texlive/texmf-dist/tex/latex/varwidth/varwidth.sty))
(/usr/share/texlive/texmf-dist/tex/latex/pdflscape/pdflscape.sty
(/usr/share/texlive/texmf-dist/tex/latex/pdflscape/pdflscape-nometadata.sty
(/usr/share/texlive/texmf-dist/tex/latex/graphics/lscape.sty)))
(/usr/share/texlive/texmf-dist/tex/latex/tools/tabularx.sty)
(/usr/share/texlive/texmf-dist/tex/latex/ragged2e/ragged2e.sty)
(/usr/share/texlive/texmf-dist/tex/latex/bookmark/bookmark.sty
(/usr/share/texlive/texmf-dist/tex/latex/hyperref/hyperref.sty
(/usr/share/texlive/texmf-dist/tex/generic/kvdefinekeys/kvdefinekeys.sty)
(/usr/share/texlive/texmf-dist/tex/latex/hycolor/hycolor.sty)
(/usr/share/texlive/texmf-dist/tex/latex/auxhook/auxhook.sty)
(/usr/share/texlive/texmf-dist/tex/latex/hyperref/nameref.sty
(/usr/share/texlive/texmf-dist/tex/latex/refcount/refcount.sty)
(/usr/share/texlive/texmf-dist/tex/generic/gettitlestring/gettitlestring.sty))
(/usr/share/texlive/texmf-dist/tex/latex/hyperref/pd1enc.def)
(/usr/share/texlive/texmf-dist/tex/generic/intcalc/intcalc.sty)
(/usr/share/texlive/texmf-dist/tex/latex/hyperref/puenc.def)
(/usr/share/texlive/texmf-dist/tex/generic/bitset/bitset.sty
(/usr/share/texlive/texmf-dist/tex/generic/bigintcalc/bigintcalc.sty))
(/usr/share/texlive/texmf-dist/tex/latex/base/atbegshi-ltx.sty))
(/usr/share/texlive/texmf-dist/tex/latex/hyperref/hpdftex.def
(/usr/share/texlive/texmf-dist/tex/latex/base/atveryend-ltx.sty)
(/usr/share/texlive/texmf-dist/tex/latex/rerunfilecheck/rerunfilecheck.sty
(/usr/share/texlive/texmf-dist/tex/generic/uniquecounter/uniquecounter.sty)))
(/usr/share/texlive/texmf-dist/tex/latex/bookmark/bkm-pdftex.def))
(/usr/share/texlive/texmf-dist/tex/latex/l3backend/l3backend-pdftex.def)
(/var/www/clients/client1/web3/web/research-review-en/research/deposit/build/ma
nuscript-peer-review-ieee.aux)
-- Lines per column: 52 (exact).
(/usr/share/texlive/texmf-dist/tex/latex/microtype/mt-cmr.cfg)
(/usr/share/texlive/texmf-dist/tex/context/base/mkii/supp-pdf.mkii
[Loading MPS to PDF converter (version 2006.09.02).]
) (/usr/share/texlive/texmf-dist/tex/latex/epstopdf-pkg/epstopdf-base.sty
(/usr/share/texlive/texmf-dist/tex/latex/latexconfig/epstopdf-sys.cfg))
(/usr/share/texmf/tex/latex/lm/ts1lmr.fd)
(/usr/share/texmf/tex/latex/lm/t1lmtt.fd)
(/usr/share/texmf/tex/latex/lm/ot1lmr.fd)
(/usr/share/texmf/tex/latex/lm/omllmm.fd)
(/usr/share/texmf/tex/latex/lm/omslmsy.fd)
(/usr/share/texmf/tex/latex/lm/omxlmex.fd)
(/usr/share/texlive/texmf-dist/tex/latex/amsfonts/umsa.fd)
(/usr/share/texlive/texmf-dist/tex/latex/microtype/mt-msa.cfg)
(/usr/share/texlive/texmf-dist/tex/latex/amsfonts/umsb.fd)
(/usr/share/texlive/texmf-dist/tex/latex/microtype/mt-msb.cfg) [0{/var/lib/texm
f/fonts/map/pdftex/updmap/pdftex.map}{/usr/share/texmf/fonts/enc/dvips/lm/lm-ec
.enc}{/usr/share/texmf/fonts/enc/dvips/lm/lm-ts1.enc}{/usr/share/texmf/fonts/en
c/dvips/lm/lm-rm.enc}{/usr/share/texmf/fonts/enc/dvips/lm/lm-mathit.enc}]
[1] [2 <./research/peer-review/figures-png/fig01-paradigm-shift.png> <./researc
h/peer-review/figures-png/fig06-benchmark-freshness.png>]
Underfull \hbox (badness 10000) in paragraph at lines 469--475


Underfull \hbox (badness 10000) in paragraph at lines 475--478

[3{/usr/share/texmf/fonts/enc/dvips/lm/lm-mathsy.enc} <./research/peer-review/f
igures-png/fig02-system-architecture.png>]
Underfull \hbox (badness 2213) in paragraph at lines 514--518
[]\T1/lmr/m/n/11 (+20) Let $[][] \OT1/lmr/m/n/11 (+20) = []([]\OML/lmm/m/it/11 
; \OT1/lmr/m/n/11 (+20) 0\OML/lmm/m/it/11 ; \OT1/lmr/m/n/11 (+20) 100)$\T1/lmr/
m/n/11 (+20) . With di-rec-tion flag ``higher raw is worse'', $[][] \OT1/lmr/m/
n/11 (+20) =
[4{/usr/share/texmf/fonts/enc/dvips/lm/lm-mathex.enc}]
(/usr/share/texmf/tex/latex/lm/ts1lmtt.fd) [5]
Underfull \hbox (badness 10000) in paragraph at lines 708--716
\T1/lmr/m/n/11 (+20) to the Layer[]4 keys $[]$, $[]$,
[6 <./research/peer-review/figures-png/fig03-nfsi-layers.png>]
Underfull \hbox (badness 10000) in alignment at lines 776--786
[] [] []

Underfull \hbox (badness 10000) in alignment at lines 786--788
[] [] []

Underfull \hbox (badness 10000) in alignment at lines 788--795
[] [] []
[7 <./research/peer-review/figures-png/fig05-stress-fault-tree.png>]
Underfull \hbox (badness 10000) in paragraph at lines 960--964
[][][][][][][][][][][][][][][][][][][][][][][][][][][][][][][][][][][][][][][][
][][][][][][]\T1/lmr/m/n/11 (+20) )
[8]
Underfull \hbox (badness 10000) in alignment at lines 974--984
[] [] []

Underfull \hbox (badness 10000) in alignment at lines 984--986
[] [] []

Underfull \hbox (badness 10000) in alignment at lines 986--1005
[] [] []
[9]
Underfull \hbox (badness 10000) in alignment at lines 1054--1070
[] [] [] [] [] []

Underfull \hbox (badness 10000) in alignment at lines 1070--1072
[] [] [] [] [] []

Overfull \hbox (20.67561pt too wide) in paragraph at lines 1080--1080
[]|[] 

Overfull \hbox (34.85059pt too wide) in paragraph at lines 1084--1084
[]|[] 

Overfull \hbox (30.1256pt too wide) in paragraph at lines 1091--1091
[]|[] 

Overfull \hbox (20.67561pt too wide) in paragraph at lines 1094--1094
[]|[] 

Overfull \hbox (30.1256pt too wide) in paragraph at lines 1097--1097
[]|[] 

Overfull \hbox (6.50064pt too wide) in paragraph at lines 1100--1100
[]|[] 

Overfull \hbox (15.95062pt too wide) in paragraph at lines 1103--1103
[]|[] 

Overfull \hbox (20.67561pt too wide) in paragraph at lines 1106--1106
[]|[] 

Overfull \hbox (30.1256pt too wide) in paragraph at lines 1109--1109
[]|[] 

Overfull \hbox (30.1256pt too wide) in paragraph at lines 1112--1112
[]|[] 

Overfull \hbox (1.77565pt too wide) in paragraph at lines 1120--1120
[]|[] 

Overfull \hbox (1.77565pt too wide) in paragraph at lines 1128--1128
[]|[] 

Overfull \hbox (15.95062pt too wide) in paragraph at lines 1132--1132
[]|[] 

Overfull \hbox (15.95062pt too wide) in paragraph at lines 1136--1136
[]|[] 

Overfull \hbox (6.50064pt too wide) in paragraph at lines 1144--1144
[]|[] 

Overfull \hbox (6.50064pt too wide) in paragraph at lines 1148--1148
[]|[] 

Overfull \hbox (6.50064pt too wide) in paragraph at lines 1152--1152
[]|[] 

Overfull \hbox (6.50064pt too wide) in paragraph at lines 1156--1156
[]|[] 

Overfull \hbox (6.50064pt too wide) in paragraph at lines 1160--1160
[]|[] 

Overfull \hbox (1.77565pt too wide) in paragraph at lines 1164--1164
[]|[] 

Overfull \hbox (15.95062pt too wide) in paragraph at lines 1168--1168
[]|[] 

Overfull \hbox (6.50064pt too wide) in paragraph at lines 1176--1176
[]|[] 

Overfull \hbox (6.50064pt too wide) in paragraph at lines 1180--1180
[]|[] 

Overfull \hbox (15.95062pt too wide) in paragraph at lines 1188--1188
[]|[] 

Overfull \hbox (15.95062pt too wide) in paragraph at lines 1191--1191
[]|[] 

Overfull \hbox (11.22563pt too wide) in paragraph at lines 1194--1194
[]|[] 

Overfull \hbox (25.4006pt too wide) in paragraph at lines 1197--1197
[]|[] 

Overfull \hbox (30.1256pt too wide) in paragraph at lines 1200--1200
[]|[] 

Overfull \hbox (34.85059pt too wide) in paragraph at lines 1203--1203
[]|[] 

Overfull \hbox (20.67561pt too wide) in paragraph at lines 1206--1206
[]|[] 

Overfull \hbox (6.50064pt too wide) in paragraph at lines 1209--1209
[]|[] 

Overfull \hbox (44.30057pt too wide) in paragraph at lines 1226--1226
[]|[] 

Overfull \hbox (39.57558pt too wide) in paragraph at lines 1233--1233
[]|[] 

Overfull \hbox (6.50064pt too wide) in paragraph at lines 1236--1236
[]|[] 

Overfull \hbox (6.50064pt too wide) in paragraph at lines 1239--1239
[]|[] 

Overfull \hbox (6.50064pt too wide) in paragraph at lines 1242--1242
[]|[] 

Overfull \hbox (20.67561pt too wide) in paragraph at lines 1247--1247
[]|[] 

Overfull \hbox (53.03761pt too wide) in paragraph at lines 1257--1257
[]|\T1/lmr/m/n/9 (-20) warning,partial_warning,situation_warning|  

Overfull \hbox (11.22563pt too wide) in paragraph at lines 1267--1267
[]|[] 

Overfull \hbox (15.95062pt too wide) in paragraph at lines 1272--1272
[]|[] 

Underfull \hbox (badness 10000) in alignment at lines 1072--1274
[] [] [] [] [] []
[10] [11] [12]
Underfull \hbox (badness 10000) in paragraph at lines 1304--1307


Underfull \hbox (badness 10000) in paragraph at lines 1307--1310

[13]
Overfull \hbox (8.75752pt too wide) in paragraph at lines 1528--1528
[]|[] 
[14]
Underfull \hbox (badness 10000) in alignment at lines 1583--1587
[] [] []

Underfull \hbox (badness 10000) in alignment at lines 1587--1589
[] [] []

Underfull \hbox (badness 10000) in alignment at lines 1589--1592
[] [] []

Underfull \hbox (badness 10000) in alignment at lines 1625--1635
[] [] []

Underfull \hbox (badness 10000) in alignment at lines 1635--1637
[] [] []

Underfull \hbox (badness 10000) in alignment at lines 1637--1644
[] [] []
[15]
Underfull \hbox (badness 10000) in alignment at lines 1664--1674
[] [] []

Underfull \hbox (badness 10000) in alignment at lines 1674--1676
[] [] []

Underfull \hbox (badness 10000) in alignment at lines 1676--1683
[] [] []

Underfull \hbox (badness 10000) in alignment at lines 1703--1717
[] [] [] [] []

Underfull \hbox (badness 10000) in alignment at lines 1717--1719
[] [] [] [] []

Underfull \hbox (badness 10000) in alignment at lines 1719--1735
[] [] [] [] []
[16] [17 <./research/peer-review/figures-png/fig08-sensitivity-mean-abs.png>]
[18] [19] [20] [21] [22] [23]
Overfull \hbox (12.52473pt too wide) in paragraph at lines 2552--2552
[]|[] 

Overfull \hbox (26.6997pt too wide) in paragraph at lines 2558--2558
[]|[] 

Overfull \hbox (12.52473pt too wide) in paragraph at lines 2561--2561
[]|[] 

Overfull \hbox (45.59967pt too wide) in paragraph at lines 2579--2579
[]|[] 

Overfull \hbox (17.24973pt too wide) in paragraph at lines 2584--2584
[]|[] 

Overfull \hbox (7.79974pt too wide) in paragraph at lines 2614--2614
[]|[] 

Overfull \hbox (31.4247pt too wide) in paragraph at lines 2620--2620
[]|[] 

Overfull \hbox (7.79974pt too wide) in paragraph at lines 2633--2633
[]|[] 

Overfull \hbox (12.52473pt too wide) in paragraph at lines 2645--2645
[]|[] 

Overfull \hbox (3.07475pt too wide) in paragraph at lines 2652--2652
[]|[] 

Overfull \hbox (26.6997pt too wide) in paragraph at lines 2661--2661
[]|[] 

Overfull \hbox (17.24973pt too wide) in paragraph at lines 2667--2667
[]|[] 

Overfull \hbox (3.07475pt too wide) in paragraph at lines 2670--2670
[]|[] 
[24]
Overfull \hbox (31.4247pt too wide) in paragraph at lines 2707--2707
[]|[] 

Overfull \hbox (26.6997pt too wide) in paragraph at lines 2715--2715
[]|[] 
[25] [26]
Underfull \hbox (badness 10000) in alignment at lines 2841--2851
[] [] []

Underfull \hbox (badness 10000) in alignment at lines 2851--2853
[] [] []

Underfull \hbox (badness 10000) in alignment at lines 2853--2871
[] [] []
[27]
Underfull \hbox (badness 10000) in alignment at lines 2906--2916
[] [] []

Underfull \hbox (badness 10000) in alignment at lines 2916--2918
[] [] []

Overfull \hbox (46.92517pt too wide) in paragraph at lines 2949--2950
[][] 

Overfull \hbox (28.0252pt too wide) in paragraph at lines 2983--2984
[][] 

Overfull \hbox (42.20018pt too wide) in paragraph at lines 2986--2987
[][] 

Overfull \hbox (9.12524pt too wide) in paragraph at lines 2989--2990
[][] 

Overfull \hbox (9.12524pt too wide) in paragraph at lines 2992--2993
[][] 

Overfull \hbox (42.20018pt too wide) in paragraph at lines 3032--3033
[][] 

Overfull \hbox (18.57523pt too wide) in paragraph at lines 3035--3036
[][] 

Overfull \hbox (18.57523pt too wide) in paragraph at lines 3038--3039
[][] 

Overfull \hbox (32.7502pt too wide) in paragraph at lines 3041--3042
[][] 

Underfull \hbox (badness 10000) in alignment at lines 2918--3058
[] [] []
[28] [29] [30]
(/var/www/clients/client1/web3/web/research-review-en/research/deposit/build/ma
nuscript-peer-review-ieee.aux) )
(see the transcript file for additional information)</usr/share/texmf/fonts/typ
e1/public/lm/lmbx12.pfb></usr/share/texmf/fonts/type1/public/lm/lmbx8.pfb></usr
/share/texmf/fonts/type1/public/lm/lmbx9.pfb></usr/share/texmf/fonts/type1/publ
ic/lm/lmbxi10.pfb></usr/share/texmf/fonts/type1/public/lm/lmcsc10.pfb></usr/sha
re/texmf/fonts/type1/public/lm/lmex10.pfb></usr/share/texmf/fonts/type1/public/
lm/lmmi12.pfb></usr/share/texmf/fonts/type1/public/lm/lmmi6.pfb></usr/share/tex
mf/fonts/type1/public/lm/lmmi8.pfb></usr/share/texmf/fonts/type1/public/lm/lmmi
9.pfb></usr/share/texmf/fonts/type1/public/lm/lmr12.pfb></usr/share/texmf/fonts
/type1/public/lm/lmr17.pfb></usr/share/texmf/fonts/type1/public/lm/lmr6.pfb></u
sr/share/texmf/fonts/type1/public/lm/lmr8.pfb></usr/share/texmf/fonts/type1/pub
lic/lm/lmr9.pfb></usr/share/texmf/fonts/type1/public/lm/lmri12.pfb></usr/share/
texmf/fonts/type1/public/lm/lmsy10.pfb></usr/share/texmf/fonts/type1/public/lm/
lmsy6.pfb></usr/share/texmf/fonts/type1/public/lm/lmsy8.pfb></usr/share/texmf/f
onts/type1/public/lm/lmsy9.pfb></usr/share/texmf/fonts/type1/public/lm/lmtk10.p
fb></usr/share/texmf/fonts/type1/public/lm/lmtt12.pfb></usr/share/texmf/fonts/t
ype1/public/lm/lmtt9.pfb></usr/share/texmf/fonts/type1/public/lm/lmtti10.pfb>
Output written on /var/www/clients/client1/web3/web/research-review-en/research
/deposit/build/manuscript-peer-review-ieee.pdf (31 pages, 782780 bytes).
Transcript written on /var/www/clients/client1/web3/web/research-review-en/rese
arch/deposit/build/manuscript-peer-review-ieee.log.
This is pdfTeX, Version 3.141592653-2.6-1.40.25 (TeX Live 2023/Debian) (preloaded format=pdflatex)
 restricted \write18 enabled.
entering extended mode

(/var/www/clients/client1/web3/web/research-review-en/research/deposit/build/ma
nuscript-peer-review-ieee.tex
LaTeX2e <2023-11-01> patch level 1
L3 programming layer <2024-01-22>

(/var/www/clients/client1/web3/web/research-review-en/research/latex/vendor/IEE
Etran/IEEEtran.cls
Document Class: IEEEtran 2015/08/26 V1.8b by Michael Shell
-- See the "IEEEtran_HOWTO" manual for usage information.
-- http://www.michaelshell.org/tex/ieeetran/
(/usr/share/texlive/texmf-dist/tex/latex/psnfss/ot1ptm.fd)
** ATTENTION: Single column mode is not typically used with IEEE publications.
-- Using 8.5in x 11in (letter) paper.
-- Using PDF output.
-- This is an 11 point document.
) (/usr/share/texlive/texmf-dist/tex/latex/amsmath/amsmath.sty
For additional information on amsmath, use the `?' option.
(/usr/share/texlive/texmf-dist/tex/latex/amsmath/amstext.sty
(/usr/share/texlive/texmf-dist/tex/latex/amsmath/amsgen.sty))
(/usr/share/texlive/texmf-dist/tex/latex/amsmath/amsbsy.sty)
(/usr/share/texlive/texmf-dist/tex/latex/amsmath/amsopn.sty))
(/usr/share/texlive/texmf-dist/tex/latex/amsfonts/amssymb.sty
(/usr/share/texlive/texmf-dist/tex/latex/amsfonts/amsfonts.sty))
(/usr/share/texlive/texmf-dist/tex/generic/iftex/iftex.sty)
(/usr/share/texlive/texmf-dist/tex/latex/base/fontenc.sty
(/usr/share/texlive/texmf-dist/tex/latex/psnfss/t1ptm.fd))
(/usr/share/texlive/texmf-dist/tex/latex/base/inputenc.sty)
(/usr/share/texlive/texmf-dist/tex/latex/base/textcomp.sty)
(/usr/share/texmf/tex/latex/lm/lmodern.sty)
(/usr/share/texlive/texmf-dist/tex/latex/upquote/upquote.sty)
(/usr/share/texlive/texmf-dist/tex/latex/microtype/microtype.sty
(/usr/share/texlive/texmf-dist/tex/latex/graphics/keyval.sty)
(/usr/share/texlive/texmf-dist/tex/latex/etoolbox/etoolbox.sty)
(/usr/share/texlive/texmf-dist/tex/latex/microtype/microtype-pdftex.def)
(/usr/share/texlive/texmf-dist/tex/latex/microtype/microtype.cfg))
(/usr/share/texlive/texmf-dist/tex/latex/parskip/parskip.sty
(/usr/share/texlive/texmf-dist/tex/latex/kvoptions/kvoptions.sty
(/usr/share/texlive/texmf-dist/tex/generic/ltxcmds/ltxcmds.sty)
(/usr/share/texlive/texmf-dist/tex/latex/kvsetkeys/kvsetkeys.sty)))
(/usr/share/texlive/texmf-dist/tex/latex/xcolor/xcolor.sty
(/usr/share/texlive/texmf-dist/tex/latex/graphics-cfg/color.cfg)
(/usr/share/texlive/texmf-dist/tex/latex/graphics-def/pdftex.def)
(/usr/share/texlive/texmf-dist/tex/latex/graphics/mathcolor.ltx))
(/usr/share/texlive/texmf-dist/tex/latex/listings/listings.sty
(/usr/share/texlive/texmf-dist/tex/latex/listings/lstmisc.sty)
(/usr/share/texlive/texmf-dist/tex/latex/listings/listings.cfg))
(/usr/share/texlive/texmf-dist/tex/latex/tools/longtable.sty)
(/usr/share/texlive/texmf-dist/tex/latex/booktabs/booktabs.sty)
(/usr/share/texlive/texmf-dist/tex/latex/tools/array.sty)
(/usr/share/texlive/texmf-dist/tex/latex/tools/calc.sty)
(/usr/share/texlive/texmf-dist/tex/latex/footnotehyper/footnotehyper.sty)
(/usr/share/texlive/texmf-dist/tex/latex/graphics/graphicx.sty
(/usr/share/texlive/texmf-dist/tex/latex/graphics/graphics.sty
(/usr/share/texlive/texmf-dist/tex/latex/graphics/trig.sty)
(/usr/share/texlive/texmf-dist/tex/latex/graphics-cfg/graphics.cfg)))
(/usr/share/texlive/texmf-dist/tex/latex/base/fontenc.sty
(/usr/share/texmf/tex/latex/lm/t1lmr.fd))
(/usr/share/texlive/texmf-dist/tex/latex/listingsutf8/listingsutf8.sty
(/usr/share/texlive/texmf-dist/tex/generic/pdftexcmds/pdftexcmds.sty
(/usr/share/texlive/texmf-dist/tex/generic/infwarerr/infwarerr.sty))
(/usr/share/texlive/texmf-dist/tex/generic/stringenc/stringenc.sty
(/usr/share/texlive/texmf-dist/tex/generic/pdfescape/pdfescape.sty)))
(/usr/share/texlive/texmf-dist/tex/latex/xurl/xurl.sty
(/usr/share/texlive/texmf-dist/tex/latex/url/url.sty))
(/usr/share/texlive/texmf-dist/tex/latex/adjustbox/adjustbox.sty
(/usr/share/texlive/texmf-dist/tex/latex/xkeyval/xkeyval.sty
(/usr/share/texlive/texmf-dist/tex/generic/xkeyval/xkeyval.tex
(/usr/share/texlive/texmf-dist/tex/generic/xkeyval/xkvutils.tex)))
(/usr/share/texlive/texmf-dist/tex/latex/adjustbox/adjcalc.sty)
(/usr/share/texlive/texmf-dist/tex/latex/adjustbox/trimclip.sty
(/usr/share/texlive/texmf-dist/tex/latex/collectbox/collectbox.sty)
(/usr/share/texlive/texmf-dist/tex/latex/adjustbox/tc-pdftex.def))
(/usr/share/texlive/texmf-dist/tex/latex/ifoddpage/ifoddpage.sty)
(/usr/share/texlive/texmf-dist/tex/latex/varwidth/varwidth.sty))
(/usr/share/texlive/texmf-dist/tex/latex/pdflscape/pdflscape.sty
(/usr/share/texlive/texmf-dist/tex/latex/pdflscape/pdflscape-nometadata.sty
(/usr/share/texlive/texmf-dist/tex/latex/graphics/lscape.sty)))
(/usr/share/texlive/texmf-dist/tex/latex/tools/tabularx.sty)
(/usr/share/texlive/texmf-dist/tex/latex/ragged2e/ragged2e.sty)
(/usr/share/texlive/texmf-dist/tex/latex/bookmark/bookmark.sty
(/usr/share/texlive/texmf-dist/tex/latex/hyperref/hyperref.sty
(/usr/share/texlive/texmf-dist/tex/generic/kvdefinekeys/kvdefinekeys.sty)
(/usr/share/texlive/texmf-dist/tex/latex/hycolor/hycolor.sty)
(/usr/share/texlive/texmf-dist/tex/latex/auxhook/auxhook.sty)
(/usr/share/texlive/texmf-dist/tex/latex/hyperref/nameref.sty
(/usr/share/texlive/texmf-dist/tex/latex/refcount/refcount.sty)
(/usr/share/texlive/texmf-dist/tex/generic/gettitlestring/gettitlestring.sty))
(/usr/share/texlive/texmf-dist/tex/latex/hyperref/pd1enc.def)
(/usr/share/texlive/texmf-dist/tex/generic/intcalc/intcalc.sty)
(/usr/share/texlive/texmf-dist/tex/latex/hyperref/puenc.def)
(/usr/share/texlive/texmf-dist/tex/generic/bitset/bitset.sty
(/usr/share/texlive/texmf-dist/tex/generic/bigintcalc/bigintcalc.sty))
(/usr/share/texlive/texmf-dist/tex/latex/base/atbegshi-ltx.sty))
(/usr/share/texlive/texmf-dist/tex/latex/hyperref/hpdftex.def
(/usr/share/texlive/texmf-dist/tex/latex/base/atveryend-ltx.sty)
(/usr/share/texlive/texmf-dist/tex/latex/rerunfilecheck/rerunfilecheck.sty
(/usr/share/texlive/texmf-dist/tex/generic/uniquecounter/uniquecounter.sty)))
(/usr/share/texlive/texmf-dist/tex/latex/bookmark/bkm-pdftex.def))
(/usr/share/texlive/texmf-dist/tex/latex/l3backend/l3backend-pdftex.def)
(/var/www/clients/client1/web3/web/research-review-en/research/deposit/build/ma
nuscript-peer-review-ieee.aux)
-- Lines per column: 52 (exact).
(/usr/share/texlive/texmf-dist/tex/latex/microtype/mt-cmr.cfg)
(/usr/share/texlive/texmf-dist/tex/context/base/mkii/supp-pdf.mkii
[Loading MPS to PDF converter (version 2006.09.02).]
) (/usr/share/texlive/texmf-dist/tex/latex/epstopdf-pkg/epstopdf-base.sty
(/usr/share/texlive/texmf-dist/tex/latex/latexconfig/epstopdf-sys.cfg))
(/usr/share/texmf/tex/latex/lm/ts1lmr.fd)
(/usr/share/texmf/tex/latex/lm/t1lmtt.fd)
(/usr/share/texmf/tex/latex/lm/ot1lmr.fd)
(/usr/share/texmf/tex/latex/lm/omllmm.fd)
(/usr/share/texmf/tex/latex/lm/omslmsy.fd)
(/usr/share/texmf/tex/latex/lm/omxlmex.fd)
(/usr/share/texlive/texmf-dist/tex/latex/amsfonts/umsa.fd)
(/usr/share/texlive/texmf-dist/tex/latex/microtype/mt-msa.cfg)
(/usr/share/texlive/texmf-dist/tex/latex/amsfonts/umsb.fd)
(/usr/share/texlive/texmf-dist/tex/latex/microtype/mt-msb.cfg) [0{/var/lib/texm
f/fonts/map/pdftex/updmap/pdftex.map}{/usr/share/texmf/fonts/enc/dvips/lm/lm-ec
.enc}{/usr/share/texmf/fonts/enc/dvips/lm/lm-ts1.enc}{/usr/share/texmf/fonts/en
c/dvips/lm/lm-rm.enc}{/usr/share/texmf/fonts/enc/dvips/lm/lm-mathit.enc}]
[1] [2 <./research/peer-review/figures-png/fig01-paradigm-shift.png> <./researc
h/peer-review/figures-png/fig06-benchmark-freshness.png>]
Underfull \hbox (badness 10000) in paragraph at lines 469--475


Underfull \hbox (badness 10000) in paragraph at lines 475--478

[3{/usr/share/texmf/fonts/enc/dvips/lm/lm-mathsy.enc} <./research/peer-review/f
igures-png/fig02-system-architecture.png>]
Underfull \hbox (badness 2213) in paragraph at lines 514--518
[]\T1/lmr/m/n/11 (+20) Let $[][] \OT1/lmr/m/n/11 (+20) = []([]\OML/lmm/m/it/11 
; \OT1/lmr/m/n/11 (+20) 0\OML/lmm/m/it/11 ; \OT1/lmr/m/n/11 (+20) 100)$\T1/lmr/
m/n/11 (+20) . With di-rec-tion flag ``higher raw is worse'', $[][] \OT1/lmr/m/
n/11 (+20) =
[4{/usr/share/texmf/fonts/enc/dvips/lm/lm-mathex.enc}]
(/usr/share/texmf/tex/latex/lm/ts1lmtt.fd) [5]
Underfull \hbox (badness 10000) in paragraph at lines 708--716
\T1/lmr/m/n/11 (+20) to the Layer[]4 keys $[]$, $[]$,
[6 <./research/peer-review/figures-png/fig03-nfsi-layers.png>]
Underfull \hbox (badness 10000) in alignment at lines 776--786
[] [] []

Underfull \hbox (badness 10000) in alignment at lines 786--788
[] [] []

Underfull \hbox (badness 10000) in alignment at lines 788--795
[] [] []
[7 <./research/peer-review/figures-png/fig05-stress-fault-tree.png>]
Underfull \hbox (badness 10000) in paragraph at lines 960--964
[][][][][][][][][][][][][][][][][][][][][][][][][][][][][][][][][][][][][][][][
][][][][][][]\T1/lmr/m/n/11 (+20) )
[8]
Underfull \hbox (badness 10000) in alignment at lines 974--984
[] [] []

Underfull \hbox (badness 10000) in alignment at lines 984--986
[] [] []

Underfull \hbox (badness 10000) in alignment at lines 986--1005
[] [] []

Underfull \hbox (badness 10000) in alignment at lines 1051--1067
[] [] [] [] [] []

Underfull \hbox (badness 10000) in alignment at lines 1067--1069
[] [] [] [] [] []

Overfull \hbox (15.5983pt too wide) in paragraph at lines 1072--1072
[]|[] 

Overfull \hbox (8.85649pt too wide) in paragraph at lines 1075--1075
[]|\T1/lmr/m/n/9 (-20) AcledMonthAllOverview|  

Overfull \hbox (53.39822pt too wide) in paragraph at lines 1077--1077
[]|[] 

Overfull \hbox (18.04402pt too wide) in paragraph at lines 1080--1080
[]|\T1/lmr/m/n/9 (-20) CountriesConflictUcdpGed|  

Overfull \hbox (67.5732pt too wide) in paragraph at lines 1081--1081
[]|[] 

Overfull \hbox (16.75223pt too wide) in paragraph at lines 1084--1084
[]|\T1/lmr/m/n/9 (-20) CountriesCurrencyFromFa|  

Overfull \hbox (25.04828pt too wide) in paragraph at lines 1085--1085
[]|[] 

Overfull \hbox (15.48378pt too wide) in paragraph at lines 1087--1087
[]|\T1/lmr/m/n/9 (-20) CountriesGdeltGlobRadar|  

Overfull \hbox (62.8482pt too wide) in paragraph at lines 1088--1088
[]|[] 

Overfull \hbox (8.84053pt too wide) in paragraph at lines 1090--1090
[]|\T1/lmr/m/n/9 (-20) CountriesNetAbuseIpDb|  

Overfull \hbox (53.39822pt too wide) in paragraph at lines 1091--1091
[]|[] 

Overfull \hbox (19.82977pt too wide) in paragraph at lines 1093--1093
[]|\T1/lmr/m/n/9 (-20) CountriesNetGrpTrfcAnom|  

Overfull \hbox (62.8482pt too wide) in paragraph at lines 1094--1094
[]|[] 

Overfull \hbox (39.22325pt too wide) in paragraph at lines 1097--1097
[]|[] 

Overfull \hbox (4.13461pt too wide) in paragraph at lines 1099--1099
[]|\T1/lmr/m/n/9 (-20) CountriesNetTrfcAnom|  

Overfull \hbox (48.67323pt too wide) in paragraph at lines 1100--1100
[]|[] 

Overfull \hbox (6.71132pt too wide) in paragraph at lines 1102--1102
[]|\T1/lmr/m/n/9 (-20) CountriesPopPrisn100K|  

Overfull \hbox (8.8158pt too wide) in paragraph at lines 1102--1102
[]|\T1/lmr/m/n/9 (-20) Prison_population_rate|  

Overfull \hbox (53.39822pt too wide) in paragraph at lines 1103--1103
[]|[] 

Overfull \hbox (14.11719pt too wide) in paragraph at lines 1105--1105
[]|\T1/lmr/m/n/9 (-20) CountriesVatRatesApiVer|  

Overfull \hbox (62.8482pt too wide) in paragraph at lines 1106--1106
[]|[] 

Overfull \hbox (15.98264pt too wide) in paragraph at lines 1108--1108
[]|\T1/lmr/m/n/9 (-20) CountriesVatRatesVatLup|  

Overfull \hbox (62.8482pt too wide) in paragraph at lines 1109--1109
[]|[] 

Overfull \hbox (25.04828pt too wide) in paragraph at lines 1113--1113
[]|[] 

Overfull \hbox (34.49826pt too wide) in paragraph at lines 1117--1117
[]|[] 

Overfull \hbox (29.77327pt too wide) in paragraph at lines 1121--1121
[]|[] 

Overfull \hbox (34.49826pt too wide) in paragraph at lines 1125--1125
[]|[] 

Overfull \hbox (4.61653pt too wide) in paragraph at lines 1127--1127
[]|\T1/lmr/m/n/9 (-20) CountriesWbCpiTotlZg|  

Overfull \hbox (48.67323pt too wide) in paragraph at lines 1129--1129
[]|[] 

Overfull \hbox (4.72624pt too wide) in paragraph at lines 1131--1131
[]|\T1/lmr/m/n/9 (-20) CountriesWbFpCpiTotl|  

Overfull \hbox (48.67323pt too wide) in paragraph at lines 1133--1133
[]|[] 

Overfull \hbox (25.04828pt too wide) in paragraph at lines 1137--1137
[]|[] 

Overfull \hbox (39.22325pt too wide) in paragraph at lines 1141--1141
[]|[] 

Overfull \hbox (39.22325pt too wide) in paragraph at lines 1145--1145
[]|[] 

Overfull \hbox (1.60393pt too wide) in paragraph at lines 1147--1147
[]|\T1/lmr/m/n/9 (-20) CountriesWbPopDpnd|  

Overfull \hbox (39.22325pt too wide) in paragraph at lines 1149--1149
[]|[] 

Overfull \hbox (1.05293pt too wide) in paragraph at lines 1151--1151
[]|\T1/lmr/m/n/9 (-20) CountriesWbPopGrow|  

Overfull \hbox (39.22325pt too wide) in paragraph at lines 1153--1153
[]|[] 

Overfull \hbox (39.22325pt too wide) in paragraph at lines 1157--1157
[]|[] 

Overfull \hbox (34.49826pt too wide) in paragraph at lines 1161--1161
[]|[] 

Overfull \hbox (6.3057pt too wide) in paragraph at lines 1163--1163
[]|\T1/lmr/m/n/9 (-20) CountriesWbResTotlCd|  

Overfull \hbox (48.67323pt too wide) in paragraph at lines 1165--1165
[]|[] 

Overfull \hbox (29.77327pt too wide) in paragraph at lines 1169--1169
[]|[] 

Overfull \hbox (0.60446pt too wide) in paragraph at lines 1171--1171
[]|\T1/lmr/m/n/9 (-20) CountriesWbUem1524|  

Overfull \hbox (39.22325pt too wide) in paragraph at lines 1173--1173
[]|[] 

Overfull \hbox (39.22325pt too wide) in paragraph at lines 1177--1177
[]|[] 

Overfull \hbox (29.77327pt too wide) in paragraph at lines 1181--1181
[]|[] 

Overfull \hbox (10.4044pt too wide) in paragraph at lines 1183--1183
[]|\T1/lmr/m/n/9 (-20) CountriesWbWgiPvCcRl|  

Overfull \hbox (48.67323pt too wide) in paragraph at lines 1185--1185
[]|[] 

Overfull \hbox (3.67523pt too wide) in paragraph at lines 1187--1187
[]|\T1/lmr/m/n/9 (-20) CountryNewsRiskLevel|  

Overfull \hbox (48.67323pt too wide) in paragraph at lines 1188--1188
[]|[] 

Overfull \hbox (2.40567pt too wide) in paragraph at lines 1190--1190
[]|\T1/lmr/m/n/9 (-20) DisasterGdacsHumNat|  

Overfull \hbox (43.94824pt too wide) in paragraph at lines 1191--1191
[]|[] 

Overfull \hbox (17.93452pt too wide) in paragraph at lines 1193--1193
[]|\T1/lmr/m/n/9 (-20) EconFredHerCountScOvSc|  

Overfull \hbox (58.12321pt too wide) in paragraph at lines 1194--1194
[]|[] 

Overfull \hbox (21.63518pt too wide) in paragraph at lines 1196--1196
[]|\T1/lmr/m/n/9 (-20) EconFredHerCountScRanks|  

Overfull \hbox (62.8482pt too wide) in paragraph at lines 1197--1197
[]|[] 

Overfull \hbox (22.63704pt too wide) in paragraph at lines 1199--1199
[]|\T1/lmr/m/n/9 (-20) EconFredHerCountScRights|  

Overfull \hbox (67.5732pt too wide) in paragraph at lines 1200--1200
[]|[] 

Overfull \hbox (12.12749pt too wide) in paragraph at lines 1202--1202
[]|\T1/lmr/m/n/9 (-20) EconFredHerCountScTax|  

Overfull \hbox (53.39822pt too wide) in paragraph at lines 1203--1203
[]|[] 

Overfull \hbox (39.22325pt too wide) in paragraph at lines 1206--1206
[]|[] 

Overfull \hbox (25.04828pt too wide) in paragraph at lines 1209--1209
[]|[] 

Overfull \hbox (15.5983pt too wide) in paragraph at lines 1220--1220
[]|[] 

Overfull \hbox (6.95354pt too wide) in paragraph at lines 1222--1222
[]|\T1/lmr/m/n/9 (-20) NfMilitaryMassViolence|  

Overfull \hbox (10.284pt too wide) in paragraph at lines 1222--1222
[]|\T1/lmr/m/n/9 (-20) mlmv_actor_day_stress|  

Overfull \hbox (77.02318pt too wide) in paragraph at lines 1223--1223
[]|[] 

Overfull \hbox (25.04828pt too wide) in paragraph at lines 1227--1227
[]|[] 

Overfull \hbox (27.99376pt too wide) in paragraph at lines 1229--1229
[]|\T1/lmr/m/n/9 (-20) NfRawNewsSignalsEventRisk|  

Overfull \hbox (72.29819pt too wide) in paragraph at lines 1230--1230
[]|[] 

Overfull \hbox (5.6368pt too wide) in paragraph at lines 1232--1232
[]|\T1/lmr/m/n/9 (-20) OecdSdmxGdpvAnnpct|  

Overfull \hbox (39.22325pt too wide) in paragraph at lines 1233--1233
[]|[] 

Overfull \hbox (4.33334pt too wide) in paragraph at lines 1235--1235
[]|\T1/lmr/m/n/9 (-20) OWIDDemocracyIndex|  

Overfull \hbox (39.22325pt too wide) in paragraph at lines 1236--1236
[]|[] 

Overfull \hbox (39.22325pt too wide) in paragraph at lines 1239--1239
[]|[] 

Overfull \hbox (53.39822pt too wide) in paragraph at lines 1244--1244
[]|[] 

Overfull \hbox (6.14832pt too wide) in paragraph at lines 1246--1249
[] 

Overfull \hbox (20.32329pt too wide) in paragraph at lines 1249--1249
[]|[] 

Overfull \hbox (15.5983pt too wide) in paragraph at lines 1252--1252
[]|[] 

Overfull \hbox (85.76022pt too wide) in paragraph at lines 1254--1254
[]|\T1/lmr/m/n/9 (-20) warning,partial_warning,situation_warning|  

Overfull \hbox (1.42332pt too wide) in paragraph at lines 1255--1255
[]|[] 

Overfull \hbox (20.32329pt too wide) in paragraph at lines 1258--1258
[]|[] 

Overfull \hbox (1.42332pt too wide) in paragraph at lines 1261--1261
[]|[] 

Overfull \hbox (2.29312pt too wide) in paragraph at lines 1263--1263
[]|\T1/lmr/m/n/9 (-20) WorldEarthQuakeUsgs|  

Overfull \hbox (43.94824pt too wide) in paragraph at lines 1264--1264
[]|[] 

Overfull \hbox (3.48485pt too wide) in paragraph at lines 1266--1266
[]|\T1/lmr/m/n/9 (-20) WorldUnivDataSetIpsa|  

Overfull \hbox (48.67323pt too wide) in paragraph at lines 1269--1269
[]|[] 

Underfull \hbox (badness 10000) in alignment at lines 1069--1271
[] [] [] [] [] []
[9] [10] [11]
Underfull \hbox (badness 10000) in paragraph at lines 1298--1301


Underfull \hbox (badness 10000) in paragraph at lines 1301--1304

[12] [13]
Overfull \hbox (8.75752pt too wide) in paragraph at lines 1522--1522
[]|[] 
[14]
Underfull \hbox (badness 10000) in alignment at lines 1577--1581
[] [] []

Underfull \hbox (badness 10000) in alignment at lines 1581--1583
[] [] []

Underfull \hbox (badness 10000) in alignment at lines 1583--1586
[] [] []

Underfull \hbox (badness 10000) in alignment at lines 1619--1629
[] [] []

Underfull \hbox (badness 10000) in alignment at lines 1629--1631
[] [] []

Underfull \hbox (badness 10000) in alignment at lines 1631--1638
[] [] []

Underfull \hbox (badness 10000) in alignment at lines 1658--1668
[] [] []

Underfull \hbox (badness 10000) in alignment at lines 1668--1670
[] [] []

Underfull \hbox (badness 10000) in alignment at lines 1670--1677
[] [] []

Underfull \hbox (badness 10000) in alignment at lines 1697--1711
[] [] [] [] []

Underfull \hbox (badness 10000) in alignment at lines 1711--1713
[] [] [] [] []

Underfull \hbox (badness 10000) in alignment at lines 1713--1729
[] [] [] [] []
[15] [16 <./research/peer-review/figures-png/fig08-sensitivity-mean-abs.png>]
[17] [18] [19] [20] [21] [22]
Overfull \hbox (12.52473pt too wide) in paragraph at lines 2546--2546
[]|[] 

Overfull \hbox (26.6997pt too wide) in paragraph at lines 2552--2552
[]|[] 

Overfull \hbox (12.52473pt too wide) in paragraph at lines 2555--2555
[]|[] 

Overfull \hbox (45.59967pt too wide) in paragraph at lines 2573--2573
[]|[] 

Overfull \hbox (17.24973pt too wide) in paragraph at lines 2578--2578
[]|[] 
[23]
Overfull \hbox (7.79974pt too wide) in paragraph at lines 2608--2608
[]|[] 

Overfull \hbox (31.4247pt too wide) in paragraph at lines 2614--2614
[]|[] 

Overfull \hbox (7.79974pt too wide) in paragraph at lines 2627--2627
[]|[] 

Overfull \hbox (12.52473pt too wide) in paragraph at lines 2639--2639
[]|[] 

Overfull \hbox (3.07475pt too wide) in paragraph at lines 2646--2646
[]|[] 

Overfull \hbox (26.6997pt too wide) in paragraph at lines 2655--2655
[]|[] 

Overfull \hbox (17.24973pt too wide) in paragraph at lines 2661--2661
[]|[] 

Overfull \hbox (3.07475pt too wide) in paragraph at lines 2664--2664
[]|[] 
[24]
Overfull \hbox (31.4247pt too wide) in paragraph at lines 2701--2701
[]|[] 

Overfull \hbox (26.6997pt too wide) in paragraph at lines 2709--2709
[]|[] 
[25] [26]
Underfull \hbox (badness 10000) in alignment at lines 2835--2845
[] [] []

Underfull \hbox (badness 10000) in alignment at lines 2845--2847
[] [] []

Underfull \hbox (badness 10000) in alignment at lines 2847--2865
[] [] []
[27]
Underfull \hbox (badness 10000) in alignment at lines 2900--2910
[] [] []

Underfull \hbox (badness 10000) in alignment at lines 2910--2912
[] [] []

Overfull \hbox (46.92517pt too wide) in paragraph at lines 2943--2944
[][] 

Overfull \hbox (28.0252pt too wide) in paragraph at lines 2977--2978
[][] 

Overfull \hbox (42.20018pt too wide) in paragraph at lines 2980--2981
[][] 

Overfull \hbox (9.12524pt too wide) in paragraph at lines 2983--2984
[][] 

Overfull \hbox (9.12524pt too wide) in paragraph at lines 2986--2987
[][] 

Overfull \hbox (42.20018pt too wide) in paragraph at lines 3026--3027
[][] 

Overfull \hbox (18.57523pt too wide) in paragraph at lines 3029--3030
[][] 

Overfull \hbox (18.57523pt too wide) in paragraph at lines 3032--3033
[][] 

Overfull \hbox (32.7502pt too wide) in paragraph at lines 3035--3036
[][] 

Underfull \hbox (badness 10000) in alignment at lines 2912--3052
[] [] []
[28] [29] [30]
(/var/www/clients/client1/web3/web/research-review-en/research/deposit/build/ma
nuscript-peer-review-ieee.aux) )
(see the transcript file for additional information)</usr/share/texmf/fonts/typ
e1/public/lm/lmbx12.pfb></usr/share/texmf/fonts/type1/public/lm/lmbx9.pfb></usr
/share/texmf/fonts/type1/public/lm/lmbxi10.pfb></usr/share/texmf/fonts/type1/pu
blic/lm/lmcsc10.pfb></usr/share/texmf/fonts/type1/public/lm/lmex10.pfb></usr/sh
are/texmf/fonts/type1/public/lm/lmmi12.pfb></usr/share/texmf/fonts/type1/public
/lm/lmmi6.pfb></usr/share/texmf/fonts/type1/public/lm/lmmi8.pfb></usr/share/tex
mf/fonts/type1/public/lm/lmmi9.pfb></usr/share/texmf/fonts/type1/public/lm/lmr1
2.pfb></usr/share/texmf/fonts/type1/public/lm/lmr17.pfb></usr/share/texmf/fonts
/type1/public/lm/lmr6.pfb></usr/share/texmf/fonts/type1/public/lm/lmr8.pfb></us
r/share/texmf/fonts/type1/public/lm/lmr9.pfb></usr/share/texmf/fonts/type1/publ
ic/lm/lmri12.pfb></usr/share/texmf/fonts/type1/public/lm/lmsy10.pfb></usr/share
/texmf/fonts/type1/public/lm/lmsy6.pfb></usr/share/texmf/fonts/type1/public/lm/
lmsy8.pfb></usr/share/texmf/fonts/type1/public/lm/lmsy9.pfb></usr/share/texmf/f
onts/type1/public/lm/lmtk10.pfb></usr/share/texmf/fonts/type1/public/lm/lmtt12.
pfb></usr/share/texmf/fonts/type1/public/lm/lmtt9.pfb></usr/share/texmf/fonts/t
ype1/public/lm/lmtti10.pfb>
Output written on /var/www/clients/client1/web3/web/research-review-en/research
/deposit/build/manuscript-peer-review-ieee.pdf (31 pages, 757946 bytes).
Transcript written on /var/www/clients/client1/web3/web/research-review-en/rese
arch/deposit/build/manuscript-peer-review-ieee.log.
This is pdfTeX, Version 3.141592653-2.6-1.40.25 (TeX Live 2023/Debian) (preloaded format=pdflatex)
 restricted \write18 enabled.
entering extended mode

(/var/www/clients/client1/web3/web/research-review-en/research/deposit/build/ma
nuscript-peer-review-ieee.tex
LaTeX2e <2023-11-01> patch level 1
L3 programming layer <2024-01-22>

(/var/www/clients/client1/web3/web/research-review-en/research/latex/vendor/IEE
Etran/IEEEtran.cls
Document Class: IEEEtran 2015/08/26 V1.8b by Michael Shell
-- See the "IEEEtran_HOWTO" manual for usage information.
-- http://www.michaelshell.org/tex/ieeetran/
(/usr/share/texlive/texmf-dist/tex/latex/psnfss/ot1ptm.fd)
** ATTENTION: Single column mode is not typically used with IEEE publications.
-- Using 8.5in x 11in (letter) paper.
-- Using PDF output.
-- This is an 11 point document.
) (/usr/share/texlive/texmf-dist/tex/latex/amsmath/amsmath.sty
For additional information on amsmath, use the `?' option.
(/usr/share/texlive/texmf-dist/tex/latex/amsmath/amstext.sty
(/usr/share/texlive/texmf-dist/tex/latex/amsmath/amsgen.sty))
(/usr/share/texlive/texmf-dist/tex/latex/amsmath/amsbsy.sty)
(/usr/share/texlive/texmf-dist/tex/latex/amsmath/amsopn.sty))
(/usr/share/texlive/texmf-dist/tex/latex/amsfonts/amssymb.sty
(/usr/share/texlive/texmf-dist/tex/latex/amsfonts/amsfonts.sty))
(/usr/share/texlive/texmf-dist/tex/generic/iftex/iftex.sty)
(/usr/share/texlive/texmf-dist/tex/latex/base/fontenc.sty
(/usr/share/texlive/texmf-dist/tex/latex/psnfss/t1ptm.fd))
(/usr/share/texlive/texmf-dist/tex/latex/base/inputenc.sty)
(/usr/share/texlive/texmf-dist/tex/latex/base/textcomp.sty)
(/usr/share/texmf/tex/latex/lm/lmodern.sty)
(/usr/share/texlive/texmf-dist/tex/latex/upquote/upquote.sty)
(/usr/share/texlive/texmf-dist/tex/latex/microtype/microtype.sty
(/usr/share/texlive/texmf-dist/tex/latex/graphics/keyval.sty)
(/usr/share/texlive/texmf-dist/tex/latex/etoolbox/etoolbox.sty)
(/usr/share/texlive/texmf-dist/tex/latex/microtype/microtype-pdftex.def)
(/usr/share/texlive/texmf-dist/tex/latex/microtype/microtype.cfg))
(/usr/share/texlive/texmf-dist/tex/latex/parskip/parskip.sty
(/usr/share/texlive/texmf-dist/tex/latex/kvoptions/kvoptions.sty
(/usr/share/texlive/texmf-dist/tex/generic/ltxcmds/ltxcmds.sty)
(/usr/share/texlive/texmf-dist/tex/latex/kvsetkeys/kvsetkeys.sty)))
(/usr/share/texlive/texmf-dist/tex/latex/xcolor/xcolor.sty
(/usr/share/texlive/texmf-dist/tex/latex/graphics-cfg/color.cfg)
(/usr/share/texlive/texmf-dist/tex/latex/graphics-def/pdftex.def)
(/usr/share/texlive/texmf-dist/tex/latex/graphics/mathcolor.ltx))
(/usr/share/texlive/texmf-dist/tex/latex/listings/listings.sty
(/usr/share/texlive/texmf-dist/tex/latex/listings/lstmisc.sty)
(/usr/share/texlive/texmf-dist/tex/latex/listings/listings.cfg))
(/usr/share/texlive/texmf-dist/tex/latex/tools/longtable.sty)
(/usr/share/texlive/texmf-dist/tex/latex/booktabs/booktabs.sty)
(/usr/share/texlive/texmf-dist/tex/latex/tools/array.sty)
(/usr/share/texlive/texmf-dist/tex/latex/tools/calc.sty)
(/usr/share/texlive/texmf-dist/tex/latex/footnotehyper/footnotehyper.sty)
(/usr/share/texlive/texmf-dist/tex/latex/graphics/graphicx.sty
(/usr/share/texlive/texmf-dist/tex/latex/graphics/graphics.sty
(/usr/share/texlive/texmf-dist/tex/latex/graphics/trig.sty)
(/usr/share/texlive/texmf-dist/tex/latex/graphics-cfg/graphics.cfg)))
(/usr/share/texlive/texmf-dist/tex/latex/base/fontenc.sty
(/usr/share/texmf/tex/latex/lm/t1lmr.fd))
(/usr/share/texlive/texmf-dist/tex/latex/listingsutf8/listingsutf8.sty
(/usr/share/texlive/texmf-dist/tex/generic/pdftexcmds/pdftexcmds.sty
(/usr/share/texlive/texmf-dist/tex/generic/infwarerr/infwarerr.sty))
(/usr/share/texlive/texmf-dist/tex/generic/stringenc/stringenc.sty
(/usr/share/texlive/texmf-dist/tex/generic/pdfescape/pdfescape.sty)))
(/usr/share/texlive/texmf-dist/tex/latex/xurl/xurl.sty
(/usr/share/texlive/texmf-dist/tex/latex/url/url.sty))
(/usr/share/texlive/texmf-dist/tex/latex/adjustbox/adjustbox.sty
(/usr/share/texlive/texmf-dist/tex/latex/xkeyval/xkeyval.sty
(/usr/share/texlive/texmf-dist/tex/generic/xkeyval/xkeyval.tex
(/usr/share/texlive/texmf-dist/tex/generic/xkeyval/xkvutils.tex)))
(/usr/share/texlive/texmf-dist/tex/latex/adjustbox/adjcalc.sty)
(/usr/share/texlive/texmf-dist/tex/latex/adjustbox/trimclip.sty
(/usr/share/texlive/texmf-dist/tex/latex/collectbox/collectbox.sty)
(/usr/share/texlive/texmf-dist/tex/latex/adjustbox/tc-pdftex.def))
(/usr/share/texlive/texmf-dist/tex/latex/ifoddpage/ifoddpage.sty)
(/usr/share/texlive/texmf-dist/tex/latex/varwidth/varwidth.sty))
(/usr/share/texlive/texmf-dist/tex/latex/pdflscape/pdflscape.sty
(/usr/share/texlive/texmf-dist/tex/latex/pdflscape/pdflscape-nometadata.sty
(/usr/share/texlive/texmf-dist/tex/latex/graphics/lscape.sty)))
(/usr/share/texlive/texmf-dist/tex/latex/tools/tabularx.sty)
(/usr/share/texlive/texmf-dist/tex/latex/ragged2e/ragged2e.sty)
(/usr/share/texlive/texmf-dist/tex/latex/seqsplit/seqsplit.sty)
(/usr/share/texlive/texmf-dist/tex/latex/bookmark/bookmark.sty
(/usr/share/texlive/texmf-dist/tex/latex/hyperref/hyperref.sty
(/usr/share/texlive/texmf-dist/tex/generic/kvdefinekeys/kvdefinekeys.sty)
(/usr/share/texlive/texmf-dist/tex/latex/hycolor/hycolor.sty)
(/usr/share/texlive/texmf-dist/tex/latex/auxhook/auxhook.sty)
(/usr/share/texlive/texmf-dist/tex/latex/hyperref/nameref.sty
(/usr/share/texlive/texmf-dist/tex/latex/refcount/refcount.sty)
(/usr/share/texlive/texmf-dist/tex/generic/gettitlestring/gettitlestring.sty))
(/usr/share/texlive/texmf-dist/tex/latex/hyperref/pd1enc.def)
(/usr/share/texlive/texmf-dist/tex/generic/intcalc/intcalc.sty)
(/usr/share/texlive/texmf-dist/tex/latex/hyperref/puenc.def)
(/usr/share/texlive/texmf-dist/tex/generic/bitset/bitset.sty
(/usr/share/texlive/texmf-dist/tex/generic/bigintcalc/bigintcalc.sty))
(/usr/share/texlive/texmf-dist/tex/latex/base/atbegshi-ltx.sty))
(/usr/share/texlive/texmf-dist/tex/latex/hyperref/hpdftex.def
(/usr/share/texlive/texmf-dist/tex/latex/base/atveryend-ltx.sty)
(/usr/share/texlive/texmf-dist/tex/latex/rerunfilecheck/rerunfilecheck.sty
(/usr/share/texlive/texmf-dist/tex/generic/uniquecounter/uniquecounter.sty)))
(/usr/share/texlive/texmf-dist/tex/latex/bookmark/bkm-pdftex.def))
(/usr/share/texlive/texmf-dist/tex/latex/l3backend/l3backend-pdftex.def)
(/var/www/clients/client1/web3/web/research-review-en/research/deposit/build/ma
nuscript-peer-review-ieee.aux)
-- Lines per column: 52 (exact).
(/usr/share/texlive/texmf-dist/tex/latex/microtype/mt-cmr.cfg)
(/usr/share/texlive/texmf-dist/tex/context/base/mkii/supp-pdf.mkii
[Loading MPS to PDF converter (version 2006.09.02).]
) (/usr/share/texlive/texmf-dist/tex/latex/epstopdf-pkg/epstopdf-base.sty
(/usr/share/texlive/texmf-dist/tex/latex/latexconfig/epstopdf-sys.cfg))
(/usr/share/texmf/tex/latex/lm/ts1lmr.fd)
(/usr/share/texmf/tex/latex/lm/t1lmtt.fd)
(/usr/share/texmf/tex/latex/lm/ot1lmr.fd)
(/usr/share/texmf/tex/latex/lm/omllmm.fd)
(/usr/share/texmf/tex/latex/lm/omslmsy.fd)
(/usr/share/texmf/tex/latex/lm/omxlmex.fd)
(/usr/share/texlive/texmf-dist/tex/latex/amsfonts/umsa.fd)
(/usr/share/texlive/texmf-dist/tex/latex/microtype/mt-msa.cfg)
(/usr/share/texlive/texmf-dist/tex/latex/amsfonts/umsb.fd)
(/usr/share/texlive/texmf-dist/tex/latex/microtype/mt-msb.cfg) [0{/var/lib/texm
f/fonts/map/pdftex/updmap/pdftex.map}{/usr/share/texmf/fonts/enc/dvips/lm/lm-ec
.enc}{/usr/share/texmf/fonts/enc/dvips/lm/lm-ts1.enc}{/usr/share/texmf/fonts/en
c/dvips/lm/lm-rm.enc}{/usr/share/texmf/fonts/enc/dvips/lm/lm-mathit.enc}]
[1] [2 <./research/peer-review/figures-png/fig01-paradigm-shift.png> <./researc
h/peer-review/figures-png/fig06-benchmark-freshness.png>]
Underfull \hbox (badness 10000) in paragraph at lines 470--476


Underfull \hbox (badness 10000) in paragraph at lines 476--479

[3{/usr/share/texmf/fonts/enc/dvips/lm/lm-mathsy.enc} <./research/peer-review/f
igures-png/fig02-system-architecture.png>]
Underfull \hbox (badness 2213) in paragraph at lines 515--519
[]\T1/lmr/m/n/11 (+20) Let $[][] \OT1/lmr/m/n/11 (+20) = []([]\OML/lmm/m/it/11 
; \OT1/lmr/m/n/11 (+20) 0\OML/lmm/m/it/11 ; \OT1/lmr/m/n/11 (+20) 100)$\T1/lmr/
m/n/11 (+20) . With di-rec-tion flag ``higher raw is worse'', $[][] \OT1/lmr/m/
n/11 (+20) =
[4{/usr/share/texmf/fonts/enc/dvips/lm/lm-mathex.enc}]
(/usr/share/texmf/tex/latex/lm/ts1lmtt.fd) [5]
Underfull \hbox (badness 10000) in paragraph at lines 709--717
\T1/lmr/m/n/11 (+20) to the Layer[]4 keys $[]$, $[]$,
[6 <./research/peer-review/figures-png/fig03-nfsi-layers.png>]
Underfull \hbox (badness 10000) in alignment at lines 777--787
[] [] []

Underfull \hbox (badness 10000) in alignment at lines 787--789
[] [] []

Underfull \hbox (badness 10000) in alignment at lines 789--796
[] [] []
[7 <./research/peer-review/figures-png/fig05-stress-fault-tree.png>]
Underfull \hbox (badness 10000) in paragraph at lines 961--965
[][][][][][][][][][][][][][][][][][][][][][][][][][][][][][][][][][][][][][][][
][][][][][][]\T1/lmr/m/n/11 (+20) )
[8]
Underfull \hbox (badness 10000) in alignment at lines 975--985
[] [] []

Underfull \hbox (badness 10000) in alignment at lines 985--987
[] [] []

Underfull \hbox (badness 10000) in alignment at lines 987--1006
[] [] []

Overfull \hbox (11.49133pt too wide) in alignment at lines 1050--1053
[] [] [] [] [] []

Underfull \hbox (badness 2042) in paragraph at lines 1054--1055
[]|\T1/lmr/m/n/9 (+20) ACLED / fil-tered, ag-gre-

Overfull \hbox (9.48894pt too wide) in paragraph at lines 1055--1055
[]|\T1/lmr/m/n/9 (-20) AcledMonthAllOverview| 

Underfull \hbox (badness 2042) in paragraph at lines 1055--1056
[]|\T1/lmr/m/n/9 (+20) ACLED / fil-tered, ag-gre-

Overfull \hbox (18.67647pt too wide) in paragraph at lines 1056--1056
[]|\T1/lmr/m/n/9 (-20) CountriesConflictUcdpGed| 

Overfull \hbox (17.38467pt too wide) in paragraph at lines 1057--1057
[]|\T1/lmr/m/n/9 (-20) CountriesCurrencyFromFa| 

Overfull \hbox (16.11623pt too wide) in paragraph at lines 1058--1058
[]|\T1/lmr/m/n/9 (-20) CountriesGdeltGlobRadar| 

Overfull \hbox (9.47298pt too wide) in paragraph at lines 1059--1059
[]|\T1/lmr/m/n/9 (-20) CountriesNetAbuseIpDb| 

Overfull \hbox (20.46222pt too wide) in paragraph at lines 1060--1060
[]|\T1/lmr/m/n/9 (-20) CountriesNetGrpTrfcAnom| 

Underfull \hbox (badness 2689) in paragraph at lines 1060--1061
[]|\T1/lmr/m/n/9 (+20) Cloudflare Terms of Use;

Overfull \hbox (4.76706pt too wide) in paragraph at lines 1062--1062
[]|\T1/lmr/m/n/9 (-20) CountriesNetTrfcAnom| 

Underfull \hbox (badness 2689) in paragraph at lines 1062--1063
[]|\T1/lmr/m/n/9 (+20) Cloudflare Terms of Use;

Overfull \hbox (7.34377pt too wide) in paragraph at lines 1063--1063
[]|\T1/lmr/m/n/9 (-20) CountriesPopPrisn100K| 

Overfull \hbox (14.74963pt too wide) in paragraph at lines 1064--1064
[]|\T1/lmr/m/n/9 (-20) CountriesVatRatesApiVer| 

Overfull \hbox (16.61508pt too wide) in paragraph at lines 1065--1065
[]|\T1/lmr/m/n/9 (-20) CountriesVatRatesVatLup| 

Underfull \hbox (badness 10000) in paragraph at lines 1066--1066
[]|\T1/lmtt/m/n/9 value \T1/lmr/m/n/9 (+20) field for WB in-di-ca-tor

Underfull \hbox (badness 10000) in paragraph at lines 1067--1067
[]|\T1/lmtt/m/n/9 value \T1/lmr/m/n/9 (+20) field for WB in-di-ca-tor

Underfull \hbox (badness 10000) in paragraph at lines 1069--1069
[]|\T1/lmtt/m/n/9 value \T1/lmr/m/n/9 (+20) field for WB in-di-ca-tor

Overfull \hbox (5.24898pt too wide) in paragraph at lines 1070--1070
[]|\T1/lmr/m/n/9 (-20) CountriesWbCpiTotlZg| 

Overfull \hbox (5.35869pt too wide) in paragraph at lines 1071--1071
[]|\T1/lmr/m/n/9 (-20) CountriesWbFpCpiTotl| 

Underfull \hbox (badness 10000) in paragraph at lines 1072--1072
[]|\T1/lmtt/m/n/9 value \T1/lmr/m/n/9 (+20) field for WB in-di-ca-tor

Underfull \hbox (badness 10000) in paragraph at lines 1073--1073
[]|\T1/lmtt/m/n/9 value \T1/lmr/m/n/9 (+20) field for WB in-di-ca-tor

Underfull \hbox (badness 10000) in paragraph at lines 1074--1074
[]|\T1/lmtt/m/n/9 value \T1/lmr/m/n/9 (+20) field for WB in-di-ca-tor

Overfull \hbox (2.23637pt too wide) in paragraph at lines 1075--1075
[]|\T1/lmr/m/n/9 (-20) CountriesWbPopDpnd| 

Underfull \hbox (badness 10000) in paragraph at lines 1075--1075
[]|\T1/lmtt/m/n/9 value \T1/lmr/m/n/9 (+20) field for WB in-di-ca-tor

Overfull \hbox (1.68538pt too wide) in paragraph at lines 1076--1076
[]|\T1/lmr/m/n/9 (-20) CountriesWbPopGrow| 

Underfull \hbox (badness 10000) in paragraph at lines 1076--1076
[]|\T1/lmtt/m/n/9 value \T1/lmr/m/n/9 (+20) field for WB in-di-ca-tor

Underfull \hbox (badness 10000) in paragraph at lines 1077--1077
[]|\T1/lmtt/m/n/9 value \T1/lmr/m/n/9 (+20) field for WB in-di-ca-tor

Underfull \hbox (badness 10000) in paragraph at lines 1078--1078
[]|\T1/lmtt/m/n/9 value \T1/lmr/m/n/9 (+20) field for WB in-di-ca-tor

Overfull \hbox (6.93814pt too wide) in paragraph at lines 1079--1079
[]|\T1/lmr/m/n/9 (-20) CountriesWbResTotlCd| 

Underfull \hbox (badness 10000) in paragraph at lines 1079--1079
[]|\T1/lmtt/m/n/9 value \T1/lmr/m/n/9 (+20) field for WB in-di-ca-tor

Overfull \hbox (1.23691pt too wide) in paragraph at lines 1081--1081
[]|\T1/lmr/m/n/9 (-20) CountriesWbUem1524| 

Underfull \hbox (badness 10000) in paragraph at lines 1081--1081
[]|\T1/lmtt/m/n/9 value \T1/lmr/m/n/9 (+20) field for WB in-di-ca-tor

Underfull \hbox (badness 10000) in paragraph at lines 1082--1082
[]|\T1/lmtt/m/n/9 value \T1/lmr/m/n/9 (+20) field for WB in-di-ca-tor

Overfull \hbox (11.03685pt too wide) in paragraph at lines 1084--1084
[]|\T1/lmr/m/n/9 (-20) CountriesWbWgiPvCcRl| 

Overfull \hbox (4.30768pt too wide) in paragraph at lines 1085--1085
[]|\T1/lmr/m/n/9 (-20) CountryNewsRiskLevel| 

Overfull \hbox (3.03812pt too wide) in paragraph at lines 1086--1086
[]|\T1/lmr/m/n/9 (-20) DisasterGdacsHumNat| 

Underfull \hbox (badness 10000) in paragraph at lines 1086--1087
[]|\T1/lmr/m/n/9 (+20) GDACS Terms of Use;

Overfull \hbox (18.56697pt too wide) in paragraph at lines 1087--1087
[]|\T1/lmr/m/n/9 (-20) EconFredHerCountScOvSc| 

Underfull \hbox (badness 10000) in paragraph at lines 1087--1088
[]|\T1/lmr/m/n/9 (+20) Refer to Source Link;

Overfull \hbox (22.26762pt too wide) in paragraph at lines 1088--1088
[]|\T1/lmr/m/n/9 (-20) EconFredHerCountScRanks| 

Underfull \hbox (badness 10000) in paragraph at lines 1088--1089
[]|\T1/lmr/m/n/9 (+20) Refer to Source Link;

Overfull \hbox (23.26949pt too wide) in paragraph at lines 1089--1089
[]|\T1/lmr/m/n/9 (-20) EconFredHerCountScRights| 

Underfull \hbox (badness 10000) in paragraph at lines 1089--1090
[]|\T1/lmr/m/n/9 (+20) Refer to Source Link;

Overfull \hbox (12.75993pt too wide) in paragraph at lines 1090--1090
[]|\T1/lmr/m/n/9 (-20) EconFredHerCountScTax| 

Underfull \hbox (badness 10000) in paragraph at lines 1090--1091
[]|\T1/lmr/m/n/9 (+20) Refer to Source Link;

Underfull \hbox (badness 10000) in paragraph at lines 1091--1092
[]|\T1/lmr/m/n/9 (+20) Refer to Source Link;

Underfull \hbox (badness 10000) in paragraph at lines 1092--1093
[]|\T1/lmr/m/n/9 (+20) Refer to Source Link;

Underfull \hbox (badness 5475) in paragraph at lines 1093--1094
\T1/lmr/m/n/9 (+20) - Pub-lic Do-main (DOJ);

Underfull \hbox (badness 10000) in paragraph at lines 1094--1094
[]|\T1/lmr/m/n/9 (+20) INTERPOL Red No-tices: count

Overfull \hbox (7.58598pt too wide) in paragraph at lines 1096--1096
[]|\T1/lmr/m/n/9 (-20) NfMilitaryMassViolence| 

Underfull \hbox (badness 10000) in paragraph at lines 1096--1097
[]|\T1/lmr/m/n/9 (+20) Internal pro-cess-ing for

Underfull \hbox (badness 10000) in paragraph at lines 1096--1097
\T1/lmr/m/n/9 (+20) Na-tion-Files In-tel-li-gence;

Overfull \hbox (28.6262pt too wide) in paragraph at lines 1098--1098
[]|\T1/lmr/m/n/9 (-20) NfRawNewsSignalsEventRisk| 

Overfull \hbox (6.26924pt too wide) in paragraph at lines 1099--1099
[]|\T1/lmr/m/n/9 (-20) OecdSdmxGdpvAnnpct| 

Overfull \hbox (4.96579pt too wide) in paragraph at lines 1100--1100
[]|\T1/lmr/m/n/9 (-20) OWIDDemocracyIndex| 

Underfull \hbox (badness 10000) in paragraph at lines 1101--1102
[]|\T1/lmr/m/n/9 (+20) Refer to Source Link;

Overfull \hbox (0.72935pt too wide) in paragraph at lines 1102--1102
[]|\T1/lmr/m/n/9 (-20) TravelAdvisoryUnified| 

Underfull \hbox (badness 10000) in paragraph at lines 1102--1103
[]|\T1/lmr/m/n/9 (+20) Refer to Source Link;

Underfull \hbox (badness 5460) in paragraph at lines 1103--1103
[]|\T1/lmr/m/n/9 (+20) DoS Level-4 ad-vi-sories only: row

Underfull \hbox (badness 10000) in paragraph at lines 1103--1103
\T1/lmr/m/n/9 (+20) score via \T1/lmtt/m/n/9 getStabilityRowScore\T1/lmr/m/n/9 
(+20) ;

Underfull \hbox (badness 10000) in paragraph at lines 1103--1103
\T1/lmtt/m/n/9 travel_alert_level \T1/lmr/m/n/9 (+20) doc-u-ments

Underfull \hbox (badness 10000) in paragraph at lines 1103--1104
[]|\T1/lmr/m/n/9 (+20) U.S. Gov-ern-ment Work;

Overfull \hbox (19.31015pt too wide) in paragraph at lines 1105--1105
[]|\T1/lmr/m/n/9 (-20) warning,partial_warning,situation_warning| 

Underfull \hbox (badness 10000) in paragraph at lines 1105--1106
[]|\T1/lmr/m/n/9 (+20) Refer to Source Link;

Underfull \hbox (badness 10000) in paragraph at lines 1106--1107
[]|\T1/lmr/m/n/9 (+20) Refer to Source Link;

Overfull \hbox (2.92557pt too wide) in paragraph at lines 1108--1108
[]|\T1/lmr/m/n/9 (-20) WorldEarthQuakeUsgs| 

Underfull \hbox (badness 10000) in paragraph at lines 1108--1109
[]|\T1/lmr/m/n/9 (+20) USGS Pub-lic Do-main;

Overfull \hbox (4.1173pt too wide) in paragraph at lines 1109--1109
[]|\T1/lmr/m/n/9 (-20) WorldUnivDataSetIpsa| 

Underfull \hbox (badness 10000) in paragraph at lines 1109--1109
[]|\T1/lmr/m/n/9 (+20) universities-per-capita score from

Underfull \hbox (badness 10000) in paragraph at lines 1109--1110
[]|\T1/lmr/m/n/9 (+20) Refer to repos-i-tory;

Overfull \hbox (11.49133pt too wide) in alignment at lines 1053--1110
[] [] [] [] [] []
[9] [10] [11]
Underfull \hbox (badness 10000) in paragraph at lines 1138--1141


Underfull \hbox (badness 10000) in paragraph at lines 1141--1144

[12]
Overfull \hbox (8.75752pt too wide) in paragraph at lines 1362--1362
[]|[] 
[13]
Underfull \hbox (badness 10000) in alignment at lines 1417--1421
[] [] []

Underfull \hbox (badness 10000) in alignment at lines 1421--1423
[] [] []

Underfull \hbox (badness 10000) in alignment at lines 1423--1426
[] [] []

Underfull \hbox (badness 10000) in alignment at lines 1459--1469
[] [] []

Underfull \hbox (badness 10000) in alignment at lines 1469--1471
[] [] []

Underfull \hbox (badness 10000) in alignment at lines 1471--1478
[] [] []

Underfull \hbox (badness 10000) in alignment at lines 1498--1508
[] [] []

Underfull \hbox (badness 10000) in alignment at lines 1508--1510
[] [] []

Underfull \hbox (badness 10000) in alignment at lines 1510--1517
[] [] []
[14]
Underfull \hbox (badness 10000) in alignment at lines 1537--1551
[] [] [] [] []

Underfull \hbox (badness 10000) in alignment at lines 1551--1553
[] [] [] [] []

Underfull \hbox (badness 10000) in alignment at lines 1553--1569
[] [] [] [] []
[15] [16 <./research/peer-review/figures-png/fig08-sensitivity-mean-abs.png>]
[17] [18] [19] [20] [21] [22]
Overfull \hbox (12.52473pt too wide) in paragraph at lines 2386--2386
[]|[] 

Overfull \hbox (26.6997pt too wide) in paragraph at lines 2392--2392
[]|[] 

Overfull \hbox (12.52473pt too wide) in paragraph at lines 2395--2395
[]|[] 

Overfull \hbox (45.59967pt too wide) in paragraph at lines 2413--2413
[]|[] 

Overfull \hbox (17.24973pt too wide) in paragraph at lines 2418--2418
[]|[] 

Overfull \hbox (7.79974pt too wide) in paragraph at lines 2448--2448
[]|[] 

Overfull \hbox (31.4247pt too wide) in paragraph at lines 2454--2454
[]|[] 

Overfull \hbox (7.79974pt too wide) in paragraph at lines 2467--2467
[]|[] 

Overfull \hbox (12.52473pt too wide) in paragraph at lines 2479--2479
[]|[] 

Overfull \hbox (3.07475pt too wide) in paragraph at lines 2486--2486
[]|[] 

Overfull \hbox (26.6997pt too wide) in paragraph at lines 2495--2495
[]|[] 

Overfull \hbox (17.24973pt too wide) in paragraph at lines 2501--2501
[]|[] 

Overfull \hbox (3.07475pt too wide) in paragraph at lines 2504--2504
[]|[] 
[23]
Overfull \hbox (31.4247pt too wide) in paragraph at lines 2541--2541
[]|[] 

Overfull \hbox (26.6997pt too wide) in paragraph at lines 2549--2549
[]|[] 
[24] [25]
Underfull \hbox (badness 10000) in alignment at lines 2675--2685
[] [] []

Underfull \hbox (badness 10000) in alignment at lines 2685--2687
[] [] []

Underfull \hbox (badness 10000) in alignment at lines 2687--2705
[] [] []
[26]
Underfull \hbox (badness 10000) in alignment at lines 2740--2750
[] [] []

Underfull \hbox (badness 10000) in alignment at lines 2750--2752
[] [] []

Overfull \hbox (46.92517pt too wide) in paragraph at lines 2783--2784
[][] 

Overfull \hbox (28.0252pt too wide) in paragraph at lines 2817--2818
[][] 

Overfull \hbox (42.20018pt too wide) in paragraph at lines 2820--2821
[][] 

Overfull \hbox (9.12524pt too wide) in paragraph at lines 2823--2824
[][] 

Overfull \hbox (9.12524pt too wide) in paragraph at lines 2826--2827
[][] 

Overfull \hbox (42.20018pt too wide) in paragraph at lines 2866--2867
[][] 

Overfull \hbox (18.57523pt too wide) in paragraph at lines 2869--2870
[][] 

Overfull \hbox (18.57523pt too wide) in paragraph at lines 2872--2873
[][] 

Overfull \hbox (32.7502pt too wide) in paragraph at lines 2875--2876
[][] 

Underfull \hbox (badness 10000) in alignment at lines 2752--2892
[] [] []
[27] [28] [29]
(/var/www/clients/client1/web3/web/research-review-en/research/deposit/build/ma
nuscript-peer-review-ieee.aux) )
(see the transcript file for additional information)</usr/share/texmf/fonts/typ
e1/public/lm/lmbx12.pfb></usr/share/texmf/fonts/type1/public/lm/lmbx9.pfb></usr
/share/texmf/fonts/type1/public/lm/lmbxi10.pfb></usr/share/texmf/fonts/type1/pu
blic/lm/lmcsc10.pfb></usr/share/texmf/fonts/type1/public/lm/lmex10.pfb></usr/sh
are/texmf/fonts/type1/public/lm/lmmi12.pfb></usr/share/texmf/fonts/type1/public
/lm/lmmi6.pfb></usr/share/texmf/fonts/type1/public/lm/lmmi8.pfb></usr/share/tex
mf/fonts/type1/public/lm/lmmi9.pfb></usr/share/texmf/fonts/type1/public/lm/lmr1
2.pfb></usr/share/texmf/fonts/type1/public/lm/lmr17.pfb></usr/share/texmf/fonts
/type1/public/lm/lmr6.pfb></usr/share/texmf/fonts/type1/public/lm/lmr8.pfb></us
r/share/texmf/fonts/type1/public/lm/lmr9.pfb></usr/share/texmf/fonts/type1/publ
ic/lm/lmri12.pfb></usr/share/texmf/fonts/type1/public/lm/lmsy10.pfb></usr/share
/texmf/fonts/type1/public/lm/lmsy6.pfb></usr/share/texmf/fonts/type1/public/lm/
lmsy8.pfb></usr/share/texmf/fonts/type1/public/lm/lmsy9.pfb></usr/share/texmf/f
onts/type1/public/lm/lmtk10.pfb></usr/share/texmf/fonts/type1/public/lm/lmtt12.
pfb></usr/share/texmf/fonts/type1/public/lm/lmtt9.pfb></usr/share/texmf/fonts/t
ype1/public/lm/lmtti10.pfb>
Output written on /var/www/clients/client1/web3/web/research-review-en/research
/deposit/build/manuscript-peer-review-ieee.pdf (30 pages, 757273 bytes).
Transcript written on /var/www/clients/client1/web3/web/research-review-en/rese
arch/deposit/build/manuscript-peer-review-ieee.log.
This is pdfTeX, Version 3.141592653-2.6-1.40.25 (TeX Live 2023/Debian) (preloaded format=pdflatex)
 restricted \write18 enabled.
entering extended mode

(/var/www/clients/client1/web3/web/research-review-en/research/deposit/build/ma
nuscript-peer-review-ieee.tex
LaTeX2e <2023-11-01> patch level 1
L3 programming layer <2024-01-22>

(/var/www/clients/client1/web3/web/research-review-en/research/latex/vendor/IEE
Etran/IEEEtran.cls
Document Class: IEEEtran 2015/08/26 V1.8b by Michael Shell
-- See the "IEEEtran_HOWTO" manual for usage information.
-- http://www.michaelshell.org/tex/ieeetran/
(/usr/share/texlive/texmf-dist/tex/latex/psnfss/ot1ptm.fd)
** ATTENTION: Single column mode is not typically used with IEEE publications.
-- Using 8.5in x 11in (letter) paper.
-- Using PDF output.
-- This is an 11 point document.
) (/usr/share/texlive/texmf-dist/tex/latex/amsmath/amsmath.sty
For additional information on amsmath, use the `?' option.
(/usr/share/texlive/texmf-dist/tex/latex/amsmath/amstext.sty
(/usr/share/texlive/texmf-dist/tex/latex/amsmath/amsgen.sty))
(/usr/share/texlive/texmf-dist/tex/latex/amsmath/amsbsy.sty)
(/usr/share/texlive/texmf-dist/tex/latex/amsmath/amsopn.sty))
(/usr/share/texlive/texmf-dist/tex/latex/amsfonts/amssymb.sty
(/usr/share/texlive/texmf-dist/tex/latex/amsfonts/amsfonts.sty))
(/usr/share/texlive/texmf-dist/tex/generic/iftex/iftex.sty)
(/usr/share/texlive/texmf-dist/tex/latex/base/fontenc.sty
(/usr/share/texlive/texmf-dist/tex/latex/psnfss/t1ptm.fd))
(/usr/share/texlive/texmf-dist/tex/latex/base/inputenc.sty)
(/usr/share/texlive/texmf-dist/tex/latex/base/textcomp.sty)
(/usr/share/texmf/tex/latex/lm/lmodern.sty)
(/usr/share/texlive/texmf-dist/tex/latex/upquote/upquote.sty)
(/usr/share/texlive/texmf-dist/tex/latex/microtype/microtype.sty
(/usr/share/texlive/texmf-dist/tex/latex/graphics/keyval.sty)
(/usr/share/texlive/texmf-dist/tex/latex/etoolbox/etoolbox.sty)
(/usr/share/texlive/texmf-dist/tex/latex/microtype/microtype-pdftex.def)
(/usr/share/texlive/texmf-dist/tex/latex/microtype/microtype.cfg))
(/usr/share/texlive/texmf-dist/tex/latex/parskip/parskip.sty
(/usr/share/texlive/texmf-dist/tex/latex/kvoptions/kvoptions.sty
(/usr/share/texlive/texmf-dist/tex/generic/ltxcmds/ltxcmds.sty)
(/usr/share/texlive/texmf-dist/tex/latex/kvsetkeys/kvsetkeys.sty)))
(/usr/share/texlive/texmf-dist/tex/latex/xcolor/xcolor.sty
(/usr/share/texlive/texmf-dist/tex/latex/graphics-cfg/color.cfg)
(/usr/share/texlive/texmf-dist/tex/latex/graphics-def/pdftex.def)
(/usr/share/texlive/texmf-dist/tex/latex/graphics/mathcolor.ltx))
(/usr/share/texlive/texmf-dist/tex/latex/listings/listings.sty
(/usr/share/texlive/texmf-dist/tex/latex/listings/lstmisc.sty)
(/usr/share/texlive/texmf-dist/tex/latex/listings/listings.cfg))
(/usr/share/texlive/texmf-dist/tex/latex/tools/longtable.sty)
(/usr/share/texlive/texmf-dist/tex/latex/booktabs/booktabs.sty)
(/usr/share/texlive/texmf-dist/tex/latex/tools/array.sty)
(/usr/share/texlive/texmf-dist/tex/latex/tools/calc.sty)
(/usr/share/texlive/texmf-dist/tex/latex/footnotehyper/footnotehyper.sty)
(/usr/share/texlive/texmf-dist/tex/latex/graphics/graphicx.sty
(/usr/share/texlive/texmf-dist/tex/latex/graphics/graphics.sty
(/usr/share/texlive/texmf-dist/tex/latex/graphics/trig.sty)
(/usr/share/texlive/texmf-dist/tex/latex/graphics-cfg/graphics.cfg)))
(/usr/share/texlive/texmf-dist/tex/latex/base/fontenc.sty
(/usr/share/texmf/tex/latex/lm/t1lmr.fd))
(/usr/share/texlive/texmf-dist/tex/latex/listingsutf8/listingsutf8.sty
(/usr/share/texlive/texmf-dist/tex/generic/pdftexcmds/pdftexcmds.sty
(/usr/share/texlive/texmf-dist/tex/generic/infwarerr/infwarerr.sty))
(/usr/share/texlive/texmf-dist/tex/generic/stringenc/stringenc.sty
(/usr/share/texlive/texmf-dist/tex/generic/pdfescape/pdfescape.sty)))
(/usr/share/texlive/texmf-dist/tex/latex/xurl/xurl.sty
(/usr/share/texlive/texmf-dist/tex/latex/url/url.sty))
(/usr/share/texlive/texmf-dist/tex/latex/adjustbox/adjustbox.sty
(/usr/share/texlive/texmf-dist/tex/latex/xkeyval/xkeyval.sty
(/usr/share/texlive/texmf-dist/tex/generic/xkeyval/xkeyval.tex
(/usr/share/texlive/texmf-dist/tex/generic/xkeyval/xkvutils.tex)))
(/usr/share/texlive/texmf-dist/tex/latex/adjustbox/adjcalc.sty)
(/usr/share/texlive/texmf-dist/tex/latex/adjustbox/trimclip.sty
(/usr/share/texlive/texmf-dist/tex/latex/collectbox/collectbox.sty)
(/usr/share/texlive/texmf-dist/tex/latex/adjustbox/tc-pdftex.def))
(/usr/share/texlive/texmf-dist/tex/latex/ifoddpage/ifoddpage.sty)
(/usr/share/texlive/texmf-dist/tex/latex/varwidth/varwidth.sty))
(/usr/share/texlive/texmf-dist/tex/latex/pdflscape/pdflscape.sty
(/usr/share/texlive/texmf-dist/tex/latex/pdflscape/pdflscape-nometadata.sty
(/usr/share/texlive/texmf-dist/tex/latex/graphics/lscape.sty)))
(/usr/share/texlive/texmf-dist/tex/latex/tools/tabularx.sty)
(/usr/share/texlive/texmf-dist/tex/latex/ragged2e/ragged2e.sty)
(/usr/share/texlive/texmf-dist/tex/latex/seqsplit/seqsplit.sty)
(/usr/share/texlive/texmf-dist/tex/latex/bookmark/bookmark.sty
(/usr/share/texlive/texmf-dist/tex/latex/hyperref/hyperref.sty
(/usr/share/texlive/texmf-dist/tex/generic/kvdefinekeys/kvdefinekeys.sty)
(/usr/share/texlive/texmf-dist/tex/latex/hycolor/hycolor.sty)
(/usr/share/texlive/texmf-dist/tex/latex/auxhook/auxhook.sty)
(/usr/share/texlive/texmf-dist/tex/latex/hyperref/nameref.sty
(/usr/share/texlive/texmf-dist/tex/latex/refcount/refcount.sty)
(/usr/share/texlive/texmf-dist/tex/generic/gettitlestring/gettitlestring.sty))
(/usr/share/texlive/texmf-dist/tex/latex/hyperref/pd1enc.def)
(/usr/share/texlive/texmf-dist/tex/generic/intcalc/intcalc.sty)
(/usr/share/texlive/texmf-dist/tex/latex/hyperref/puenc.def)
(/usr/share/texlive/texmf-dist/tex/generic/bitset/bitset.sty
(/usr/share/texlive/texmf-dist/tex/generic/bigintcalc/bigintcalc.sty))
(/usr/share/texlive/texmf-dist/tex/latex/base/atbegshi-ltx.sty))
(/usr/share/texlive/texmf-dist/tex/latex/hyperref/hpdftex.def
(/usr/share/texlive/texmf-dist/tex/latex/base/atveryend-ltx.sty)
(/usr/share/texlive/texmf-dist/tex/latex/rerunfilecheck/rerunfilecheck.sty
(/usr/share/texlive/texmf-dist/tex/generic/uniquecounter/uniquecounter.sty)))
(/usr/share/texlive/texmf-dist/tex/latex/bookmark/bkm-pdftex.def))
(/usr/share/texlive/texmf-dist/tex/latex/l3backend/l3backend-pdftex.def)
(/var/www/clients/client1/web3/web/research-review-en/research/deposit/build/ma
nuscript-peer-review-ieee.aux)
-- Lines per column: 52 (exact).
(/usr/share/texlive/texmf-dist/tex/latex/microtype/mt-cmr.cfg)
(/usr/share/texlive/texmf-dist/tex/context/base/mkii/supp-pdf.mkii
[Loading MPS to PDF converter (version 2006.09.02).]
) (/usr/share/texlive/texmf-dist/tex/latex/epstopdf-pkg/epstopdf-base.sty
(/usr/share/texlive/texmf-dist/tex/latex/latexconfig/epstopdf-sys.cfg))
(/usr/share/texmf/tex/latex/lm/ts1lmr.fd)
(/usr/share/texmf/tex/latex/lm/t1lmtt.fd)
(/usr/share/texmf/tex/latex/lm/ot1lmr.fd)
(/usr/share/texmf/tex/latex/lm/omllmm.fd)
(/usr/share/texmf/tex/latex/lm/omslmsy.fd)
(/usr/share/texmf/tex/latex/lm/omxlmex.fd)
(/usr/share/texlive/texmf-dist/tex/latex/amsfonts/umsa.fd)
(/usr/share/texlive/texmf-dist/tex/latex/microtype/mt-msa.cfg)
(/usr/share/texlive/texmf-dist/tex/latex/amsfonts/umsb.fd)
(/usr/share/texlive/texmf-dist/tex/latex/microtype/mt-msb.cfg) [0{/var/lib/texm
f/fonts/map/pdftex/updmap/pdftex.map}{/usr/share/texmf/fonts/enc/dvips/lm/lm-ec
.enc}{/usr/share/texmf/fonts/enc/dvips/lm/lm-ts1.enc}{/usr/share/texmf/fonts/en
c/dvips/lm/lm-rm.enc}{/usr/share/texmf/fonts/enc/dvips/lm/lm-mathit.enc}]
[1] [2 <./research/peer-review/figures-png/fig01-paradigm-shift.png> <./researc
h/peer-review/figures-png/fig06-benchmark-freshness.png>]
Underfull \hbox (badness 10000) in paragraph at lines 470--476


Underfull \hbox (badness 10000) in paragraph at lines 476--479

[3{/usr/share/texmf/fonts/enc/dvips/lm/lm-mathsy.enc} <./research/peer-review/f
igures-png/fig02-system-architecture.png>]
Underfull \hbox (badness 2213) in paragraph at lines 515--519
[]\T1/lmr/m/n/11 (+20) Let $[][] \OT1/lmr/m/n/11 (+20) = []([]\OML/lmm/m/it/11 
; \OT1/lmr/m/n/11 (+20) 0\OML/lmm/m/it/11 ; \OT1/lmr/m/n/11 (+20) 100)$\T1/lmr/
m/n/11 (+20) . With di-rec-tion flag ``higher raw is worse'', $[][] \OT1/lmr/m/
n/11 (+20) =
[4{/usr/share/texmf/fonts/enc/dvips/lm/lm-mathex.enc}]
(/usr/share/texmf/tex/latex/lm/ts1lmtt.fd) [5]
Underfull \hbox (badness 10000) in paragraph at lines 709--717
\T1/lmr/m/n/11 (+20) to the Layer[]4 keys $[]$, $[]$,
[6 <./research/peer-review/figures-png/fig03-nfsi-layers.png>]
Underfull \hbox (badness 10000) in alignment at lines 777--787
[] [] []

Underfull \hbox (badness 10000) in alignment at lines 787--789
[] [] []

Underfull \hbox (badness 10000) in alignment at lines 789--796
[] [] []
[7 <./research/peer-review/figures-png/fig05-stress-fault-tree.png>]
Underfull \hbox (badness 10000) in paragraph at lines 961--965
[][][][][][][][][][][][][][][][][][][][][][][][][][][][][][][][][][][][][][][][
][][][][][][]\T1/lmr/m/n/11 (+20) )
[8]
Underfull \hbox (badness 10000) in alignment at lines 975--985
[] [] []

Underfull \hbox (badness 10000) in alignment at lines 985--987
[] [] []

Underfull \hbox (badness 10000) in alignment at lines 987--1006
[] [] []

Overfull \hbox (6.3263pt too wide) in alignment at lines 1050--1053
[] [] [] [] [] []

Underfull \hbox (badness 10000) in paragraph at lines 1054--1054
[]|\T1/lmr/m/n/9 (+20) ACLED-style event fields

Underfull \hbox (badness 10000) in paragraph at lines 1054--1054
\T1/lmr/m/n/9 (+20) (\T1/lmtt/m/n/9 fatalities \T1/lmr/m/n/9 (+20) + event-type


Underfull \hbox (badness 2042) in paragraph at lines 1054--1055
[]|\T1/lmr/m/n/9 (+20) ACLED / fil-tered, ag-gre-

Underfull \hbox (badness 10000) in paragraph at lines 1055--1055
[]|\T1/lmr/m/n/9 (+20) ACLED-style event fields

Underfull \hbox (badness 10000) in paragraph at lines 1055--1055
\T1/lmr/m/n/9 (+20) (\T1/lmtt/m/n/9 fatalities \T1/lmr/m/n/9 (+20) + event-type


Underfull \hbox (badness 2042) in paragraph at lines 1055--1056
[]|\T1/lmr/m/n/9 (+20) ACLED / fil-tered, ag-gre-

Underfull \hbox (badness 2689) in paragraph at lines 1060--1061
[]|\T1/lmr/m/n/9 (+20) Cloudflare Terms of Use;

Underfull \hbox (badness 2689) in paragraph at lines 1062--1063
[]|\T1/lmr/m/n/9 (+20) Cloudflare Terms of Use;

Underfull \hbox (badness 2818) in paragraph at lines 1066--1066
[]|\T1/lmtt/m/n/9 value \T1/lmr/m/n/9 (+20) field for WB in-di-ca-tor

Underfull \hbox (badness 2818) in paragraph at lines 1067--1067
[]|\T1/lmtt/m/n/9 value \T1/lmr/m/n/9 (+20) field for WB in-di-ca-tor

Underfull \hbox (badness 2818) in paragraph at lines 1068--1068
[]|\T1/lmtt/m/n/9 value \T1/lmr/m/n/9 (+20) field for WB in-di-ca-tor

Underfull \hbox (badness 2818) in paragraph at lines 1069--1069
[]|\T1/lmtt/m/n/9 value \T1/lmr/m/n/9 (+20) field for WB in-di-ca-tor

Underfull \hbox (badness 2818) in paragraph at lines 1072--1072
[]|\T1/lmtt/m/n/9 value \T1/lmr/m/n/9 (+20) field for WB in-di-ca-tor

Underfull \hbox (badness 2818) in paragraph at lines 1073--1073
[]|\T1/lmtt/m/n/9 value \T1/lmr/m/n/9 (+20) field for WB in-di-ca-tor

Underfull \hbox (badness 2818) in paragraph at lines 1074--1074
[]|\T1/lmtt/m/n/9 value \T1/lmr/m/n/9 (+20) field for WB in-di-ca-tor

Underfull \hbox (badness 2818) in paragraph at lines 1075--1075
[]|\T1/lmtt/m/n/9 value \T1/lmr/m/n/9 (+20) field for WB in-di-ca-tor

Underfull \hbox (badness 2818) in paragraph at lines 1076--1076
[]|\T1/lmtt/m/n/9 value \T1/lmr/m/n/9 (+20) field for WB in-di-ca-tor

Underfull \hbox (badness 2818) in paragraph at lines 1077--1077
[]|\T1/lmtt/m/n/9 value \T1/lmr/m/n/9 (+20) field for WB in-di-ca-tor

Underfull \hbox (badness 2818) in paragraph at lines 1078--1078
[]|\T1/lmtt/m/n/9 value \T1/lmr/m/n/9 (+20) field for WB in-di-ca-tor

Underfull \hbox (badness 2818) in paragraph at lines 1079--1079
[]|\T1/lmtt/m/n/9 value \T1/lmr/m/n/9 (+20) field for WB in-di-ca-tor

Underfull \hbox (badness 2818) in paragraph at lines 1080--1080
[]|\T1/lmtt/m/n/9 value \T1/lmr/m/n/9 (+20) field for WB in-di-ca-tor

Underfull \hbox (badness 2818) in paragraph at lines 1081--1081
[]|\T1/lmtt/m/n/9 value \T1/lmr/m/n/9 (+20) field for WB in-di-ca-tor

Underfull \hbox (badness 2818) in paragraph at lines 1082--1082
[]|\T1/lmtt/m/n/9 value \T1/lmr/m/n/9 (+20) field for WB in-di-ca-tor

Underfull \hbox (badness 2818) in paragraph at lines 1083--1083
[]|\T1/lmtt/m/n/9 value \T1/lmr/m/n/9 (+20) field for WB in-di-ca-tor

Underfull \hbox (badness 10000) in paragraph at lines 1086--1087
[]|\T1/lmr/m/n/9 (+20) GDACS Terms of Use;

Underfull \hbox (badness 10000) in paragraph at lines 1087--1088
[]|\T1/lmr/m/n/9 (+20) Refer to Source Link;

Underfull \hbox (badness 10000) in paragraph at lines 1088--1089
[]|\T1/lmr/m/n/9 (+20) Refer to Source Link;

Underfull \hbox (badness 10000) in paragraph at lines 1089--1090
[]|\T1/lmr/m/n/9 (+20) Refer to Source Link;

Underfull \hbox (badness 10000) in paragraph at lines 1090--1091
[]|\T1/lmr/m/n/9 (+20) Refer to Source Link;

Underfull \hbox (badness 10000) in paragraph at lines 1091--1092
[]|\T1/lmr/m/n/9 (+20) Refer to Source Link;

Underfull \hbox (badness 10000) in paragraph at lines 1092--1093
[]|\T1/lmr/m/n/9 (+20) Refer to Source Link;

Underfull \hbox (badness 5475) in paragraph at lines 1093--1094
\T1/lmr/m/n/9 (+20) - Pub-lic Do-main (DOJ);

Underfull \hbox (badness 10000) in paragraph at lines 1096--1097
[]|\T1/lmr/m/n/9 (+20) Internal pro-cess-ing for

Underfull \hbox (badness 10000) in paragraph at lines 1096--1097
\T1/lmr/m/n/9 (+20) Na-tion-Files In-tel-li-gence;

Underfull \hbox (badness 10000) in paragraph at lines 1101--1102
[]|\T1/lmr/m/n/9 (+20) Refer to Source Link;

Underfull \hbox (badness 10000) in paragraph at lines 1102--1103
[]|\T1/lmr/m/n/9 (+20) Refer to Source Link;

Underfull \hbox (badness 10000) in paragraph at lines 1103--1104
[]|\T1/lmr/m/n/9 (+20) U.S. Gov-ern-ment Work;

Overfull \hbox (39.95456pt too wide) in paragraph at lines 1105--1105
[]|\T1/lmr/m/n/9 (-20) warning,partial_warning,situation_warning| 

Underfull \hbox (badness 10000) in paragraph at lines 1105--1106
[]|\T1/lmr/m/n/9 (+20) Refer to Source Link;

Underfull \hbox (badness 10000) in paragraph at lines 1106--1107
[]|\T1/lmr/m/n/9 (+20) Refer to Source Link;

Underfull \hbox (badness 10000) in paragraph at lines 1108--1109
[]|\T1/lmr/m/n/9 (+20) USGS Pub-lic Do-main;

Underfull \hbox (badness 10000) in paragraph at lines 1109--1109
[]|\T1/lmr/m/n/9 (+20) Refer to repos-i-tory;

Overfull \hbox (6.3263pt too wide) in alignment at lines 1053--1109
[] [] [] [] [] []
[9] [10] [11]
Underfull \hbox (badness 10000) in paragraph at lines 1137--1140


Underfull \hbox (badness 10000) in paragraph at lines 1140--1143

[12]
Overfull \hbox (8.75752pt too wide) in paragraph at lines 1361--1361
[]|[] 
[13]
Underfull \hbox (badness 10000) in alignment at lines 1416--1420
[] [] []

Underfull \hbox (badness 10000) in alignment at lines 1420--1422
[] [] []

Underfull \hbox (badness 10000) in alignment at lines 1422--1425
[] [] []

Underfull \hbox (badness 10000) in alignment at lines 1458--1468
[] [] []

Underfull \hbox (badness 10000) in alignment at lines 1468--1470
[] [] []

Underfull \hbox (badness 10000) in alignment at lines 1470--1477
[] [] []

Underfull \hbox (badness 10000) in alignment at lines 1497--1507
[] [] []

Underfull \hbox (badness 10000) in alignment at lines 1507--1509
[] [] []

Underfull \hbox (badness 10000) in alignment at lines 1509--1516
[] [] []
[14]
Underfull \hbox (badness 10000) in alignment at lines 1536--1550
[] [] [] [] []

Underfull \hbox (badness 10000) in alignment at lines 1550--1552
[] [] [] [] []

Underfull \hbox (badness 10000) in alignment at lines 1552--1568
[] [] [] [] []
[15] [16 <./research/peer-review/figures-png/fig08-sensitivity-mean-abs.png>]
[17] [18] [19] [20] [21] [22]
Overfull \hbox (12.52473pt too wide) in paragraph at lines 2385--2385
[]|[] 

Overfull \hbox (26.6997pt too wide) in paragraph at lines 2391--2391
[]|[] 

Overfull \hbox (12.52473pt too wide) in paragraph at lines 2394--2394
[]|[] 

Overfull \hbox (45.59967pt too wide) in paragraph at lines 2412--2412
[]|[] 

Overfull \hbox (17.24973pt too wide) in paragraph at lines 2417--2417
[]|[] 

Overfull \hbox (7.79974pt too wide) in paragraph at lines 2447--2447
[]|[] 

Overfull \hbox (31.4247pt too wide) in paragraph at lines 2453--2453
[]|[] 

Overfull \hbox (7.79974pt too wide) in paragraph at lines 2466--2466
[]|[] 

Overfull \hbox (12.52473pt too wide) in paragraph at lines 2478--2478
[]|[] 

Overfull \hbox (3.07475pt too wide) in paragraph at lines 2485--2485
[]|[] 

Overfull \hbox (26.6997pt too wide) in paragraph at lines 2494--2494
[]|[] 

Overfull \hbox (17.24973pt too wide) in paragraph at lines 2500--2500
[]|[] 

Overfull \hbox (3.07475pt too wide) in paragraph at lines 2503--2503
[]|[] 
[23]
Overfull \hbox (31.4247pt too wide) in paragraph at lines 2540--2540
[]|[] 

Overfull \hbox (26.6997pt too wide) in paragraph at lines 2548--2548
[]|[] 
[24] [25]
Underfull \hbox (badness 10000) in alignment at lines 2674--2684
[] [] []

Underfull \hbox (badness 10000) in alignment at lines 2684--2686
[] [] []

Underfull \hbox (badness 10000) in alignment at lines 2686--2704
[] [] []
[26]
Underfull \hbox (badness 10000) in alignment at lines 2739--2749
[] [] []

Underfull \hbox (badness 10000) in alignment at lines 2749--2751
[] [] []

Overfull \hbox (46.92517pt too wide) in paragraph at lines 2782--2783
[][] 

Overfull \hbox (28.0252pt too wide) in paragraph at lines 2816--2817
[][] 

Overfull \hbox (42.20018pt too wide) in paragraph at lines 2819--2820
[][] 

Overfull \hbox (9.12524pt too wide) in paragraph at lines 2822--2823
[][] 

Overfull \hbox (9.12524pt too wide) in paragraph at lines 2825--2826
[][] 

Overfull \hbox (42.20018pt too wide) in paragraph at lines 2865--2866
[][] 

Overfull \hbox (18.57523pt too wide) in paragraph at lines 2868--2869
[][] 

Overfull \hbox (18.57523pt too wide) in paragraph at lines 2871--2872
[][] 

Overfull \hbox (32.7502pt too wide) in paragraph at lines 2874--2875
[][] 

Underfull \hbox (badness 10000) in alignment at lines 2751--2891
[] [] []
[27] [28] [29]
(/var/www/clients/client1/web3/web/research-review-en/research/deposit/build/ma
nuscript-peer-review-ieee.aux) )
(see the transcript file for additional information)</usr/share/texmf/fonts/typ
e1/public/lm/lmbx12.pfb></usr/share/texmf/fonts/type1/public/lm/lmbx9.pfb></usr
/share/texmf/fonts/type1/public/lm/lmbxi10.pfb></usr/share/texmf/fonts/type1/pu
blic/lm/lmcsc10.pfb></usr/share/texmf/fonts/type1/public/lm/lmex10.pfb></usr/sh
are/texmf/fonts/type1/public/lm/lmmi12.pfb></usr/share/texmf/fonts/type1/public
/lm/lmmi6.pfb></usr/share/texmf/fonts/type1/public/lm/lmmi8.pfb></usr/share/tex
mf/fonts/type1/public/lm/lmmi9.pfb></usr/share/texmf/fonts/type1/public/lm/lmr1
2.pfb></usr/share/texmf/fonts/type1/public/lm/lmr17.pfb></usr/share/texmf/fonts
/type1/public/lm/lmr6.pfb></usr/share/texmf/fonts/type1/public/lm/lmr8.pfb></us
r/share/texmf/fonts/type1/public/lm/lmr9.pfb></usr/share/texmf/fonts/type1/publ
ic/lm/lmri12.pfb></usr/share/texmf/fonts/type1/public/lm/lmsy10.pfb></usr/share
/texmf/fonts/type1/public/lm/lmsy6.pfb></usr/share/texmf/fonts/type1/public/lm/
lmsy8.pfb></usr/share/texmf/fonts/type1/public/lm/lmsy9.pfb></usr/share/texmf/f
onts/type1/public/lm/lmtk10.pfb></usr/share/texmf/fonts/type1/public/lm/lmtt12.
pfb></usr/share/texmf/fonts/type1/public/lm/lmtt9.pfb></usr/share/texmf/fonts/t
ype1/public/lm/lmtti10.pfb>
Output written on /var/www/clients/client1/web3/web/research-review-en/research
/deposit/build/manuscript-peer-review-ieee.pdf (30 pages, 757246 bytes).
Transcript written on /var/www/clients/client1/web3/web/research-review-en/rese
arch/deposit/build/manuscript-peer-review-ieee.log.
This is pdfTeX, Version 3.141592653-2.6-1.40.25 (TeX Live 2023/Debian) (preloaded format=pdflatex)
 restricted \write18 enabled.
entering extended mode

(/var/www/clients/client1/web3/web/research-review-en/research/deposit/build/ma
nuscript-peer-review-ieee.tex
LaTeX2e <2023-11-01> patch level 1
L3 programming layer <2024-01-22>

(/var/www/clients/client1/web3/web/research-review-en/research/latex/vendor/IEE
Etran/IEEEtran.cls
Document Class: IEEEtran 2015/08/26 V1.8b by Michael Shell
-- See the "IEEEtran_HOWTO" manual for usage information.
-- http://www.michaelshell.org/tex/ieeetran/
(/usr/share/texlive/texmf-dist/tex/latex/psnfss/ot1ptm.fd)
** ATTENTION: Single column mode is not typically used with IEEE publications.
-- Using 8.5in x 11in (letter) paper.
-- Using PDF output.
-- This is an 11 point document.
) (/usr/share/texlive/texmf-dist/tex/latex/amsmath/amsmath.sty
For additional information on amsmath, use the `?' option.
(/usr/share/texlive/texmf-dist/tex/latex/amsmath/amstext.sty
(/usr/share/texlive/texmf-dist/tex/latex/amsmath/amsgen.sty))
(/usr/share/texlive/texmf-dist/tex/latex/amsmath/amsbsy.sty)
(/usr/share/texlive/texmf-dist/tex/latex/amsmath/amsopn.sty))
(/usr/share/texlive/texmf-dist/tex/latex/amsfonts/amssymb.sty
(/usr/share/texlive/texmf-dist/tex/latex/amsfonts/amsfonts.sty))
(/usr/share/texlive/texmf-dist/tex/generic/iftex/iftex.sty)
(/usr/share/texlive/texmf-dist/tex/latex/base/fontenc.sty
(/usr/share/texlive/texmf-dist/tex/latex/psnfss/t1ptm.fd))
(/usr/share/texlive/texmf-dist/tex/latex/base/inputenc.sty)
(/usr/share/texlive/texmf-dist/tex/latex/base/textcomp.sty)
(/usr/share/texmf/tex/latex/lm/lmodern.sty)
(/usr/share/texlive/texmf-dist/tex/latex/upquote/upquote.sty)
(/usr/share/texlive/texmf-dist/tex/latex/microtype/microtype.sty
(/usr/share/texlive/texmf-dist/tex/latex/graphics/keyval.sty)
(/usr/share/texlive/texmf-dist/tex/latex/etoolbox/etoolbox.sty)
(/usr/share/texlive/texmf-dist/tex/latex/microtype/microtype-pdftex.def)
(/usr/share/texlive/texmf-dist/tex/latex/microtype/microtype.cfg))
(/usr/share/texlive/texmf-dist/tex/latex/parskip/parskip.sty
(/usr/share/texlive/texmf-dist/tex/latex/kvoptions/kvoptions.sty
(/usr/share/texlive/texmf-dist/tex/generic/ltxcmds/ltxcmds.sty)
(/usr/share/texlive/texmf-dist/tex/latex/kvsetkeys/kvsetkeys.sty)))
(/usr/share/texlive/texmf-dist/tex/latex/xcolor/xcolor.sty
(/usr/share/texlive/texmf-dist/tex/latex/graphics-cfg/color.cfg)
(/usr/share/texlive/texmf-dist/tex/latex/graphics-def/pdftex.def)
(/usr/share/texlive/texmf-dist/tex/latex/graphics/mathcolor.ltx))
(/usr/share/texlive/texmf-dist/tex/latex/listings/listings.sty
(/usr/share/texlive/texmf-dist/tex/latex/listings/lstmisc.sty)
(/usr/share/texlive/texmf-dist/tex/latex/listings/listings.cfg))
(/usr/share/texlive/texmf-dist/tex/latex/tools/longtable.sty)
(/usr/share/texlive/texmf-dist/tex/latex/booktabs/booktabs.sty)
(/usr/share/texlive/texmf-dist/tex/latex/tools/array.sty)
(/usr/share/texlive/texmf-dist/tex/latex/tools/calc.sty)
(/usr/share/texlive/texmf-dist/tex/latex/footnotehyper/footnotehyper.sty)
(/usr/share/texlive/texmf-dist/tex/latex/graphics/graphicx.sty
(/usr/share/texlive/texmf-dist/tex/latex/graphics/graphics.sty
(/usr/share/texlive/texmf-dist/tex/latex/graphics/trig.sty)
(/usr/share/texlive/texmf-dist/tex/latex/graphics-cfg/graphics.cfg)))
(/usr/share/texlive/texmf-dist/tex/latex/base/fontenc.sty
(/usr/share/texmf/tex/latex/lm/t1lmr.fd))
(/usr/share/texlive/texmf-dist/tex/latex/listingsutf8/listingsutf8.sty
(/usr/share/texlive/texmf-dist/tex/generic/pdftexcmds/pdftexcmds.sty
(/usr/share/texlive/texmf-dist/tex/generic/infwarerr/infwarerr.sty))
(/usr/share/texlive/texmf-dist/tex/generic/stringenc/stringenc.sty
(/usr/share/texlive/texmf-dist/tex/generic/pdfescape/pdfescape.sty)))
(/usr/share/texlive/texmf-dist/tex/latex/xurl/xurl.sty
(/usr/share/texlive/texmf-dist/tex/latex/url/url.sty))
(/usr/share/texlive/texmf-dist/tex/latex/adjustbox/adjustbox.sty
(/usr/share/texlive/texmf-dist/tex/latex/xkeyval/xkeyval.sty
(/usr/share/texlive/texmf-dist/tex/generic/xkeyval/xkeyval.tex
(/usr/share/texlive/texmf-dist/tex/generic/xkeyval/xkvutils.tex)))
(/usr/share/texlive/texmf-dist/tex/latex/adjustbox/adjcalc.sty)
(/usr/share/texlive/texmf-dist/tex/latex/adjustbox/trimclip.sty
(/usr/share/texlive/texmf-dist/tex/latex/collectbox/collectbox.sty)
(/usr/share/texlive/texmf-dist/tex/latex/adjustbox/tc-pdftex.def))
(/usr/share/texlive/texmf-dist/tex/latex/ifoddpage/ifoddpage.sty)
(/usr/share/texlive/texmf-dist/tex/latex/varwidth/varwidth.sty))
(/usr/share/texlive/texmf-dist/tex/latex/pdflscape/pdflscape.sty
(/usr/share/texlive/texmf-dist/tex/latex/pdflscape/pdflscape-nometadata.sty
(/usr/share/texlive/texmf-dist/tex/latex/graphics/lscape.sty)))
(/usr/share/texlive/texmf-dist/tex/latex/tools/tabularx.sty)
(/usr/share/texlive/texmf-dist/tex/latex/ragged2e/ragged2e.sty)
(/usr/share/texlive/texmf-dist/tex/latex/seqsplit/seqsplit.sty)
(/usr/share/texlive/texmf-dist/tex/latex/bookmark/bookmark.sty
(/usr/share/texlive/texmf-dist/tex/latex/hyperref/hyperref.sty
(/usr/share/texlive/texmf-dist/tex/generic/kvdefinekeys/kvdefinekeys.sty)
(/usr/share/texlive/texmf-dist/tex/latex/hycolor/hycolor.sty)
(/usr/share/texlive/texmf-dist/tex/latex/auxhook/auxhook.sty)
(/usr/share/texlive/texmf-dist/tex/latex/hyperref/nameref.sty
(/usr/share/texlive/texmf-dist/tex/latex/refcount/refcount.sty)
(/usr/share/texlive/texmf-dist/tex/generic/gettitlestring/gettitlestring.sty))
(/usr/share/texlive/texmf-dist/tex/latex/hyperref/pd1enc.def)
(/usr/share/texlive/texmf-dist/tex/generic/intcalc/intcalc.sty)
(/usr/share/texlive/texmf-dist/tex/latex/hyperref/puenc.def)
(/usr/share/texlive/texmf-dist/tex/generic/bitset/bitset.sty
(/usr/share/texlive/texmf-dist/tex/generic/bigintcalc/bigintcalc.sty))
(/usr/share/texlive/texmf-dist/tex/latex/base/atbegshi-ltx.sty))
(/usr/share/texlive/texmf-dist/tex/latex/hyperref/hpdftex.def
(/usr/share/texlive/texmf-dist/tex/latex/base/atveryend-ltx.sty)
(/usr/share/texlive/texmf-dist/tex/latex/rerunfilecheck/rerunfilecheck.sty
(/usr/share/texlive/texmf-dist/tex/generic/uniquecounter/uniquecounter.sty)))
(/usr/share/texlive/texmf-dist/tex/latex/bookmark/bkm-pdftex.def))
(/usr/share/texlive/texmf-dist/tex/latex/l3backend/l3backend-pdftex.def)
(/var/www/clients/client1/web3/web/research-review-en/research/deposit/build/ma
nuscript-peer-review-ieee.aux)
-- Lines per column: 52 (exact).
(/usr/share/texlive/texmf-dist/tex/latex/microtype/mt-cmr.cfg)
(/usr/share/texlive/texmf-dist/tex/context/base/mkii/supp-pdf.mkii
[Loading MPS to PDF converter (version 2006.09.02).]
) (/usr/share/texlive/texmf-dist/tex/latex/epstopdf-pkg/epstopdf-base.sty
(/usr/share/texlive/texmf-dist/tex/latex/latexconfig/epstopdf-sys.cfg))
(/usr/share/texmf/tex/latex/lm/ts1lmr.fd)
(/usr/share/texmf/tex/latex/lm/t1lmtt.fd)
(/usr/share/texmf/tex/latex/lm/ot1lmr.fd)
(/usr/share/texmf/tex/latex/lm/omllmm.fd)
(/usr/share/texmf/tex/latex/lm/omslmsy.fd)
(/usr/share/texmf/tex/latex/lm/omxlmex.fd)
(/usr/share/texlive/texmf-dist/tex/latex/amsfonts/umsa.fd)
(/usr/share/texlive/texmf-dist/tex/latex/microtype/mt-msa.cfg)
(/usr/share/texlive/texmf-dist/tex/latex/amsfonts/umsb.fd)
(/usr/share/texlive/texmf-dist/tex/latex/microtype/mt-msb.cfg) [0{/var/lib/texm
f/fonts/map/pdftex/updmap/pdftex.map}{/usr/share/texmf/fonts/enc/dvips/lm/lm-ec
.enc}{/usr/share/texmf/fonts/enc/dvips/lm/lm-ts1.enc}{/usr/share/texmf/fonts/en
c/dvips/lm/lm-rm.enc}{/usr/share/texmf/fonts/enc/dvips/lm/lm-mathit.enc}]
[1] [2 <./research/peer-review/figures-png/fig01-paradigm-shift.png> <./researc
h/peer-review/figures-png/fig06-benchmark-freshness.png>]
Underfull \hbox (badness 10000) in paragraph at lines 471--477


Underfull \hbox (badness 10000) in paragraph at lines 477--480

[3{/usr/share/texmf/fonts/enc/dvips/lm/lm-mathsy.enc} <./research/peer-review/f
igures-png/fig02-system-architecture.png>]
Underfull \hbox (badness 2213) in paragraph at lines 516--520
[]\T1/lmr/m/n/11 (+20) Let $[][] \OT1/lmr/m/n/11 (+20) = []([]\OML/lmm/m/it/11 
; \OT1/lmr/m/n/11 (+20) 0\OML/lmm/m/it/11 ; \OT1/lmr/m/n/11 (+20) 100)$\T1/lmr/
m/n/11 (+20) . With di-rec-tion flag ``higher raw is worse'', $[][] \OT1/lmr/m/
n/11 (+20) =
[4{/usr/share/texmf/fonts/enc/dvips/lm/lm-mathex.enc}]
(/usr/share/texmf/tex/latex/lm/ts1lmtt.fd) [5]
Underfull \hbox (badness 10000) in paragraph at lines 710--718
\T1/lmr/m/n/11 (+20) to the Layer[]4 keys $[]$, $[]$,
[6 <./research/peer-review/figures-png/fig03-nfsi-layers.png>]
Underfull \hbox (badness 10000) in alignment at lines 778--788
[] [] []

Underfull \hbox (badness 10000) in alignment at lines 788--790
[] [] []

Underfull \hbox (badness 10000) in alignment at lines 790--797
[] [] []
[7 <./research/peer-review/figures-png/fig05-stress-fault-tree.png>]
Underfull \hbox (badness 10000) in paragraph at lines 962--966
[][][][][][][][][][][][][][][][][][][][][][][][][][][][][][][][][][][][][][][][
][][][][][][]\T1/lmr/m/n/11 (+20) )
[8]
Underfull \hbox (badness 10000) in alignment at lines 976--986
[] [] []

Underfull \hbox (badness 10000) in alignment at lines 986--988
[] [] []

Underfull \hbox (badness 10000) in alignment at lines 988--1007
[] [] []

Overfull \hbox (6.3263pt too wide) in alignment at lines 1051--1054
[] [] [] [] [] []

Underfull \hbox (badness 10000) in paragraph at lines 1055--1055
[]|\T1/lmr/m/n/9 (+20) ACLED-style event fields

Underfull \hbox (badness 10000) in paragraph at lines 1055--1055
\T1/lmr/m/n/9 (+20) (\T1/lmtt/m/n/9 fatalities \T1/lmr/m/n/9 (+20) + event-type


Underfull \hbox (badness 2042) in paragraph at lines 1055--1056
[]|\T1/lmr/m/n/9 (+20) ACLED / fil-tered, ag-gre-

Underfull \hbox (badness 10000) in paragraph at lines 1056--1056
[]|\T1/lmr/m/n/9 (+20) ACLED-style event fields

Underfull \hbox (badness 10000) in paragraph at lines 1056--1056
\T1/lmr/m/n/9 (+20) (\T1/lmtt/m/n/9 fatalities \T1/lmr/m/n/9 (+20) + event-type


Underfull \hbox (badness 2042) in paragraph at lines 1056--1057
[]|\T1/lmr/m/n/9 (+20) ACLED / fil-tered, ag-gre-

Underfull \hbox (badness 2689) in paragraph at lines 1061--1062
[]|\T1/lmr/m/n/9 (+20) Cloudflare Terms of Use;

Underfull \hbox (badness 2689) in paragraph at lines 1063--1064
[]|\T1/lmr/m/n/9 (+20) Cloudflare Terms of Use;

Underfull \hbox (badness 2818) in paragraph at lines 1067--1067
[]|\T1/lmtt/m/n/9 value \T1/lmr/m/n/9 (+20) field for WB in-di-ca-tor

Underfull \hbox (badness 2818) in paragraph at lines 1068--1068
[]|\T1/lmtt/m/n/9 value \T1/lmr/m/n/9 (+20) field for WB in-di-ca-tor

Underfull \hbox (badness 2818) in paragraph at lines 1069--1069
[]|\T1/lmtt/m/n/9 value \T1/lmr/m/n/9 (+20) field for WB in-di-ca-tor

Underfull \hbox (badness 2818) in paragraph at lines 1070--1070
[]|\T1/lmtt/m/n/9 value \T1/lmr/m/n/9 (+20) field for WB in-di-ca-tor

Underfull \hbox (badness 2818) in paragraph at lines 1073--1073
[]|\T1/lmtt/m/n/9 value \T1/lmr/m/n/9 (+20) field for WB in-di-ca-tor

Underfull \hbox (badness 2818) in paragraph at lines 1074--1074
[]|\T1/lmtt/m/n/9 value \T1/lmr/m/n/9 (+20) field for WB in-di-ca-tor

Underfull \hbox (badness 2818) in paragraph at lines 1075--1075
[]|\T1/lmtt/m/n/9 value \T1/lmr/m/n/9 (+20) field for WB in-di-ca-tor

Underfull \hbox (badness 2818) in paragraph at lines 1076--1076
[]|\T1/lmtt/m/n/9 value \T1/lmr/m/n/9 (+20) field for WB in-di-ca-tor

Underfull \hbox (badness 2818) in paragraph at lines 1077--1077
[]|\T1/lmtt/m/n/9 value \T1/lmr/m/n/9 (+20) field for WB in-di-ca-tor

Underfull \hbox (badness 2818) in paragraph at lines 1078--1078
[]|\T1/lmtt/m/n/9 value \T1/lmr/m/n/9 (+20) field for WB in-di-ca-tor

Underfull \hbox (badness 2818) in paragraph at lines 1079--1079
[]|\T1/lmtt/m/n/9 value \T1/lmr/m/n/9 (+20) field for WB in-di-ca-tor

Underfull \hbox (badness 2818) in paragraph at lines 1080--1080
[]|\T1/lmtt/m/n/9 value \T1/lmr/m/n/9 (+20) field for WB in-di-ca-tor

Underfull \hbox (badness 2818) in paragraph at lines 1081--1081
[]|\T1/lmtt/m/n/9 value \T1/lmr/m/n/9 (+20) field for WB in-di-ca-tor

Underfull \hbox (badness 2818) in paragraph at lines 1082--1082
[]|\T1/lmtt/m/n/9 value \T1/lmr/m/n/9 (+20) field for WB in-di-ca-tor

Underfull \hbox (badness 2818) in paragraph at lines 1083--1083
[]|\T1/lmtt/m/n/9 value \T1/lmr/m/n/9 (+20) field for WB in-di-ca-tor

Underfull \hbox (badness 2818) in paragraph at lines 1084--1084
[]|\T1/lmtt/m/n/9 value \T1/lmr/m/n/9 (+20) field for WB in-di-ca-tor

Underfull \hbox (badness 10000) in paragraph at lines 1087--1088
[]|\T1/lmr/m/n/9 (+20) GDACS Terms of Use;

Underfull \hbox (badness 10000) in paragraph at lines 1088--1089
[]|\T1/lmr/m/n/9 (+20) Refer to Source Link;

Underfull \hbox (badness 10000) in paragraph at lines 1089--1090
[]|\T1/lmr/m/n/9 (+20) Refer to Source Link;

Underfull \hbox (badness 10000) in paragraph at lines 1090--1091
[]|\T1/lmr/m/n/9 (+20) Refer to Source Link;

Underfull \hbox (badness 10000) in paragraph at lines 1091--1092
[]|\T1/lmr/m/n/9 (+20) Refer to Source Link;

Underfull \hbox (badness 10000) in paragraph at lines 1092--1093
[]|\T1/lmr/m/n/9 (+20) Refer to Source Link;

Underfull \hbox (badness 10000) in paragraph at lines 1093--1094
[]|\T1/lmr/m/n/9 (+20) Refer to Source Link;

Underfull \hbox (badness 5475) in paragraph at lines 1094--1095
\T1/lmr/m/n/9 (+20) - Pub-lic Do-main (DOJ);

Underfull \hbox (badness 10000) in paragraph at lines 1097--1098
[]|\T1/lmr/m/n/9 (+20) Internal pro-cess-ing for

Underfull \hbox (badness 10000) in paragraph at lines 1097--1098
\T1/lmr/m/n/9 (+20) Na-tion-Files In-tel-li-gence;

Overfull \hbox (2.82463pt too wide) in paragraph at lines 1099--1099
[]|\T1/lmr/m/n/9 (-20) NfRawNewsSignalsEventRisk| 

Underfull \hbox (badness 10000) in paragraph at lines 1102--1103
[]|\T1/lmr/m/n/9 (+20) Refer to Source Link;

Underfull \hbox (badness 10000) in paragraph at lines 1103--1104
[]|\T1/lmr/m/n/9 (+20) Refer to Source Link;

Underfull \hbox (badness 10000) in paragraph at lines 1104--1105
[]|\T1/lmr/m/n/9 (+20) U.S. Gov-ern-ment Work;

Overfull \hbox (39.95456pt too wide) in paragraph at lines 1106--1106
[]|\T1/lmr/m/n/9 (-20) warning,partial_warning,situation_warning| 

Underfull \hbox (badness 10000) in paragraph at lines 1106--1107
[]|\T1/lmr/m/n/9 (+20) Refer to Source Link;

Underfull \hbox (badness 10000) in paragraph at lines 1107--1108
[]|\T1/lmr/m/n/9 (+20) Refer to Source Link;

Underfull \hbox (badness 10000) in paragraph at lines 1109--1110
[]|\T1/lmr/m/n/9 (+20) USGS Pub-lic Do-main;

Underfull \hbox (badness 10000) in paragraph at lines 1110--1111
[]|\T1/lmr/m/n/9 (+20) Refer to repos-i-tory;

Overfull \hbox (6.3263pt too wide) in alignment at lines 1054--1111
[] [] [] [] [] []
[9] [10] [11]
Underfull \hbox (badness 10000) in paragraph at lines 1139--1142


Underfull \hbox (badness 10000) in paragraph at lines 1142--1145

[12]
Overfull \hbox (8.75752pt too wide) in paragraph at lines 1363--1363
[]|[] 
[13]
Underfull \hbox (badness 10000) in alignment at lines 1418--1422
[] [] []

Underfull \hbox (badness 10000) in alignment at lines 1422--1424
[] [] []

Underfull \hbox (badness 10000) in alignment at lines 1424--1427
[] [] []

Underfull \hbox (badness 10000) in alignment at lines 1460--1470
[] [] []

Underfull \hbox (badness 10000) in alignment at lines 1470--1472
[] [] []

Underfull \hbox (badness 10000) in alignment at lines 1472--1479
[] [] []

Underfull \hbox (badness 10000) in alignment at lines 1499--1509
[] [] []

Underfull \hbox (badness 10000) in alignment at lines 1509--1511
[] [] []

Underfull \hbox (badness 10000) in alignment at lines 1511--1518
[] [] []
[14]
Underfull \hbox (badness 10000) in alignment at lines 1538--1552
[] [] [] [] []

Underfull \hbox (badness 10000) in alignment at lines 1552--1554
[] [] [] [] []

Underfull \hbox (badness 10000) in alignment at lines 1554--1570
[] [] [] [] []
[15] [16 <./research/peer-review/figures-png/fig08-sensitivity-mean-abs.png>]
[17] [18] [19] [20] [21] [22]
Overfull \hbox (7.6778pt too wide) in alignment at lines 2364--2367
[] [] [] []

Overfull \hbox (7.6778pt too wide) in alignment at lines 2367--2381
[] [] [] []

Overfull \hbox (7.6778pt too wide) in alignment at lines 2393--2396
[] [] [] []

Overfull \hbox (7.6778pt too wide) in alignment at lines 2396--2417
[] [] [] []
[23]
Overfull \hbox (7.6778pt too wide) in alignment at lines 2429--2432
[] [] [] []

Overfull \hbox (7.6778pt too wide) in alignment at lines 2432--2437
[] [] [] []
[24] [25]
Underfull \hbox (badness 10000) in alignment at lines 2561--2571
[] [] []

Underfull \hbox (badness 10000) in alignment at lines 2571--2573
[] [] []

Underfull \hbox (badness 10000) in alignment at lines 2573--2591
[] [] []
[26]
Underfull \hbox (badness 10000) in alignment at lines 2636--2646
[] [] []

Underfull \hbox (badness 10000) in alignment at lines 2646--2648
[] [] []

Overfull \hbox (46.92517pt too wide) in paragraph at lines 2679--2680
[][] 

Overfull \hbox (28.0252pt too wide) in paragraph at lines 2713--2714
[][] 

Overfull \hbox (42.20018pt too wide) in paragraph at lines 2716--2717
[][] 

Overfull \hbox (9.12524pt too wide) in paragraph at lines 2719--2720
[][] 

Overfull \hbox (9.12524pt too wide) in paragraph at lines 2722--2723
[][] 

Overfull \hbox (42.20018pt too wide) in paragraph at lines 2762--2763
[][] 

Overfull \hbox (18.57523pt too wide) in paragraph at lines 2765--2766
[][] 

Overfull \hbox (18.57523pt too wide) in paragraph at lines 2768--2769
[][] 

Overfull \hbox (32.7502pt too wide) in paragraph at lines 2771--2772
[][] 

Underfull \hbox (badness 10000) in alignment at lines 2648--2788
[] [] []
[27] [28] [29]
(/var/www/clients/client1/web3/web/research-review-en/research/deposit/build/ma
nuscript-peer-review-ieee.aux) )
(see the transcript file for additional information)</usr/share/texmf/fonts/typ
e1/public/lm/lmbx12.pfb></usr/share/texmf/fonts/type1/public/lm/lmbx9.pfb></usr
/share/texmf/fonts/type1/public/lm/lmbxi10.pfb></usr/share/texmf/fonts/type1/pu
blic/lm/lmcsc10.pfb></usr/share/texmf/fonts/type1/public/lm/lmex10.pfb></usr/sh
are/texmf/fonts/type1/public/lm/lmmi12.pfb></usr/share/texmf/fonts/type1/public
/lm/lmmi6.pfb></usr/share/texmf/fonts/type1/public/lm/lmmi8.pfb></usr/share/tex
mf/fonts/type1/public/lm/lmmi9.pfb></usr/share/texmf/fonts/type1/public/lm/lmr1
2.pfb></usr/share/texmf/fonts/type1/public/lm/lmr17.pfb></usr/share/texmf/fonts
/type1/public/lm/lmr6.pfb></usr/share/texmf/fonts/type1/public/lm/lmr8.pfb></us
r/share/texmf/fonts/type1/public/lm/lmr9.pfb></usr/share/texmf/fonts/type1/publ
ic/lm/lmri12.pfb></usr/share/texmf/fonts/type1/public/lm/lmsy10.pfb></usr/share
/texmf/fonts/type1/public/lm/lmsy6.pfb></usr/share/texmf/fonts/type1/public/lm/
lmsy8.pfb></usr/share/texmf/fonts/type1/public/lm/lmsy9.pfb></usr/share/texmf/f
onts/type1/public/lm/lmtk10.pfb></usr/share/texmf/fonts/type1/public/lm/lmtt12.
pfb></usr/share/texmf/fonts/type1/public/lm/lmtt9.pfb></usr/share/texmf/fonts/t
ype1/public/lm/lmtti10.pfb>
Output written on /var/www/clients/client1/web3/web/research-review-en/research
/deposit/build/manuscript-peer-review-ieee.pdf (30 pages, 758293 bytes).
Transcript written on /var/www/clients/client1/web3/web/research-review-en/rese
arch/deposit/build/manuscript-peer-review-ieee.log.
This is pdfTeX, Version 3.141592653-2.6-1.40.25 (TeX Live 2023/Debian) (preloaded format=pdflatex)
 restricted \write18 enabled.
entering extended mode

(/var/www/clients/client1/web3/web/research-review-en/research/deposit/build/ma
nuscript-peer-review-ieee.tex
LaTeX2e <2023-11-01> patch level 1
L3 programming layer <2024-01-22>

(/var/www/clients/client1/web3/web/research-review-en/research/latex/vendor/IEE
Etran/IEEEtran.cls
Document Class: IEEEtran 2015/08/26 V1.8b by Michael Shell
-- See the "IEEEtran_HOWTO" manual for usage information.
-- http://www.michaelshell.org/tex/ieeetran/
(/usr/share/texlive/texmf-dist/tex/latex/psnfss/ot1ptm.fd)
** ATTENTION: Single column mode is not typically used with IEEE publications.
-- Using 8.5in x 11in (letter) paper.
-- Using PDF output.
-- This is an 11 point document.
) (/usr/share/texlive/texmf-dist/tex/latex/amsmath/amsmath.sty
For additional information on amsmath, use the `?' option.
(/usr/share/texlive/texmf-dist/tex/latex/amsmath/amstext.sty
(/usr/share/texlive/texmf-dist/tex/latex/amsmath/amsgen.sty))
(/usr/share/texlive/texmf-dist/tex/latex/amsmath/amsbsy.sty)
(/usr/share/texlive/texmf-dist/tex/latex/amsmath/amsopn.sty))
(/usr/share/texlive/texmf-dist/tex/latex/amsfonts/amssymb.sty
(/usr/share/texlive/texmf-dist/tex/latex/amsfonts/amsfonts.sty))
(/usr/share/texlive/texmf-dist/tex/generic/iftex/iftex.sty)
(/usr/share/texlive/texmf-dist/tex/latex/base/fontenc.sty
(/usr/share/texlive/texmf-dist/tex/latex/psnfss/t1ptm.fd))
(/usr/share/texlive/texmf-dist/tex/latex/base/inputenc.sty)
(/usr/share/texlive/texmf-dist/tex/latex/base/textcomp.sty)
(/usr/share/texmf/tex/latex/lm/lmodern.sty)
(/usr/share/texlive/texmf-dist/tex/latex/upquote/upquote.sty)
(/usr/share/texlive/texmf-dist/tex/latex/microtype/microtype.sty
(/usr/share/texlive/texmf-dist/tex/latex/graphics/keyval.sty)
(/usr/share/texlive/texmf-dist/tex/latex/etoolbox/etoolbox.sty)
(/usr/share/texlive/texmf-dist/tex/latex/microtype/microtype-pdftex.def)
(/usr/share/texlive/texmf-dist/tex/latex/microtype/microtype.cfg))
(/usr/share/texlive/texmf-dist/tex/latex/parskip/parskip.sty
(/usr/share/texlive/texmf-dist/tex/latex/kvoptions/kvoptions.sty
(/usr/share/texlive/texmf-dist/tex/generic/ltxcmds/ltxcmds.sty)
(/usr/share/texlive/texmf-dist/tex/latex/kvsetkeys/kvsetkeys.sty)))
(/usr/share/texlive/texmf-dist/tex/latex/xcolor/xcolor.sty
(/usr/share/texlive/texmf-dist/tex/latex/graphics-cfg/color.cfg)
(/usr/share/texlive/texmf-dist/tex/latex/graphics-def/pdftex.def)
(/usr/share/texlive/texmf-dist/tex/latex/graphics/mathcolor.ltx))
(/usr/share/texlive/texmf-dist/tex/latex/listings/listings.sty
(/usr/share/texlive/texmf-dist/tex/latex/listings/lstmisc.sty)
(/usr/share/texlive/texmf-dist/tex/latex/listings/listings.cfg))
(/usr/share/texlive/texmf-dist/tex/latex/tools/longtable.sty)
(/usr/share/texlive/texmf-dist/tex/latex/booktabs/booktabs.sty)
(/usr/share/texlive/texmf-dist/tex/latex/tools/array.sty)
(/usr/share/texlive/texmf-dist/tex/latex/tools/calc.sty)
(/usr/share/texlive/texmf-dist/tex/latex/footnotehyper/footnotehyper.sty)
(/usr/share/texlive/texmf-dist/tex/latex/graphics/graphicx.sty
(/usr/share/texlive/texmf-dist/tex/latex/graphics/graphics.sty
(/usr/share/texlive/texmf-dist/tex/latex/graphics/trig.sty)
(/usr/share/texlive/texmf-dist/tex/latex/graphics-cfg/graphics.cfg)))
(/usr/share/texlive/texmf-dist/tex/latex/base/fontenc.sty
(/usr/share/texmf/tex/latex/lm/t1lmr.fd))
(/usr/share/texlive/texmf-dist/tex/latex/listingsutf8/listingsutf8.sty
(/usr/share/texlive/texmf-dist/tex/generic/pdftexcmds/pdftexcmds.sty
(/usr/share/texlive/texmf-dist/tex/generic/infwarerr/infwarerr.sty))
(/usr/share/texlive/texmf-dist/tex/generic/stringenc/stringenc.sty
(/usr/share/texlive/texmf-dist/tex/generic/pdfescape/pdfescape.sty)))
(/usr/share/texlive/texmf-dist/tex/latex/xurl/xurl.sty
(/usr/share/texlive/texmf-dist/tex/latex/url/url.sty))
(/usr/share/texlive/texmf-dist/tex/latex/adjustbox/adjustbox.sty
(/usr/share/texlive/texmf-dist/tex/latex/xkeyval/xkeyval.sty
(/usr/share/texlive/texmf-dist/tex/generic/xkeyval/xkeyval.tex
(/usr/share/texlive/texmf-dist/tex/generic/xkeyval/xkvutils.tex)))
(/usr/share/texlive/texmf-dist/tex/latex/adjustbox/adjcalc.sty)
(/usr/share/texlive/texmf-dist/tex/latex/adjustbox/trimclip.sty
(/usr/share/texlive/texmf-dist/tex/latex/collectbox/collectbox.sty)
(/usr/share/texlive/texmf-dist/tex/latex/adjustbox/tc-pdftex.def))
(/usr/share/texlive/texmf-dist/tex/latex/ifoddpage/ifoddpage.sty)
(/usr/share/texlive/texmf-dist/tex/latex/varwidth/varwidth.sty))
(/usr/share/texlive/texmf-dist/tex/latex/pdflscape/pdflscape.sty
(/usr/share/texlive/texmf-dist/tex/latex/pdflscape/pdflscape-nometadata.sty
(/usr/share/texlive/texmf-dist/tex/latex/graphics/lscape.sty)))
(/usr/share/texlive/texmf-dist/tex/latex/tools/tabularx.sty)
(/usr/share/texlive/texmf-dist/tex/latex/ragged2e/ragged2e.sty)
(/usr/share/texlive/texmf-dist/tex/latex/seqsplit/seqsplit.sty)
(/usr/share/texlive/texmf-dist/tex/latex/bookmark/bookmark.sty
(/usr/share/texlive/texmf-dist/tex/latex/hyperref/hyperref.sty
(/usr/share/texlive/texmf-dist/tex/generic/kvdefinekeys/kvdefinekeys.sty)
(/usr/share/texlive/texmf-dist/tex/latex/hycolor/hycolor.sty)
(/usr/share/texlive/texmf-dist/tex/latex/auxhook/auxhook.sty)
(/usr/share/texlive/texmf-dist/tex/latex/hyperref/nameref.sty
(/usr/share/texlive/texmf-dist/tex/latex/refcount/refcount.sty)
(/usr/share/texlive/texmf-dist/tex/generic/gettitlestring/gettitlestring.sty))
(/usr/share/texlive/texmf-dist/tex/latex/hyperref/pd1enc.def)
(/usr/share/texlive/texmf-dist/tex/generic/intcalc/intcalc.sty)
(/usr/share/texlive/texmf-dist/tex/latex/hyperref/puenc.def)
(/usr/share/texlive/texmf-dist/tex/generic/bitset/bitset.sty
(/usr/share/texlive/texmf-dist/tex/generic/bigintcalc/bigintcalc.sty))
(/usr/share/texlive/texmf-dist/tex/latex/base/atbegshi-ltx.sty))
(/usr/share/texlive/texmf-dist/tex/latex/hyperref/hpdftex.def
(/usr/share/texlive/texmf-dist/tex/latex/base/atveryend-ltx.sty)
(/usr/share/texlive/texmf-dist/tex/latex/rerunfilecheck/rerunfilecheck.sty
(/usr/share/texlive/texmf-dist/tex/generic/uniquecounter/uniquecounter.sty)))
(/usr/share/texlive/texmf-dist/tex/latex/bookmark/bkm-pdftex.def))
(/usr/share/texlive/texmf-dist/tex/latex/l3backend/l3backend-pdftex.def)
(/var/www/clients/client1/web3/web/research-review-en/research/deposit/build/ma
nuscript-peer-review-ieee.aux)
-- Lines per column: 52 (exact).
(/usr/share/texlive/texmf-dist/tex/latex/microtype/mt-cmr.cfg)
(/usr/share/texlive/texmf-dist/tex/context/base/mkii/supp-pdf.mkii
[Loading MPS to PDF converter (version 2006.09.02).]
) (/usr/share/texlive/texmf-dist/tex/latex/epstopdf-pkg/epstopdf-base.sty
(/usr/share/texlive/texmf-dist/tex/latex/latexconfig/epstopdf-sys.cfg))
(/usr/share/texmf/tex/latex/lm/ts1lmr.fd)
(/usr/share/texmf/tex/latex/lm/t1lmtt.fd)
(/usr/share/texmf/tex/latex/lm/ot1lmr.fd)
(/usr/share/texmf/tex/latex/lm/omllmm.fd)
(/usr/share/texmf/tex/latex/lm/omslmsy.fd)
(/usr/share/texmf/tex/latex/lm/omxlmex.fd)
(/usr/share/texlive/texmf-dist/tex/latex/amsfonts/umsa.fd)
(/usr/share/texlive/texmf-dist/tex/latex/microtype/mt-msa.cfg)
(/usr/share/texlive/texmf-dist/tex/latex/amsfonts/umsb.fd)
(/usr/share/texlive/texmf-dist/tex/latex/microtype/mt-msb.cfg) [0{/var/lib/texm
f/fonts/map/pdftex/updmap/pdftex.map}{/usr/share/texmf/fonts/enc/dvips/lm/lm-ec
.enc}{/usr/share/texmf/fonts/enc/dvips/lm/lm-ts1.enc}{/usr/share/texmf/fonts/en
c/dvips/lm/lm-rm.enc}{/usr/share/texmf/fonts/enc/dvips/lm/lm-mathit.enc}]
[1] [2 <./research/peer-review/figures-png/fig01-paradigm-shift.png> <./researc
h/peer-review/figures-png/fig06-benchmark-freshness.png>]
Underfull \hbox (badness 10000) in paragraph at lines 471--477


Underfull \hbox (badness 10000) in paragraph at lines 477--480

[3{/usr/share/texmf/fonts/enc/dvips/lm/lm-mathsy.enc} <./research/peer-review/f
igures-png/fig02-system-architecture.png>]
Underfull \hbox (badness 2213) in paragraph at lines 516--520
[]\T1/lmr/m/n/11 (+20) Let $[][] \OT1/lmr/m/n/11 (+20) = []([]\OML/lmm/m/it/11 
; \OT1/lmr/m/n/11 (+20) 0\OML/lmm/m/it/11 ; \OT1/lmr/m/n/11 (+20) 100)$\T1/lmr/
m/n/11 (+20) . With di-rec-tion flag ``higher raw is worse'', $[][] \OT1/lmr/m/
n/11 (+20) =
[4{/usr/share/texmf/fonts/enc/dvips/lm/lm-mathex.enc}]
(/usr/share/texmf/tex/latex/lm/ts1lmtt.fd) [5]
Underfull \hbox (badness 10000) in paragraph at lines 710--718
\T1/lmr/m/n/11 (+20) to the Layer[]4 keys $[]$, $[]$,
[6 <./research/peer-review/figures-png/fig03-nfsi-layers.png>]
Underfull \hbox (badness 10000) in alignment at lines 778--788
[] [] []

Underfull \hbox (badness 10000) in alignment at lines 788--790
[] [] []

Underfull \hbox (badness 10000) in alignment at lines 790--797
[] [] []
[7 <./research/peer-review/figures-png/fig05-stress-fault-tree.png>]
Underfull \hbox (badness 10000) in paragraph at lines 962--966
[][][][][][][][][][][][][][][][][][][][][][][][][][][][][][][][][][][][][][][][
][][][][][][]\T1/lmr/m/n/11 (+20) )
[8]
Underfull \hbox (badness 10000) in alignment at lines 976--986
[] [] []

Underfull \hbox (badness 10000) in alignment at lines 986--988
[] [] []

Underfull \hbox (badness 10000) in alignment at lines 988--1007
[] [] []

Overfull \hbox (6.3263pt too wide) in alignment at lines 1051--1054
[] [] [] [] [] []

Underfull \hbox (badness 10000) in paragraph at lines 1055--1055
[]|\T1/lmr/m/n/9 (+20) ACLED-style event fields

Underfull \hbox (badness 10000) in paragraph at lines 1055--1055
\T1/lmr/m/n/9 (+20) (\T1/lmtt/m/n/9 fatalities \T1/lmr/m/n/9 (+20) + event-type


Underfull \hbox (badness 2042) in paragraph at lines 1055--1056
[]|\T1/lmr/m/n/9 (+20) ACLED / fil-tered, ag-gre-

Underfull \hbox (badness 10000) in paragraph at lines 1056--1056
[]|\T1/lmr/m/n/9 (+20) ACLED-style event fields

Underfull \hbox (badness 10000) in paragraph at lines 1056--1056
\T1/lmr/m/n/9 (+20) (\T1/lmtt/m/n/9 fatalities \T1/lmr/m/n/9 (+20) + event-type


Underfull \hbox (badness 2042) in paragraph at lines 1056--1057
[]|\T1/lmr/m/n/9 (+20) ACLED / fil-tered, ag-gre-

Underfull \hbox (badness 2689) in paragraph at lines 1061--1062
[]|\T1/lmr/m/n/9 (+20) Cloudflare Terms of Use;

Underfull \hbox (badness 2689) in paragraph at lines 1063--1064
[]|\T1/lmr/m/n/9 (+20) Cloudflare Terms of Use;

Underfull \hbox (badness 2818) in paragraph at lines 1067--1067
[]|\T1/lmtt/m/n/9 value \T1/lmr/m/n/9 (+20) field for WB in-di-ca-tor

Underfull \hbox (badness 2818) in paragraph at lines 1068--1068
[]|\T1/lmtt/m/n/9 value \T1/lmr/m/n/9 (+20) field for WB in-di-ca-tor

Underfull \hbox (badness 2818) in paragraph at lines 1069--1069
[]|\T1/lmtt/m/n/9 value \T1/lmr/m/n/9 (+20) field for WB in-di-ca-tor

Underfull \hbox (badness 2818) in paragraph at lines 1070--1070
[]|\T1/lmtt/m/n/9 value \T1/lmr/m/n/9 (+20) field for WB in-di-ca-tor

Underfull \hbox (badness 2818) in paragraph at lines 1073--1073
[]|\T1/lmtt/m/n/9 value \T1/lmr/m/n/9 (+20) field for WB in-di-ca-tor

Underfull \hbox (badness 2818) in paragraph at lines 1074--1074
[]|\T1/lmtt/m/n/9 value \T1/lmr/m/n/9 (+20) field for WB in-di-ca-tor

Underfull \hbox (badness 2818) in paragraph at lines 1075--1075
[]|\T1/lmtt/m/n/9 value \T1/lmr/m/n/9 (+20) field for WB in-di-ca-tor

Underfull \hbox (badness 2818) in paragraph at lines 1076--1076
[]|\T1/lmtt/m/n/9 value \T1/lmr/m/n/9 (+20) field for WB in-di-ca-tor

Underfull \hbox (badness 2818) in paragraph at lines 1077--1077
[]|\T1/lmtt/m/n/9 value \T1/lmr/m/n/9 (+20) field for WB in-di-ca-tor

Underfull \hbox (badness 2818) in paragraph at lines 1078--1078
[]|\T1/lmtt/m/n/9 value \T1/lmr/m/n/9 (+20) field for WB in-di-ca-tor

Underfull \hbox (badness 2818) in paragraph at lines 1079--1079
[]|\T1/lmtt/m/n/9 value \T1/lmr/m/n/9 (+20) field for WB in-di-ca-tor

Underfull \hbox (badness 2818) in paragraph at lines 1080--1080
[]|\T1/lmtt/m/n/9 value \T1/lmr/m/n/9 (+20) field for WB in-di-ca-tor

Underfull \hbox (badness 2818) in paragraph at lines 1081--1081
[]|\T1/lmtt/m/n/9 value \T1/lmr/m/n/9 (+20) field for WB in-di-ca-tor

Underfull \hbox (badness 2818) in paragraph at lines 1082--1082
[]|\T1/lmtt/m/n/9 value \T1/lmr/m/n/9 (+20) field for WB in-di-ca-tor

Underfull \hbox (badness 2818) in paragraph at lines 1083--1083
[]|\T1/lmtt/m/n/9 value \T1/lmr/m/n/9 (+20) field for WB in-di-ca-tor

Underfull \hbox (badness 2818) in paragraph at lines 1084--1084
[]|\T1/lmtt/m/n/9 value \T1/lmr/m/n/9 (+20) field for WB in-di-ca-tor

Underfull \hbox (badness 10000) in paragraph at lines 1087--1088
[]|\T1/lmr/m/n/9 (+20) GDACS Terms of Use;

Underfull \hbox (badness 10000) in paragraph at lines 1088--1089
[]|\T1/lmr/m/n/9 (+20) Refer to Source Link;

Underfull \hbox (badness 10000) in paragraph at lines 1089--1090
[]|\T1/lmr/m/n/9 (+20) Refer to Source Link;

Underfull \hbox (badness 10000) in paragraph at lines 1090--1091
[]|\T1/lmr/m/n/9 (+20) Refer to Source Link;

Underfull \hbox (badness 10000) in paragraph at lines 1091--1092
[]|\T1/lmr/m/n/9 (+20) Refer to Source Link;

Underfull \hbox (badness 10000) in paragraph at lines 1092--1093
[]|\T1/lmr/m/n/9 (+20) Refer to Source Link;

Underfull \hbox (badness 10000) in paragraph at lines 1093--1094
[]|\T1/lmr/m/n/9 (+20) Refer to Source Link;

Underfull \hbox (badness 5475) in paragraph at lines 1094--1095
\T1/lmr/m/n/9 (+20) - Pub-lic Do-main (DOJ);

Underfull \hbox (badness 10000) in paragraph at lines 1097--1098
[]|\T1/lmr/m/n/9 (+20) Internal pro-cess-ing for

Underfull \hbox (badness 10000) in paragraph at lines 1097--1098
\T1/lmr/m/n/9 (+20) Na-tion-Files In-tel-li-gence;

Overfull \hbox (2.82463pt too wide) in paragraph at lines 1099--1099
[]|\T1/lmr/m/n/9 (-20) NfRawNewsSignalsEventRisk| 

Underfull \hbox (badness 10000) in paragraph at lines 1102--1103
[]|\T1/lmr/m/n/9 (+20) Refer to Source Link;

Underfull \hbox (badness 10000) in paragraph at lines 1103--1104
[]|\T1/lmr/m/n/9 (+20) Refer to Source Link;

Underfull \hbox (badness 10000) in paragraph at lines 1104--1105
[]|\T1/lmr/m/n/9 (+20) U.S. Gov-ern-ment Work;

Overfull \hbox (39.95456pt too wide) in paragraph at lines 1106--1106
[]|\T1/lmr/m/n/9 (-20) warning,partial_warning,situation_warning| 

Underfull \hbox (badness 10000) in paragraph at lines 1106--1107
[]|\T1/lmr/m/n/9 (+20) Refer to Source Link;

Underfull \hbox (badness 10000) in paragraph at lines 1107--1108
[]|\T1/lmr/m/n/9 (+20) Refer to Source Link;

Underfull \hbox (badness 10000) in paragraph at lines 1109--1110
[]|\T1/lmr/m/n/9 (+20) USGS Pub-lic Do-main;

Underfull \hbox (badness 10000) in paragraph at lines 1110--1111
[]|\T1/lmr/m/n/9 (+20) Refer to repos-i-tory;

Overfull \hbox (6.3263pt too wide) in alignment at lines 1054--1111
[] [] [] [] [] []
[9] [10] [11]
Underfull \hbox (badness 10000) in paragraph at lines 1139--1142


Underfull \hbox (badness 10000) in paragraph at lines 1142--1145

[12]
Overfull \hbox (8.75752pt too wide) in paragraph at lines 1363--1363
[]|[] 
[13]
Underfull \hbox (badness 10000) in alignment at lines 1418--1422
[] [] []

Underfull \hbox (badness 10000) in alignment at lines 1422--1424
[] [] []

Underfull \hbox (badness 10000) in alignment at lines 1424--1427
[] [] []

Underfull \hbox (badness 10000) in alignment at lines 1460--1470
[] [] []

Underfull \hbox (badness 10000) in alignment at lines 1470--1472
[] [] []

Underfull \hbox (badness 10000) in alignment at lines 1472--1479
[] [] []

Underfull \hbox (badness 10000) in alignment at lines 1499--1509
[] [] []

Underfull \hbox (badness 10000) in alignment at lines 1509--1511
[] [] []

Underfull \hbox (badness 10000) in alignment at lines 1511--1518
[] [] []
[14]
Underfull \hbox (badness 10000) in alignment at lines 1538--1552
[] [] [] [] []

Underfull \hbox (badness 10000) in alignment at lines 1552--1554
[] [] [] [] []

Underfull \hbox (badness 10000) in alignment at lines 1554--1570
[] [] [] [] []
[15] [16 <./research/peer-review/figures-png/fig08-sensitivity-mean-abs.png>]
[17] [18] [19] [20] [21] [22]
Overfull \hbox (7.6778pt too wide) in alignment at lines 2364--2367
[] [] [] []

Overfull \hbox (7.6778pt too wide) in alignment at lines 2367--2381
[] [] [] []

Overfull \hbox (7.6778pt too wide) in alignment at lines 2393--2396
[] [] [] []

Overfull \hbox (7.6778pt too wide) in alignment at lines 2396--2417
[] [] [] []
[23]
Overfull \hbox (7.6778pt too wide) in alignment at lines 2429--2432
[] [] [] []

Overfull \hbox (7.6778pt too wide) in alignment at lines 2432--2437
[] [] [] []
[24] [25]
Underfull \hbox (badness 10000) in alignment at lines 2561--2571
[] [] []

Underfull \hbox (badness 10000) in alignment at lines 2571--2573
[] [] []

Underfull \hbox (badness 10000) in alignment at lines 2573--2591
[] [] []
[26]
Underfull \hbox (badness 10000) in alignment at lines 2626--2636
[] [] []

Underfull \hbox (badness 10000) in alignment at lines 2636--2638
[] [] []

Overfull \hbox (46.92517pt too wide) in paragraph at lines 2669--2670
[][] 

Overfull \hbox (28.0252pt too wide) in paragraph at lines 2703--2704
[][] 

Overfull \hbox (42.20018pt too wide) in paragraph at lines 2706--2707
[][] 

Overfull \hbox (9.12524pt too wide) in paragraph at lines 2709--2710
[][] 

Overfull \hbox (9.12524pt too wide) in paragraph at lines 2712--2713
[][] 

Overfull \hbox (42.20018pt too wide) in paragraph at lines 2752--2753
[][] 

Overfull \hbox (18.57523pt too wide) in paragraph at lines 2755--2756
[][] 

Overfull \hbox (18.57523pt too wide) in paragraph at lines 2758--2759
[][] 

Overfull \hbox (32.7502pt too wide) in paragraph at lines 2761--2762
[][] 

Underfull \hbox (badness 10000) in alignment at lines 2638--2778
[] [] []
[27] [28] [29]
(/var/www/clients/client1/web3/web/research-review-en/research/deposit/build/ma
nuscript-peer-review-ieee.aux) )
(see the transcript file for additional information)</usr/share/texmf/fonts/typ
e1/public/lm/lmbx12.pfb></usr/share/texmf/fonts/type1/public/lm/lmbx9.pfb></usr
/share/texmf/fonts/type1/public/lm/lmbxi10.pfb></usr/share/texmf/fonts/type1/pu
blic/lm/lmcsc10.pfb></usr/share/texmf/fonts/type1/public/lm/lmex10.pfb></usr/sh
are/texmf/fonts/type1/public/lm/lmmi12.pfb></usr/share/texmf/fonts/type1/public
/lm/lmmi6.pfb></usr/share/texmf/fonts/type1/public/lm/lmmi8.pfb></usr/share/tex
mf/fonts/type1/public/lm/lmmi9.pfb></usr/share/texmf/fonts/type1/public/lm/lmr1
2.pfb></usr/share/texmf/fonts/type1/public/lm/lmr17.pfb></usr/share/texmf/fonts
/type1/public/lm/lmr6.pfb></usr/share/texmf/fonts/type1/public/lm/lmr8.pfb></us
r/share/texmf/fonts/type1/public/lm/lmr9.pfb></usr/share/texmf/fonts/type1/publ
ic/lm/lmri12.pfb></usr/share/texmf/fonts/type1/public/lm/lmsy10.pfb></usr/share
/texmf/fonts/type1/public/lm/lmsy6.pfb></usr/share/texmf/fonts/type1/public/lm/
lmsy8.pfb></usr/share/texmf/fonts/type1/public/lm/lmsy9.pfb></usr/share/texmf/f
onts/type1/public/lm/lmtk10.pfb></usr/share/texmf/fonts/type1/public/lm/lmtt12.
pfb></usr/share/texmf/fonts/type1/public/lm/lmtt9.pfb></usr/share/texmf/fonts/t
ype1/public/lm/lmtti10.pfb>
Output written on /var/www/clients/client1/web3/web/research-review-en/research
/deposit/build/manuscript-peer-review-ieee.pdf (30 pages, 758311 bytes).
Transcript written on /var/www/clients/client1/web3/web/research-review-en/rese
arch/deposit/build/manuscript-peer-review-ieee.log.
This is pdfTeX, Version 3.141592653-2.6-1.40.25 (TeX Live 2023/Debian) (preloaded format=pdflatex)
 restricted \write18 enabled.
entering extended mode

(/var/www/clients/client1/web3/web/research-review-en/research/deposit/build/ma
nuscript-peer-review-ieee.tex
LaTeX2e <2023-11-01> patch level 1
L3 programming layer <2024-01-22>

(/var/www/clients/client1/web3/web/research-review-en/research/latex/vendor/IEE
Etran/IEEEtran.cls
Document Class: IEEEtran 2015/08/26 V1.8b by Michael Shell
-- See the "IEEEtran_HOWTO" manual for usage information.
-- http://www.michaelshell.org/tex/ieeetran/
(/usr/share/texlive/texmf-dist/tex/latex/psnfss/ot1ptm.fd)
** ATTENTION: Single column mode is not typically used with IEEE publications.
-- Using 8.5in x 11in (letter) paper.
-- Using PDF output.
-- This is an 11 point document.
) (/usr/share/texlive/texmf-dist/tex/latex/amsmath/amsmath.sty
For additional information on amsmath, use the `?' option.
(/usr/share/texlive/texmf-dist/tex/latex/amsmath/amstext.sty
(/usr/share/texlive/texmf-dist/tex/latex/amsmath/amsgen.sty))
(/usr/share/texlive/texmf-dist/tex/latex/amsmath/amsbsy.sty)
(/usr/share/texlive/texmf-dist/tex/latex/amsmath/amsopn.sty))
(/usr/share/texlive/texmf-dist/tex/latex/amsfonts/amssymb.sty
(/usr/share/texlive/texmf-dist/tex/latex/amsfonts/amsfonts.sty))
(/usr/share/texlive/texmf-dist/tex/generic/iftex/iftex.sty)
(/usr/share/texlive/texmf-dist/tex/latex/base/fontenc.sty
(/usr/share/texlive/texmf-dist/tex/latex/psnfss/t1ptm.fd))
(/usr/share/texlive/texmf-dist/tex/latex/base/inputenc.sty)
(/usr/share/texlive/texmf-dist/tex/latex/base/textcomp.sty)
(/usr/share/texmf/tex/latex/lm/lmodern.sty)
(/usr/share/texlive/texmf-dist/tex/latex/upquote/upquote.sty)
(/usr/share/texlive/texmf-dist/tex/latex/microtype/microtype.sty
(/usr/share/texlive/texmf-dist/tex/latex/graphics/keyval.sty)
(/usr/share/texlive/texmf-dist/tex/latex/etoolbox/etoolbox.sty)
(/usr/share/texlive/texmf-dist/tex/latex/microtype/microtype-pdftex.def)
(/usr/share/texlive/texmf-dist/tex/latex/microtype/microtype.cfg))
(/usr/share/texlive/texmf-dist/tex/latex/parskip/parskip.sty
(/usr/share/texlive/texmf-dist/tex/latex/kvoptions/kvoptions.sty
(/usr/share/texlive/texmf-dist/tex/generic/ltxcmds/ltxcmds.sty)
(/usr/share/texlive/texmf-dist/tex/latex/kvsetkeys/kvsetkeys.sty)))
(/usr/share/texlive/texmf-dist/tex/latex/xcolor/xcolor.sty
(/usr/share/texlive/texmf-dist/tex/latex/graphics-cfg/color.cfg)
(/usr/share/texlive/texmf-dist/tex/latex/graphics-def/pdftex.def)
(/usr/share/texlive/texmf-dist/tex/latex/graphics/mathcolor.ltx))
(/usr/share/texlive/texmf-dist/tex/latex/listings/listings.sty
(/usr/share/texlive/texmf-dist/tex/latex/listings/lstmisc.sty)
(/usr/share/texlive/texmf-dist/tex/latex/listings/listings.cfg))
(/usr/share/texlive/texmf-dist/tex/latex/tools/longtable.sty)
(/usr/share/texlive/texmf-dist/tex/latex/booktabs/booktabs.sty)
(/usr/share/texlive/texmf-dist/tex/latex/tools/array.sty)
(/usr/share/texlive/texmf-dist/tex/latex/tools/calc.sty)
(/usr/share/texlive/texmf-dist/tex/latex/footnotehyper/footnotehyper.sty)
(/usr/share/texlive/texmf-dist/tex/latex/graphics/graphicx.sty
(/usr/share/texlive/texmf-dist/tex/latex/graphics/graphics.sty
(/usr/share/texlive/texmf-dist/tex/latex/graphics/trig.sty)
(/usr/share/texlive/texmf-dist/tex/latex/graphics-cfg/graphics.cfg)))
(/usr/share/texlive/texmf-dist/tex/latex/base/fontenc.sty
(/usr/share/texmf/tex/latex/lm/t1lmr.fd))
(/usr/share/texlive/texmf-dist/tex/latex/listingsutf8/listingsutf8.sty
(/usr/share/texlive/texmf-dist/tex/generic/pdftexcmds/pdftexcmds.sty
(/usr/share/texlive/texmf-dist/tex/generic/infwarerr/infwarerr.sty))
(/usr/share/texlive/texmf-dist/tex/generic/stringenc/stringenc.sty
(/usr/share/texlive/texmf-dist/tex/generic/pdfescape/pdfescape.sty)))
(/usr/share/texlive/texmf-dist/tex/latex/xurl/xurl.sty
(/usr/share/texlive/texmf-dist/tex/latex/url/url.sty))
(/usr/share/texlive/texmf-dist/tex/latex/adjustbox/adjustbox.sty
(/usr/share/texlive/texmf-dist/tex/latex/xkeyval/xkeyval.sty
(/usr/share/texlive/texmf-dist/tex/generic/xkeyval/xkeyval.tex
(/usr/share/texlive/texmf-dist/tex/generic/xkeyval/xkvutils.tex)))
(/usr/share/texlive/texmf-dist/tex/latex/adjustbox/adjcalc.sty)
(/usr/share/texlive/texmf-dist/tex/latex/adjustbox/trimclip.sty
(/usr/share/texlive/texmf-dist/tex/latex/collectbox/collectbox.sty)
(/usr/share/texlive/texmf-dist/tex/latex/adjustbox/tc-pdftex.def))
(/usr/share/texlive/texmf-dist/tex/latex/ifoddpage/ifoddpage.sty)
(/usr/share/texlive/texmf-dist/tex/latex/varwidth/varwidth.sty))
(/usr/share/texlive/texmf-dist/tex/latex/pdflscape/pdflscape.sty
(/usr/share/texlive/texmf-dist/tex/latex/pdflscape/pdflscape-nometadata.sty
(/usr/share/texlive/texmf-dist/tex/latex/graphics/lscape.sty)))
(/usr/share/texlive/texmf-dist/tex/latex/tools/tabularx.sty)
(/usr/share/texlive/texmf-dist/tex/latex/ragged2e/ragged2e.sty)
(/usr/share/texlive/texmf-dist/tex/latex/seqsplit/seqsplit.sty)
(/usr/share/texlive/texmf-dist/tex/latex/bookmark/bookmark.sty
(/usr/share/texlive/texmf-dist/tex/latex/hyperref/hyperref.sty
(/usr/share/texlive/texmf-dist/tex/generic/kvdefinekeys/kvdefinekeys.sty)
(/usr/share/texlive/texmf-dist/tex/latex/hycolor/hycolor.sty)
(/usr/share/texlive/texmf-dist/tex/latex/auxhook/auxhook.sty)
(/usr/share/texlive/texmf-dist/tex/latex/hyperref/nameref.sty
(/usr/share/texlive/texmf-dist/tex/latex/refcount/refcount.sty)
(/usr/share/texlive/texmf-dist/tex/generic/gettitlestring/gettitlestring.sty))
(/usr/share/texlive/texmf-dist/tex/latex/hyperref/pd1enc.def)
(/usr/share/texlive/texmf-dist/tex/generic/intcalc/intcalc.sty)
(/usr/share/texlive/texmf-dist/tex/latex/hyperref/puenc.def)
(/usr/share/texlive/texmf-dist/tex/generic/bitset/bitset.sty
(/usr/share/texlive/texmf-dist/tex/generic/bigintcalc/bigintcalc.sty))
(/usr/share/texlive/texmf-dist/tex/latex/base/atbegshi-ltx.sty))
(/usr/share/texlive/texmf-dist/tex/latex/hyperref/hpdftex.def
(/usr/share/texlive/texmf-dist/tex/latex/base/atveryend-ltx.sty)
(/usr/share/texlive/texmf-dist/tex/latex/rerunfilecheck/rerunfilecheck.sty
(/usr/share/texlive/texmf-dist/tex/generic/uniquecounter/uniquecounter.sty)))
(/usr/share/texlive/texmf-dist/tex/latex/bookmark/bkm-pdftex.def))
(/usr/share/texlive/texmf-dist/tex/latex/l3backend/l3backend-pdftex.def)
(/var/www/clients/client1/web3/web/research-review-en/research/deposit/build/ma
nuscript-peer-review-ieee.aux)
-- Lines per column: 52 (exact).
(/usr/share/texlive/texmf-dist/tex/latex/microtype/mt-cmr.cfg)
(/usr/share/texlive/texmf-dist/tex/context/base/mkii/supp-pdf.mkii
[Loading MPS to PDF converter (version 2006.09.02).]
) (/usr/share/texlive/texmf-dist/tex/latex/epstopdf-pkg/epstopdf-base.sty
(/usr/share/texlive/texmf-dist/tex/latex/latexconfig/epstopdf-sys.cfg))
(/usr/share/texmf/tex/latex/lm/ts1lmr.fd)
(/usr/share/texmf/tex/latex/lm/t1lmtt.fd)
(/usr/share/texmf/tex/latex/lm/ot1lmr.fd)
(/usr/share/texmf/tex/latex/lm/omllmm.fd)
(/usr/share/texmf/tex/latex/lm/omslmsy.fd)
(/usr/share/texmf/tex/latex/lm/omxlmex.fd)
(/usr/share/texlive/texmf-dist/tex/latex/amsfonts/umsa.fd)
(/usr/share/texlive/texmf-dist/tex/latex/microtype/mt-msa.cfg)
(/usr/share/texlive/texmf-dist/tex/latex/amsfonts/umsb.fd)
(/usr/share/texlive/texmf-dist/tex/latex/microtype/mt-msb.cfg) [0{/var/lib/texm
f/fonts/map/pdftex/updmap/pdftex.map}{/usr/share/texmf/fonts/enc/dvips/lm/lm-ec
.enc}{/usr/share/texmf/fonts/enc/dvips/lm/lm-ts1.enc}{/usr/share/texmf/fonts/en
c/dvips/lm/lm-rm.enc}{/usr/share/texmf/fonts/enc/dvips/lm/lm-mathit.enc}]
[1] [2 <./research/peer-review/figures-png/fig01-paradigm-shift.png> <./researc
h/peer-review/figures-png/fig06-benchmark-freshness.png>]
Underfull \hbox (badness 10000) in paragraph at lines 471--477


Underfull \hbox (badness 10000) in paragraph at lines 477--480

[3{/usr/share/texmf/fonts/enc/dvips/lm/lm-mathsy.enc} <./research/peer-review/f
igures-png/fig02-system-architecture.png>]
Underfull \hbox (badness 2213) in paragraph at lines 516--520
[]\T1/lmr/m/n/11 (+20) Let $[][] \OT1/lmr/m/n/11 (+20) = []([]\OML/lmm/m/it/11 
; \OT1/lmr/m/n/11 (+20) 0\OML/lmm/m/it/11 ; \OT1/lmr/m/n/11 (+20) 100)$\T1/lmr/
m/n/11 (+20) . With di-rec-tion flag ``higher raw is worse'', $[][] \OT1/lmr/m/
n/11 (+20) =
[4{/usr/share/texmf/fonts/enc/dvips/lm/lm-mathex.enc}]
(/usr/share/texmf/tex/latex/lm/ts1lmtt.fd) [5]
Underfull \hbox (badness 10000) in paragraph at lines 710--718
\T1/lmr/m/n/11 (+20) to the Layer[]4 keys $[]$, $[]$,
[6 <./research/peer-review/figures-png/fig03-nfsi-layers.png>]
Underfull \hbox (badness 10000) in alignment at lines 778--788
[] [] []

Underfull \hbox (badness 10000) in alignment at lines 788--790
[] [] []

Underfull \hbox (badness 10000) in alignment at lines 790--797
[] [] []
[7 <./research/peer-review/figures-png/fig05-stress-fault-tree.png>]
Underfull \hbox (badness 10000) in paragraph at lines 962--966
[][][][][][][][][][][][][][][][][][][][][][][][][][][][][][][][][][][][][][][][
][][][][][][]\T1/lmr/m/n/11 (+20) )
[8]
Underfull \hbox (badness 10000) in alignment at lines 976--986
[] [] []

Underfull \hbox (badness 10000) in alignment at lines 986--988
[] [] []

Underfull \hbox (badness 10000) in alignment at lines 988--1007
[] [] []

Overfull \hbox (6.3263pt too wide) in alignment at lines 1051--1054
[] [] [] [] [] []

Underfull \hbox (badness 10000) in paragraph at lines 1055--1055
[]|\T1/lmr/m/n/9 (+20) ACLED-style event fields

Underfull \hbox (badness 10000) in paragraph at lines 1055--1055
\T1/lmr/m/n/9 (+20) (\T1/lmtt/m/n/9 fatalities \T1/lmr/m/n/9 (+20) + event-type


Underfull \hbox (badness 2042) in paragraph at lines 1055--1056
[]|\T1/lmr/m/n/9 (+20) ACLED / fil-tered, ag-gre-

Underfull \hbox (badness 10000) in paragraph at lines 1056--1056
[]|\T1/lmr/m/n/9 (+20) ACLED-style event fields

Underfull \hbox (badness 10000) in paragraph at lines 1056--1056
\T1/lmr/m/n/9 (+20) (\T1/lmtt/m/n/9 fatalities \T1/lmr/m/n/9 (+20) + event-type


Underfull \hbox (badness 2042) in paragraph at lines 1056--1057
[]|\T1/lmr/m/n/9 (+20) ACLED / fil-tered, ag-gre-

Underfull \hbox (badness 2689) in paragraph at lines 1061--1062
[]|\T1/lmr/m/n/9 (+20) Cloudflare Terms of Use;

Underfull \hbox (badness 2689) in paragraph at lines 1063--1064
[]|\T1/lmr/m/n/9 (+20) Cloudflare Terms of Use;

Underfull \hbox (badness 2818) in paragraph at lines 1067--1067
[]|\T1/lmtt/m/n/9 value \T1/lmr/m/n/9 (+20) field for WB in-di-ca-tor

Underfull \hbox (badness 2818) in paragraph at lines 1068--1068
[]|\T1/lmtt/m/n/9 value \T1/lmr/m/n/9 (+20) field for WB in-di-ca-tor

Underfull \hbox (badness 2818) in paragraph at lines 1069--1069
[]|\T1/lmtt/m/n/9 value \T1/lmr/m/n/9 (+20) field for WB in-di-ca-tor

Underfull \hbox (badness 2818) in paragraph at lines 1070--1070
[]|\T1/lmtt/m/n/9 value \T1/lmr/m/n/9 (+20) field for WB in-di-ca-tor

Underfull \hbox (badness 2818) in paragraph at lines 1073--1073
[]|\T1/lmtt/m/n/9 value \T1/lmr/m/n/9 (+20) field for WB in-di-ca-tor

Underfull \hbox (badness 2818) in paragraph at lines 1074--1074
[]|\T1/lmtt/m/n/9 value \T1/lmr/m/n/9 (+20) field for WB in-di-ca-tor

Underfull \hbox (badness 2818) in paragraph at lines 1075--1075
[]|\T1/lmtt/m/n/9 value \T1/lmr/m/n/9 (+20) field for WB in-di-ca-tor

Underfull \hbox (badness 2818) in paragraph at lines 1076--1076
[]|\T1/lmtt/m/n/9 value \T1/lmr/m/n/9 (+20) field for WB in-di-ca-tor

Underfull \hbox (badness 2818) in paragraph at lines 1077--1077
[]|\T1/lmtt/m/n/9 value \T1/lmr/m/n/9 (+20) field for WB in-di-ca-tor

Underfull \hbox (badness 2818) in paragraph at lines 1078--1078
[]|\T1/lmtt/m/n/9 value \T1/lmr/m/n/9 (+20) field for WB in-di-ca-tor

Underfull \hbox (badness 2818) in paragraph at lines 1079--1079
[]|\T1/lmtt/m/n/9 value \T1/lmr/m/n/9 (+20) field for WB in-di-ca-tor

Underfull \hbox (badness 2818) in paragraph at lines 1080--1080
[]|\T1/lmtt/m/n/9 value \T1/lmr/m/n/9 (+20) field for WB in-di-ca-tor

Underfull \hbox (badness 2818) in paragraph at lines 1081--1081
[]|\T1/lmtt/m/n/9 value \T1/lmr/m/n/9 (+20) field for WB in-di-ca-tor

Underfull \hbox (badness 2818) in paragraph at lines 1082--1082
[]|\T1/lmtt/m/n/9 value \T1/lmr/m/n/9 (+20) field for WB in-di-ca-tor

Underfull \hbox (badness 2818) in paragraph at lines 1083--1083
[]|\T1/lmtt/m/n/9 value \T1/lmr/m/n/9 (+20) field for WB in-di-ca-tor

Underfull \hbox (badness 2818) in paragraph at lines 1084--1084
[]|\T1/lmtt/m/n/9 value \T1/lmr/m/n/9 (+20) field for WB in-di-ca-tor

Underfull \hbox (badness 10000) in paragraph at lines 1087--1088
[]|\T1/lmr/m/n/9 (+20) GDACS Terms of Use;

Underfull \hbox (badness 10000) in paragraph at lines 1088--1089
[]|\T1/lmr/m/n/9 (+20) Refer to Source Link;

Underfull \hbox (badness 10000) in paragraph at lines 1089--1090
[]|\T1/lmr/m/n/9 (+20) Refer to Source Link;

Underfull \hbox (badness 10000) in paragraph at lines 1090--1091
[]|\T1/lmr/m/n/9 (+20) Refer to Source Link;

Underfull \hbox (badness 10000) in paragraph at lines 1091--1092
[]|\T1/lmr/m/n/9 (+20) Refer to Source Link;

Underfull \hbox (badness 10000) in paragraph at lines 1092--1093
[]|\T1/lmr/m/n/9 (+20) Refer to Source Link;

Underfull \hbox (badness 10000) in paragraph at lines 1093--1094
[]|\T1/lmr/m/n/9 (+20) Refer to Source Link;

Underfull \hbox (badness 5475) in paragraph at lines 1094--1095
\T1/lmr/m/n/9 (+20) - Pub-lic Do-main (DOJ);

Underfull \hbox (badness 10000) in paragraph at lines 1097--1098
[]|\T1/lmr/m/n/9 (+20) Internal pro-cess-ing for

Underfull \hbox (badness 10000) in paragraph at lines 1097--1098
\T1/lmr/m/n/9 (+20) Na-tion-Files In-tel-li-gence;

Overfull \hbox (2.82463pt too wide) in paragraph at lines 1099--1099
[]|\T1/lmr/m/n/9 (-20) NfRawNewsSignalsEventRisk| 

Underfull \hbox (badness 10000) in paragraph at lines 1102--1103
[]|\T1/lmr/m/n/9 (+20) Refer to Source Link;

Underfull \hbox (badness 10000) in paragraph at lines 1103--1104
[]|\T1/lmr/m/n/9 (+20) Refer to Source Link;

Underfull \hbox (badness 10000) in paragraph at lines 1104--1105
[]|\T1/lmr/m/n/9 (+20) U.S. Gov-ern-ment Work;

Overfull \hbox (39.95456pt too wide) in paragraph at lines 1106--1106
[]|\T1/lmr/m/n/9 (-20) warning,partial_warning,situation_warning| 

Underfull \hbox (badness 10000) in paragraph at lines 1106--1107
[]|\T1/lmr/m/n/9 (+20) Refer to Source Link;

Underfull \hbox (badness 10000) in paragraph at lines 1107--1108
[]|\T1/lmr/m/n/9 (+20) Refer to Source Link;

Underfull \hbox (badness 10000) in paragraph at lines 1109--1110
[]|\T1/lmr/m/n/9 (+20) USGS Pub-lic Do-main;

Underfull \hbox (badness 10000) in paragraph at lines 1110--1111
[]|\T1/lmr/m/n/9 (+20) Refer to repos-i-tory;

Overfull \hbox (6.3263pt too wide) in alignment at lines 1054--1111
[] [] [] [] [] []
[9] [10] [11]
Underfull \hbox (badness 10000) in paragraph at lines 1139--1142


Underfull \hbox (badness 10000) in paragraph at lines 1142--1145

[12]
Overfull \hbox (8.75752pt too wide) in paragraph at lines 1363--1363
[]|[] 
[13]
Underfull \hbox (badness 10000) in alignment at lines 1418--1422
[] [] []

Underfull \hbox (badness 10000) in alignment at lines 1422--1424
[] [] []

Underfull \hbox (badness 10000) in alignment at lines 1424--1427
[] [] []

Underfull \hbox (badness 10000) in alignment at lines 1460--1470
[] [] []

Underfull \hbox (badness 10000) in alignment at lines 1470--1472
[] [] []

Underfull \hbox (badness 10000) in alignment at lines 1472--1479
[] [] []

Underfull \hbox (badness 10000) in alignment at lines 1499--1509
[] [] []

Underfull \hbox (badness 10000) in alignment at lines 1509--1511
[] [] []

Underfull \hbox (badness 10000) in alignment at lines 1511--1518
[] [] []
[14]
Underfull \hbox (badness 10000) in alignment at lines 1538--1552
[] [] [] [] []

Underfull \hbox (badness 10000) in alignment at lines 1552--1554
[] [] [] [] []

Underfull \hbox (badness 10000) in alignment at lines 1554--1570
[] [] [] [] []
[15] [16 <./research/peer-review/figures-png/fig08-sensitivity-mean-abs.png>]
[17] [18] [19] [20] [21] [22]
Overfull \hbox (7.6778pt too wide) in alignment at lines 2364--2367
[] [] [] []

Overfull \hbox (7.6778pt too wide) in alignment at lines 2367--2381
[] [] [] []

Overfull \hbox (7.6778pt too wide) in alignment at lines 2393--2396
[] [] [] []

Overfull \hbox (7.6778pt too wide) in alignment at lines 2396--2417
[] [] [] []
[23]
Overfull \hbox (7.6778pt too wide) in alignment at lines 2429--2432
[] [] [] []

Overfull \hbox (7.6778pt too wide) in alignment at lines 2432--2437
[] [] [] []
[24] [25]
Underfull \hbox (badness 10000) in alignment at lines 2561--2571
[] [] []

Underfull \hbox (badness 10000) in alignment at lines 2571--2573
[] [] []

Underfull \hbox (badness 10000) in alignment at lines 2573--2591
[] [] []
[26]
Underfull \hbox (badness 10000) in alignment at lines 2626--2636
[] [] []

Underfull \hbox (badness 10000) in alignment at lines 2636--2638
[] [] []

Overfull \hbox (46.92517pt too wide) in paragraph at lines 2669--2670
[][] 

Overfull \hbox (28.0252pt too wide) in paragraph at lines 2703--2704
[][] 

Overfull \hbox (42.20018pt too wide) in paragraph at lines 2706--2707
[][] 

Overfull \hbox (9.12524pt too wide) in paragraph at lines 2709--2710
[][] 

Overfull \hbox (9.12524pt too wide) in paragraph at lines 2712--2713
[][] 

Overfull \hbox (42.20018pt too wide) in paragraph at lines 2752--2753
[][] 

Overfull \hbox (18.57523pt too wide) in paragraph at lines 2755--2756
[][] 

Overfull \hbox (18.57523pt too wide) in paragraph at lines 2758--2759
[][] 

Overfull \hbox (32.7502pt too wide) in paragraph at lines 2761--2762
[][] 

Underfull \hbox (badness 10000) in alignment at lines 2638--2778
[] [] []
[27] [28] [29]
(/var/www/clients/client1/web3/web/research-review-en/research/deposit/build/ma
nuscript-peer-review-ieee.aux) )
(see the transcript file for additional information)</usr/share/texmf/fonts/typ
e1/public/lm/lmbx12.pfb></usr/share/texmf/fonts/type1/public/lm/lmbx9.pfb></usr
/share/texmf/fonts/type1/public/lm/lmbxi10.pfb></usr/share/texmf/fonts/type1/pu
blic/lm/lmcsc10.pfb></usr/share/texmf/fonts/type1/public/lm/lmex10.pfb></usr/sh
are/texmf/fonts/type1/public/lm/lmmi12.pfb></usr/share/texmf/fonts/type1/public
/lm/lmmi6.pfb></usr/share/texmf/fonts/type1/public/lm/lmmi8.pfb></usr/share/tex
mf/fonts/type1/public/lm/lmmi9.pfb></usr/share/texmf/fonts/type1/public/lm/lmr1
2.pfb></usr/share/texmf/fonts/type1/public/lm/lmr17.pfb></usr/share/texmf/fonts
/type1/public/lm/lmr6.pfb></usr/share/texmf/fonts/type1/public/lm/lmr8.pfb></us
r/share/texmf/fonts/type1/public/lm/lmr9.pfb></usr/share/texmf/fonts/type1/publ
ic/lm/lmri12.pfb></usr/share/texmf/fonts/type1/public/lm/lmsy10.pfb></usr/share
/texmf/fonts/type1/public/lm/lmsy6.pfb></usr/share/texmf/fonts/type1/public/lm/
lmsy8.pfb></usr/share/texmf/fonts/type1/public/lm/lmsy9.pfb></usr/share/texmf/f
onts/type1/public/lm/lmtk10.pfb></usr/share/texmf/fonts/type1/public/lm/lmtt12.
pfb></usr/share/texmf/fonts/type1/public/lm/lmtt9.pfb></usr/share/texmf/fonts/t
ype1/public/lm/lmtti10.pfb>
Output written on /var/www/clients/client1/web3/web/research-review-en/research
/deposit/build/manuscript-peer-review-ieee.pdf (30 pages, 759610 bytes).
Transcript written on /var/www/clients/client1/web3/web/research-review-en/rese
arch/deposit/build/manuscript-peer-review-ieee.log.
